valuation_date,trade_id,counterparty,instrument,currency,notional,mtm,pnl
2026-06-24,T100000,CP_009,FX-Swap,USD,2341669.32,1.396827,327.09
2026-06-24,T100001,CP_007,Forward,CHF,1603515.6,0.501461,80.41
2026-06-24,T100002,CP_003,FX-Swap,USD,127925.82,1.112482,14.23
2026-06-24,T100003,CP_010,Forward,EUR,173264.71,1.140117,19.75
2026-06-24,T100004,CP_008,Forward,USD,1600722.59,1.567374,250.89
2026-06-24,T100005,CP_010,Option,JPY,3698911.37,1.120485,414.46
2026-06-24,T100006,CP_006,Spot,USD,2769404.95,0.054502,15.09
2026-06-24,T100007,CP_010,FX-Swap,GBP,3929315.67,0.364273,143.13
2026-06-24,T100008,CP_003,Spot,GBP,3714996.22,0.989887,367.74
2026-06-24,T100009,CP_008,Option,CHF,2332105.07,-0.765239,-178.46
2026-06-24,T100010,CP_004,FX-Swap,CHF,2434805.56,-1.12124,-273.0
2026-06-24,T100011,CP_009,Spot,JPY,383383.95,-2.161711,-82.88
2026-06-24,T100012,CP_008,Forward,CHF,3777516.13,-1.090885,-412.08
2026-06-24,T100013,CP_002,FX-Swap,EUR,2003220.58,-0.977162,-195.75
2026-06-24,T100014,CP_008,Option,JPY,2961182.34,0.687728,203.65
2026-06-24,T100015,CP_005,FX-Swap,GBP,4219210.68,0.68709,289.9
2026-06-24,T100016,CP_005,Forward,USD,2968217.99,1.194675,354.61
2026-06-24,T100017,CP_005,Spot,JPY,4821312.69,-1.657535,-799.15
2026-06-24,T100018,CP_007,Spot,USD,4953291.61,-0.207683,-102.87
2026-06-24,T100019,CP_004,Spot,EUR,1260153.4,-0.32063,-40.4
2026-06-24,T100020,CP_002,Option,EUR,3621733.53,0.945966,342.6
2026-06-24,T100021,CP_004,Option,JPY,2810456.48,0.230744,64.85
2026-06-24,T100022,CP_004,FX-Swap,EUR,3890634.92,-0.573337,-223.06
2026-06-24,T100023,CP_002,Spot,GBP,4856438.24,0.501708,243.65
2026-06-24,T100024,CP_009,FX-Swap,EUR,1833433.44,1.713664,314.19
2026-06-24,T100025,CP_005,Spot,GBP,4579934.3,-0.330764,-151.49
2026-06-24,T100026,CP_007,Spot,JPY,1185343.95,0.509031,60.34
2026-06-24,T100027,CP_010,Option,JPY,3687577.91,0.219928,81.1
2026-06-24,T100028,CP_007,Option,JPY,1352660.0,0.374995,50.72
2026-06-24,T100029,CP_008,FX-Swap,JPY,4183390.97,-0.931292,-389.6
2026-06-24,T100030,CP_007,FX-Swap,GBP,3834935.54,1.337262,512.83
2026-06-24,T100031,CP_006,Spot,USD,2929576.1,0.675368,197.85
2026-06-24,T100032,CP_007,Spot,GBP,4238928.77,-0.260343,-110.36
2026-06-24,T100033,CP_007,Spot,EUR,3400451.21,-1.375911,-467.87
2026-06-24,T100034,CP_002,Forward,EUR,4481770.16,-1.087204,-487.26
2026-06-24,T100035,CP_010,FX-Swap,JPY,4736690.3,-0.201797,-95.59
2026-06-24,T100036,CP_001,Spot,CHF,859562.77,-0.01981,-1.7
2026-06-24,T100037,CP_009,FX-Swap,USD,1293399.88,-0.313638,-40.57
2026-06-24,T100038,CP_010,Option,USD,3408890.22,0.160422,54.69
2026-06-24,T100039,CP_003,Forward,GBP,3542358.85,-0.688818,-244.0
2026-06-24,T100040,CP_005,Forward,EUR,2786347.27,1.013887,282.5
2026-06-24,T100041,CP_001,Forward,USD,2451732.03,0.713,174.81
2026-06-24,T100042,CP_003,Option,GBP,4410927.04,-1.402368,-618.57
2026-06-24,T100043,CP_005,FX-Swap,USD,3496201.55,-0.042161,-14.74
2026-06-24,T100044,CP_006,FX-Swap,CHF,2057268.23,0.010901,2.24
2026-06-24,T100045,CP_008,Option,USD,3139323.88,1.171661,367.82
2026-06-24,T100046,CP_001,Forward,USD,902593.39,-0.670954,-60.56
2026-06-24,T100047,CP_006,Spot,GBP,529566.42,-1.295654,-68.61
2026-06-24,T100048,CP_003,Option,EUR,457960.06,-0.562436,-25.76
2026-06-24,T100049,CP_001,FX-Swap,JPY,2808223.83,-2.626496,-737.58
2026-06-24,T100050,CP_005,Forward,USD,128674.59,-0.998003,-12.84
2026-06-24,T100051,CP_004,Spot,EUR,2048753.09,0.03858,7.9
2026-06-24,T100052,CP_007,Forward,GBP,4289056.18,-0.30212,-129.58
2026-06-24,T100053,CP_008,Forward,EUR,247126.78,2.069983,51.15
2026-06-24,T100054,CP_001,FX-Swap,CHF,1260799.31,0.743605,93.75
2026-06-24,T100055,CP_006,Option,CHF,977099.54,-1.239237,-121.09
2026-06-24,T100056,CP_010,Spot,GBP,3098248.74,-0.039218,-12.15
2026-06-24,T100057,CP_003,Option,USD,4355265.16,1.87897,818.34
2026-06-24,T100058,CP_007,Option,USD,3315998.12,-0.831409,-275.7
2026-06-24,T100059,CP_008,Spot,EUR,2858778.93,0.97756,279.46
2026-06-24,T100060,CP_001,Spot,GBP,1446453.78,-2.165839,-313.28
2026-06-24,T100061,CP_010,FX-Swap,CHF,1641950.16,0.879758,144.45
2026-06-24,T100062,CP_006,Forward,EUR,370352.44,-0.281353,-10.42
2026-06-24,T100063,CP_003,Forward,EUR,1871705.95,1.398861,261.83
2026-06-24,T100064,CP_002,FX-Swap,EUR,3274217.44,1.553187,508.55
2026-06-24,T100065,CP_008,Forward,CHF,821505.77,0.807785,66.36
2026-06-24,T100066,CP_006,Spot,EUR,1025906.56,0.86791,89.04
2026-06-24,T100067,CP_010,Forward,CHF,1937224.97,-0.843944,-163.49
2026-06-24,T100068,CP_009,Spot,JPY,4215281.13,0.348181,146.77
2026-06-24,T100069,CP_004,FX-Swap,JPY,565039.07,1.155694,65.3
2026-06-24,T100070,CP_005,Spot,USD,1993650.26,-0.705676,-140.69
2026-06-24,T100071,CP_001,Spot,GBP,3610792.89,-0.669656,-241.8
2026-06-24,T100072,CP_006,Spot,GBP,3721086.78,-1.575301,-586.18
2026-06-24,T100073,CP_004,Forward,GBP,2065628.54,-1.243125,-256.78
2026-06-24,T100074,CP_004,Spot,CHF,413586.25,1.090626,45.11
2026-06-24,T100075,CP_003,Forward,EUR,2069342.76,-0.208284,-43.1
2026-06-24,T100076,CP_005,Option,EUR,182612.61,-0.513194,-9.37
2026-06-24,T100077,CP_003,Forward,USD,157322.39,0.881913,13.87
2026-06-24,T100078,CP_005,Forward,CHF,3829702.4,-0.710021,-271.92
2026-06-24,T100079,CP_010,Spot,CHF,852934.83,0.906091,77.28
2026-06-24,T100080,CP_005,Forward,CHF,4362474.0,1.147721,500.69
2026-06-24,T100081,CP_009,Option,USD,4415508.03,0.228217,100.77
2026-06-24,T100082,CP_005,Spot,CHF,1598432.47,-0.27208,-43.49
2026-06-24,T100083,CP_001,Forward,USD,4002318.57,0.920323,368.34
2026-06-24,T100084,CP_003,Option,GBP,2743800.88,0.653783,179.39
2026-06-24,T100085,CP_009,Forward,EUR,410263.34,-0.970039,-39.8
2026-06-24,T100086,CP_008,Option,JPY,1523337.99,-0.204254,-31.11
2026-06-24,T100087,CP_005,Option,GBP,3238220.04,1.279638,414.37
2026-06-24,T100088,CP_007,Forward,USD,1489823.16,-0.12187,-18.16
2026-06-24,T100089,CP_009,Option,EUR,221966.76,0.07654,1.7
2026-06-24,T100090,CP_004,Spot,USD,286021.13,-1.00064,-28.62
2026-06-24,T100091,CP_002,FX-Swap,CHF,4455410.12,1.992563,887.77
2026-06-24,T100092,CP_003,Option,GBP,1656994.39,2.732864,452.83
2026-06-24,T100093,CP_005,FX-Swap,JPY,1540591.93,0.290543,44.76
2026-06-24,T100094,CP_005,Option,USD,3305189.44,-2.200526,-727.32
2026-06-24,T100095,CP_010,Spot,EUR,103322.19,0.608893,6.29
2026-06-24,T100096,CP_001,Option,JPY,2337144.85,1.542043,360.4
2026-06-24,T100097,CP_006,Option,JPY,3260064.28,0.193645,63.13
2026-06-24,T100098,CP_004,Forward,USD,3407262.77,-0.903019,-307.68
2026-06-24,T100099,CP_005,Spot,GBP,2063850.67,-1.502856,-310.17
2026-06-25,T100000,CP_009,FX-Swap,USD,2341669.32,1.408399,329.8
2026-06-25,T100001,CP_007,Forward,CHF,1603515.6,0.492024,78.9
2026-06-25,T100002,CP_003,FX-Swap,USD,127925.82,1.140802,14.59
2026-06-25,T100003,CP_010,Forward,EUR,173264.71,1.130336,19.58
2026-06-25,T100004,CP_008,Forward,USD,1600722.59,1.587752,254.16
2026-06-25,T100005,CP_010,Option,JPY,3698911.37,1.149931,425.35
2026-06-25,T100006,CP_006,Spot,USD,2769404.95,0.034383,9.52
2026-06-25,T100007,CP_010,FX-Swap,GBP,3929315.67,0.373749,146.86
2026-06-25,T100008,CP_003,Spot,GBP,3714996.22,0.978211,363.4
2026-06-25,T100009,CP_008,Option,CHF,2332105.07,-0.774303,-180.58
2026-06-25,T100010,CP_004,FX-Swap,CHF,2434805.56,-1.073656,-261.41
2026-06-25,T100011,CP_009,Spot,JPY,383383.95,-2.150729,-82.46
2026-06-25,T100012,CP_008,Forward,CHF,3777516.13,-1.047423,-395.67
2026-06-25,T100013,CP_002,FX-Swap,EUR,2003220.58,-0.99246,-198.81
2026-06-25,T100014,CP_008,Option,JPY,2961182.34,0.657977,194.84
2026-06-25,T100015,CP_005,FX-Swap,GBP,4219210.68,0.676699,285.51
2026-06-25,T100016,CP_005,Forward,USD,2968217.99,1.198825,355.84
2026-06-25,T100017,CP_005,Spot,JPY,4821312.69,-1.614005,-778.16
2026-06-25,T100018,CP_007,Spot,USD,4953291.61,-0.211676,-104.85
2026-06-25,T100019,CP_004,Spot,EUR,1260153.4,-0.32125,-40.48
2026-06-25,T100020,CP_002,Option,EUR,3621733.53,0.943591,341.74
2026-06-25,T100021,CP_004,Option,JPY,2810456.48,0.23225,65.27
2026-06-25,T100022,CP_004,FX-Swap,EUR,3890634.92,-0.597899,-232.62
2026-06-25,T100023,CP_002,Spot,GBP,4856438.24,0.502416,244.0
2026-06-25,T100024,CP_009,FX-Swap,EUR,1833433.44,1.707896,313.13
2026-06-25,T100025,CP_005,Spot,GBP,4579934.3,-0.335089,-153.47
2026-06-25,T100026,CP_007,Spot,JPY,1185343.95,0.498641,59.11
2026-06-25,T100027,CP_010,Option,JPY,3687577.91,0.233274,86.02
2026-06-25,T100028,CP_007,Option,JPY,1352660.0,0.389825,52.73
2026-06-25,T100029,CP_008,FX-Swap,JPY,4183390.97,-0.912041,-381.54
2026-06-25,T100030,CP_007,FX-Swap,GBP,3834935.54,1.301259,499.02
2026-06-25,T100031,CP_006,Spot,USD,2929576.1,0.681297,199.59
2026-06-25,T100032,CP_007,Spot,GBP,4238928.77,-0.239897,-101.69
2026-06-25,T100033,CP_007,Spot,EUR,3400451.21,-1.359732,-462.37
2026-06-25,T100034,CP_002,Forward,EUR,4481770.16,-1.078903,-483.54
2026-06-25,T100035,CP_010,FX-Swap,JPY,4736690.3,-0.17558,-83.17
2026-06-25,T100036,CP_001,Spot,CHF,859562.77,-0.035816,-3.08
2026-06-25,T100037,CP_009,FX-Swap,USD,1293399.88,-0.285027,-36.87
2026-06-25,T100038,CP_010,Option,USD,3408890.22,0.174357,59.44
2026-06-25,T100039,CP_003,Forward,GBP,3542358.85,-0.685631,-242.88
2026-06-25,T100040,CP_005,Forward,EUR,2786347.27,1.070956,298.41
2026-06-25,T100041,CP_001,Forward,USD,2451732.03,0.70644,173.2
2026-06-25,T100042,CP_003,Option,GBP,4410927.04,-1.420536,-626.59
2026-06-25,T100043,CP_005,FX-Swap,USD,3496201.55,-0.079556,-27.81
2026-06-25,T100044,CP_006,FX-Swap,CHF,2057268.23,0.000197,0.04
2026-06-25,T100045,CP_008,Option,USD,3139323.88,1.137104,356.97
2026-06-25,T100046,CP_001,Forward,USD,902593.39,-0.682996,-61.65
2026-06-25,T100047,CP_006,Spot,GBP,529566.42,-1.287117,-68.16
2026-06-25,T100048,CP_003,Option,EUR,457960.06,-0.568191,-26.02
2026-06-25,T100049,CP_001,FX-Swap,JPY,2808223.83,-2.595062,-728.75
2026-06-25,T100050,CP_005,Forward,USD,128674.59,-0.994993,-12.8
2026-06-25,T100051,CP_004,Spot,EUR,2048753.09,-0.002447,-0.5
2026-06-25,T100052,CP_007,Forward,GBP,4289056.18,-0.301209,-129.19
2026-06-25,T100053,CP_008,Forward,EUR,247126.78,2.05541,50.79
2026-06-25,T100054,CP_001,FX-Swap,CHF,1260799.31,0.729164,91.93
2026-06-25,T100055,CP_006,Option,CHF,977099.54,-1.234546,-120.63
2026-06-25,T100056,CP_010,Spot,GBP,3098248.74,-0.02787,-8.63
2026-06-25,T100057,CP_003,Option,USD,4355265.16,1.875436,816.8
2026-06-25,T100058,CP_007,Option,USD,3315998.12,-0.850402,-281.99
2026-06-25,T100059,CP_008,Spot,EUR,2858778.93,0.994042,284.17
2026-06-25,T100060,CP_001,Spot,GBP,1446453.78,-2.140784,-309.65
2026-06-25,T100061,CP_010,FX-Swap,CHF,1641950.16,0.85624,140.59
2026-06-25,T100062,CP_006,Forward,EUR,370352.44,-0.248576,-9.21
2026-06-25,T100063,CP_003,Forward,EUR,1871705.95,1.370985,256.61
2026-06-25,T100064,CP_002,FX-Swap,EUR,3274217.44,1.56921,513.79
2026-06-25,T100065,CP_008,Forward,CHF,821505.77,0.80621,66.23
2026-06-25,T100066,CP_006,Spot,EUR,1025906.56,0.878758,90.15
2026-06-25,T100067,CP_010,Forward,CHF,1937224.97,-0.844116,-163.52
2026-06-25,T100068,CP_009,Spot,JPY,4215281.13,0.345045,145.45
2026-06-25,T100069,CP_004,FX-Swap,JPY,565039.07,1.128435,63.76
2026-06-25,T100070,CP_005,Spot,USD,1993650.26,-0.713293,-142.21
2026-06-25,T100071,CP_001,Spot,GBP,3610792.89,-0.653756,-236.06
2026-06-25,T100072,CP_006,Spot,GBP,3721086.78,-1.563978,-581.97
2026-06-25,T100073,CP_004,Forward,GBP,2065628.54,-1.22913,-253.89
2026-06-25,T100074,CP_004,Spot,CHF,413586.25,1.101119,45.54
2026-06-25,T100075,CP_003,Forward,EUR,2069342.76,-0.235378,-48.71
2026-06-25,T100076,CP_005,Option,EUR,182612.61,-0.516036,-9.42
2026-06-25,T100077,CP_003,Forward,USD,157322.39,0.882616,13.89
2026-06-25,T100078,CP_005,Forward,CHF,3829702.4,-0.715586,-274.05
2026-06-25,T100079,CP_010,Spot,CHF,852934.83,0.931605,79.46
2026-06-25,T100080,CP_005,Forward,CHF,4362474.0,1.112223,485.2
2026-06-25,T100081,CP_009,Option,USD,4415508.03,0.17675,78.04
2026-06-25,T100082,CP_005,Spot,CHF,1598432.47,-0.258468,-41.31
2026-06-25,T100083,CP_001,Forward,USD,4002318.57,0.919969,368.2
2026-06-25,T100084,CP_003,Option,GBP,2743800.88,0.653996,179.44
2026-06-25,T100085,CP_009,Forward,EUR,410263.34,-0.976576,-40.07
2026-06-25,T100086,CP_008,Option,JPY,1523337.99,-0.179671,-27.37
2026-06-25,T100087,CP_005,Option,GBP,3238220.04,1.256788,406.98
2026-06-25,T100088,CP_007,Forward,USD,1489823.16,-0.18551,-27.64
2026-06-25,T100089,CP_009,Option,EUR,221966.76,0.052342,1.16
2026-06-25,T100090,CP_004,Spot,USD,286021.13,-0.980653,-28.05
2026-06-25,T100091,CP_002,FX-Swap,CHF,4455410.12,2.01627,898.33
2026-06-25,T100092,CP_003,Option,GBP,1656994.39,2.728768,452.16
2026-06-25,T100093,CP_005,FX-Swap,JPY,1540591.93,0.299215,46.1
2026-06-25,T100094,CP_005,Option,USD,3305189.44,-2.20156,-727.66
2026-06-25,T100095,CP_010,Spot,EUR,103322.19,0.596572,6.16
2026-06-25,T100096,CP_001,Option,JPY,2337144.85,1.550605,362.4
2026-06-25,T100097,CP_006,Option,JPY,3260064.28,0.201228,65.6
2026-06-25,T100098,CP_004,Forward,USD,3407262.77,-0.901567,-307.19
2026-06-25,T100099,CP_005,Spot,GBP,2063850.67,-1.527349,-315.22
2026-06-26,T100000,CP_009,FX-Swap,USD,2341669.32,1.41021,330.22
2026-06-26,T100001,CP_007,Forward,CHF,1603515.6,0.53263,85.41
2026-06-26,T100002,CP_003,FX-Swap,USD,127925.82,1.142077,14.61
2026-06-26,T100003,CP_010,Forward,EUR,173264.71,1.122238,19.44
2026-06-26,T100004,CP_008,Forward,USD,1600722.59,1.575284,252.16
2026-06-26,T100005,CP_010,Option,JPY,3698911.37,1.190332,440.29
2026-06-26,T100006,CP_006,Spot,USD,2769404.95,0.020262,5.61
2026-06-26,T100007,CP_010,FX-Swap,GBP,3929315.67,0.386382,151.82
2026-06-26,T100008,CP_003,Spot,GBP,3714996.22,0.985762,366.21
2026-06-26,T100009,CP_008,Option,CHF,2332105.07,-0.781012,-182.14
2026-06-26,T100010,CP_004,FX-Swap,CHF,2434805.56,-1.084119,-263.96
2026-06-26,T100011,CP_009,Spot,JPY,383383.95,-2.177076,-83.47
2026-06-26,T100012,CP_008,Forward,CHF,3777516.13,-1.085061,-409.88
2026-06-26,T100013,CP_002,FX-Swap,EUR,2003220.58,-1.053614,-211.06
2026-06-26,T100014,CP_008,Option,JPY,2961182.34,0.626794,185.61
2026-06-26,T100015,CP_005,FX-Swap,GBP,4219210.68,0.664214,280.25
2026-06-26,T100016,CP_005,Forward,USD,2968217.99,1.212078,359.77
2026-06-26,T100017,CP_005,Spot,JPY,4821312.69,-1.609641,-776.06
2026-06-26,T100018,CP_007,Spot,USD,4953291.61,-0.222843,-110.38
2026-06-26,T100019,CP_004,Spot,EUR,1260153.4,-0.297692,-37.51
2026-06-26,T100020,CP_002,Option,EUR,3621733.53,0.958237,347.05
2026-06-26,T100021,CP_004,Option,JPY,2810456.48,0.260209,73.13
2026-06-26,T100022,CP_004,FX-Swap,EUR,3890634.92,-0.605711,-235.66
2026-06-26,T100023,CP_002,Spot,GBP,4856438.24,0.497949,241.83
2026-06-26,T100024,CP_009,FX-Swap,EUR,1833433.44,1.714248,314.3
2026-06-26,T100025,CP_005,Spot,GBP,4579934.3,-0.303388,-138.95
2026-06-26,T100026,CP_007,Spot,JPY,1185343.95,0.485782,57.58
2026-06-26,T100027,CP_010,Option,JPY,3687577.91,0.216128,79.7
2026-06-26,T100028,CP_007,Option,JPY,1352660.0,0.392521,53.09
2026-06-26,T100029,CP_008,FX-Swap,JPY,4183390.97,-0.922689,-386.0
2026-06-26,T100030,CP_007,FX-Swap,GBP,3834935.54,1.297319,497.51
2026-06-26,T100031,CP_006,Spot,USD,2929576.1,0.684895,200.65
2026-06-26,T100032,CP_007,Spot,GBP,4238928.77,-0.273408,-115.9
2026-06-26,T100033,CP_007,Spot,EUR,3400451.21,-1.342677,-456.57
2026-06-26,T100034,CP_002,Forward,EUR,4481770.16,-1.147184,-514.14
2026-06-26,T100035,CP_010,FX-Swap,JPY,4736690.3,-0.199563,-94.53
2026-06-26,T100036,CP_001,Spot,CHF,859562.77,-0.059302,-5.1
2026-06-26,T100037,CP_009,FX-Swap,USD,1293399.88,-0.294049,-38.03
2026-06-26,T100038,CP_010,Option,USD,3408890.22,0.184807,63.0
2026-06-26,T100039,CP_003,Forward,GBP,3542358.85,-0.705003,-249.74
2026-06-26,T100040,CP_005,Forward,EUR,2786347.27,1.079805,300.87
2026-06-26,T100041,CP_001,Forward,USD,2451732.03,0.704332,172.68
2026-06-26,T100042,CP_003,Option,GBP,4410927.04,-1.455372,-641.95
2026-06-26,T100043,CP_005,FX-Swap,USD,3496201.55,-0.112674,-39.39
2026-06-26,T100044,CP_006,FX-Swap,CHF,2057268.23,-0.016926,-3.48
2026-06-26,T100045,CP_008,Option,USD,3139323.88,1.107957,347.82
2026-06-26,T100046,CP_001,Forward,USD,902593.39,-0.697746,-62.98
2026-06-26,T100047,CP_006,Spot,GBP,529566.42,-1.310658,-69.41
2026-06-26,T100048,CP_003,Option,EUR,457960.06,-0.567573,-25.99
2026-06-26,T100049,CP_001,FX-Swap,JPY,2808223.83,-2.582517,-725.23
2026-06-26,T100050,CP_005,Forward,USD,128674.59,-0.992202,-12.77
2026-06-26,T100051,CP_004,Spot,EUR,2048753.09,-0.045535,-9.33
2026-06-26,T100052,CP_007,Forward,GBP,4289056.18,-0.289884,-124.33
2026-06-26,T100053,CP_008,Forward,EUR,247126.78,2.038178,50.37
2026-06-26,T100054,CP_001,FX-Swap,CHF,1260799.31,0.683941,86.23
2026-06-26,T100055,CP_006,Option,CHF,977099.54,-1.252419,-122.37
2026-06-26,T100056,CP_010,Spot,GBP,3098248.74,-0.022721,-7.04
2026-06-26,T100057,CP_003,Option,USD,4355265.16,1.874325,816.32
2026-06-26,T100058,CP_007,Option,USD,3315998.12,-0.868457,-287.98
2026-06-26,T100059,CP_008,Spot,EUR,2858778.93,1.013008,289.6
2026-06-26,T100060,CP_001,Spot,GBP,1446453.78,-2.136624,-309.05
2026-06-26,T100061,CP_010,FX-Swap,CHF,1641950.16,0.861869,141.51
2026-06-26,T100062,CP_006,Forward,EUR,370352.44,-0.198873,-7.37
2026-06-26,T100063,CP_003,Forward,EUR,1871705.95,1.351436,252.95
2026-06-26,T100064,CP_002,FX-Swap,EUR,3274217.44,1.557578,509.98
2026-06-26,T100065,CP_008,Forward,CHF,821505.77,0.80153,65.85
2026-06-26,T100066,CP_006,Spot,EUR,1025906.56,0.892288,91.54
2026-06-26,T100067,CP_010,Forward,CHF,1937224.97,-0.861767,-166.94
2026-06-26,T100068,CP_009,Spot,JPY,4215281.13,0.313601,132.19
2026-06-26,T100069,CP_004,FX-Swap,JPY,565039.07,1.134935,64.13
2026-06-26,T100070,CP_005,Spot,USD,1993650.26,-0.74222,-147.97
2026-06-26,T100071,CP_001,Spot,GBP,3610792.89,-0.653962,-236.13
2026-06-26,T100072,CP_006,Spot,GBP,3721086.78,-1.534568,-571.03
2026-06-26,T100073,CP_004,Forward,GBP,2065628.54,-1.220694,-252.15
2026-06-26,T100074,CP_004,Spot,CHF,413586.25,1.105248,45.71
2026-06-26,T100075,CP_003,Forward,EUR,2069342.76,-0.222945,-46.13
2026-06-26,T100076,CP_005,Option,EUR,182612.61,-0.531649,-9.71
2026-06-26,T100077,CP_003,Forward,USD,157322.39,0.909972,14.32
2026-06-26,T100078,CP_005,Forward,CHF,3829702.4,-0.720849,-276.06
2026-06-26,T100079,CP_010,Spot,CHF,852934.83,0.958976,81.79
2026-06-26,T100080,CP_005,Forward,CHF,4362474.0,1.124171,490.42
2026-06-26,T100081,CP_009,Option,USD,4415508.03,0.105647,46.65
2026-06-26,T100082,CP_005,Spot,CHF,1598432.47,-0.215828,-34.5
2026-06-26,T100083,CP_001,Forward,USD,4002318.57,0.963272,385.53
2026-06-26,T100084,CP_003,Option,GBP,2743800.88,0.66312,181.95
2026-06-26,T100085,CP_009,Forward,EUR,410263.34,-0.971346,-39.85
2026-06-26,T100086,CP_008,Option,JPY,1523337.99,-0.269233,-41.01
2026-06-26,T100087,CP_005,Option,GBP,3238220.04,1.28391,415.76
2026-06-26,T100088,CP_007,Forward,USD,1489823.16,-0.180393,-26.88
2026-06-26,T100089,CP_009,Option,EUR,221966.76,0.020948,0.46
2026-06-26,T100090,CP_004,Spot,USD,286021.13,-0.973409,-27.84
2026-06-26,T100091,CP_002,FX-Swap,CHF,4455410.12,2.02461,902.05
2026-06-26,T100092,CP_003,Option,GBP,1656994.39,2.734322,453.08
2026-06-26,T100093,CP_005,FX-Swap,JPY,1540591.93,0.290869,44.81
2026-06-26,T100094,CP_005,Option,USD,3305189.44,-2.204362,-728.58
2026-06-26,T100095,CP_010,Spot,EUR,103322.19,0.606507,6.27
2026-06-26,T100096,CP_001,Option,JPY,2337144.85,1.548516,361.91
2026-06-26,T100097,CP_006,Option,JPY,3260064.28,0.207024,67.49
2026-06-26,T100098,CP_004,Forward,USD,3407262.77,-0.874212,-297.87
2026-06-26,T100099,CP_005,Spot,GBP,2063850.67,-1.570621,-324.15
2026-06-29,T100000,CP_009,FX-Swap,USD,2341669.32,1.412735,330.82
2026-06-29,T100001,CP_007,Forward,CHF,1603515.6,0.55449,88.91
2026-06-29,T100002,CP_003,FX-Swap,USD,127925.82,1.174839,15.03
2026-06-29,T100003,CP_010,Forward,EUR,173264.71,1.119013,19.39
2026-06-29,T100004,CP_008,Forward,USD,1600722.59,1.584677,253.66
2026-06-29,T100005,CP_010,Option,JPY,3698911.37,1.21985,451.21
2026-06-29,T100006,CP_006,Spot,USD,2769404.95,0.000325,0.09
2026-06-29,T100007,CP_010,FX-Swap,GBP,3929315.67,0.373731,146.85
2026-06-29,T100008,CP_003,Spot,GBP,3714996.22,0.968482,359.79
2026-06-29,T100009,CP_008,Option,CHF,2332105.07,-0.807288,-188.27
2026-06-29,T100010,CP_004,FX-Swap,CHF,2434805.56,-1.097954,-267.33
2026-06-29,T100011,CP_009,Spot,JPY,383383.95,-2.209978,-84.73
2026-06-29,T100012,CP_008,Forward,CHF,3777516.13,-1.059,-400.04
2026-06-29,T100013,CP_002,FX-Swap,EUR,2003220.58,-1.097604,-219.87
2026-06-29,T100014,CP_008,Option,JPY,2961182.34,0.602856,178.52
2026-06-29,T100015,CP_005,FX-Swap,GBP,4219210.68,0.658818,277.97
2026-06-29,T100016,CP_005,Forward,USD,2968217.99,1.232334,365.78
2026-06-29,T100017,CP_005,Spot,JPY,4821312.69,-1.604017,-773.35
2026-06-29,T100018,CP_007,Spot,USD,4953291.61,-0.253233,-125.43
2026-06-29,T100019,CP_004,Spot,EUR,1260153.4,-0.326472,-41.14
2026-06-29,T100020,CP_002,Option,EUR,3621733.53,0.99376,359.91
2026-06-29,T100021,CP_004,Option,JPY,2810456.48,0.286027,80.39
2026-06-29,T100022,CP_004,FX-Swap,EUR,3890634.92,-0.610366,-237.47
2026-06-29,T100023,CP_002,Spot,GBP,4856438.24,0.502128,243.86
2026-06-29,T100024,CP_009,FX-Swap,EUR,1833433.44,1.697944,311.31
2026-06-29,T100025,CP_005,Spot,GBP,4579934.3,-0.255556,-117.04
2026-06-29,T100026,CP_007,Spot,JPY,1185343.95,0.45373,53.78
2026-06-29,T100027,CP_010,Option,JPY,3687577.91,0.235144,86.71
2026-06-29,T100028,CP_007,Option,JPY,1352660.0,0.407645,55.14
2026-06-29,T100029,CP_008,FX-Swap,JPY,4183390.97,-0.940624,-393.5
2026-06-29,T100030,CP_007,FX-Swap,GBP,3834935.54,1.312381,503.29
2026-06-29,T100031,CP_006,Spot,USD,2929576.1,0.69127,202.51
2026-06-29,T100032,CP_007,Spot,GBP,4238928.77,-0.28889,-122.46
2026-06-29,T100033,CP_007,Spot,EUR,3400451.21,-1.343132,-456.73
2026-06-29,T100034,CP_002,Forward,EUR,4481770.16,-1.244384,-557.7
2026-06-29,T100035,CP_010,FX-Swap,JPY,4736690.3,-0.199097,-94.31
2026-06-29,T100036,CP_001,Spot,CHF,859562.77,-0.08758,-7.53
2026-06-29,T100037,CP_009,FX-Swap,USD,1293399.88,-0.306276,-39.61
2026-06-29,T100038,CP_010,Option,USD,3408890.22,0.189091,64.46
2026-06-29,T100039,CP_003,Forward,GBP,3542358.85,-0.716689,-253.88
2026-06-29,T100040,CP_005,Forward,EUR,2786347.27,1.066352,297.12
2026-06-29,T100041,CP_001,Forward,USD,2451732.03,0.716398,175.64
2026-06-29,T100042,CP_003,Option,GBP,4410927.04,-1.458594,-643.38
2026-06-29,T100043,CP_005,FX-Swap,USD,3496201.55,-0.135573,-47.4
2026-06-29,T100044,CP_006,FX-Swap,CHF,2057268.23,-0.017686,-3.64
2026-06-29,T100045,CP_008,Option,USD,3139323.88,1.08796,341.55
2026-06-29,T100046,CP_001,Forward,USD,902593.39,-0.692268,-62.48
2026-06-29,T100047,CP_006,Spot,GBP,529566.42,-1.302783,-68.99
2026-06-29,T100048,CP_003,Option,EUR,457960.06,-0.585473,-26.81
2026-06-29,T100049,CP_001,FX-Swap,JPY,2808223.83,-2.652397,-744.85
2026-06-29,T100050,CP_005,Forward,USD,128674.59,-0.988985,-12.73
2026-06-29,T100051,CP_004,Spot,EUR,2048753.09,-0.035289,-7.23
2026-06-29,T100052,CP_007,Forward,GBP,4289056.18,-0.245439,-105.27
2026-06-29,T100053,CP_008,Forward,EUR,247126.78,2.015682,49.81
2026-06-29,T100054,CP_001,FX-Swap,CHF,1260799.31,0.666597,84.04
2026-06-29,T100055,CP_006,Option,CHF,977099.54,-1.269288,-124.02
2026-06-29,T100056,CP_010,Spot,GBP,3098248.74,-0.025298,-7.84
2026-06-29,T100057,CP_003,Option,USD,4355265.16,1.855828,808.26
2026-06-29,T100058,CP_007,Option,USD,3315998.12,-0.81028,-268.69
2026-06-29,T100059,CP_008,Spot,EUR,2858778.93,1.021806,292.11
2026-06-29,T100060,CP_001,Spot,GBP,1446453.78,-2.188646,-316.58
2026-06-29,T100061,CP_010,FX-Swap,CHF,1641950.16,0.862085,141.55
2026-06-29,T100062,CP_006,Forward,EUR,370352.44,-0.157394,-5.83
2026-06-29,T100063,CP_003,Forward,EUR,1871705.95,1.339045,250.63
2026-06-29,T100064,CP_002,FX-Swap,EUR,3274217.44,1.621688,530.98
2026-06-29,T100065,CP_008,Forward,CHF,821505.77,0.769365,63.2
2026-06-29,T100066,CP_006,Spot,EUR,1025906.56,0.889512,91.26
2026-06-29,T100067,CP_010,Forward,CHF,1937224.97,-0.866661,-167.89
2026-06-29,T100068,CP_009,Spot,JPY,4215281.13,0.313353,132.09
2026-06-29,T100069,CP_004,FX-Swap,JPY,565039.07,1.113251,62.9
2026-06-29,T100070,CP_005,Spot,USD,1993650.26,-0.716774,-142.9
2026-06-29,T100071,CP_001,Spot,GBP,3610792.89,-0.658314,-237.7
2026-06-29,T100072,CP_006,Spot,GBP,3721086.78,-1.50721,-560.85
2026-06-29,T100073,CP_004,Forward,GBP,2065628.54,-1.208833,-249.7
2026-06-29,T100074,CP_004,Spot,CHF,413586.25,1.122915,46.44
2026-06-29,T100075,CP_003,Forward,EUR,2069342.76,-0.227598,-47.1
2026-06-29,T100076,CP_005,Option,EUR,182612.61,-0.531751,-9.71
2026-06-29,T100077,CP_003,Forward,USD,157322.39,0.959501,15.1
2026-06-29,T100078,CP_005,Forward,CHF,3829702.4,-0.726821,-278.35
2026-06-29,T100079,CP_010,Spot,CHF,852934.83,0.968293,82.59
2026-06-29,T100080,CP_005,Forward,CHF,4362474.0,1.139278,497.01
2026-06-29,T100081,CP_009,Option,USD,4415508.03,0.086642,38.26
2026-06-29,T100082,CP_005,Spot,CHF,1598432.47,-0.222062,-35.5
2026-06-29,T100083,CP_001,Forward,USD,4002318.57,0.926901,370.98
2026-06-29,T100084,CP_003,Option,GBP,2743800.88,0.70391,193.14
2026-06-29,T100085,CP_009,Forward,EUR,410263.34,-0.975623,-40.03
2026-06-29,T100086,CP_008,Option,JPY,1523337.99,-0.275894,-42.03
2026-06-29,T100087,CP_005,Option,GBP,3238220.04,1.254044,406.09
2026-06-29,T100088,CP_007,Forward,USD,1489823.16,-0.179132,-26.69
2026-06-29,T100089,CP_009,Option,EUR,221966.76,-0.011425,-0.25
2026-06-29,T100090,CP_004,Spot,USD,286021.13,-0.937692,-26.82
2026-06-29,T100091,CP_002,FX-Swap,CHF,4455410.12,2.043913,910.65
2026-06-29,T100092,CP_003,Option,GBP,1656994.39,2.757481,456.91
2026-06-29,T100093,CP_005,FX-Swap,JPY,1540591.93,0.290197,44.71
2026-06-29,T100094,CP_005,Option,USD,3305189.44,-2.205026,-728.8
2026-06-29,T100095,CP_010,Spot,EUR,103322.19,0.615354,6.36
2026-06-29,T100096,CP_001,Option,JPY,2337144.85,1.551909,362.7
2026-06-29,T100097,CP_006,Option,JPY,3260064.28,0.21486,70.05
2026-06-29,T100098,CP_004,Forward,USD,3407262.77,-0.85997,-293.01
2026-06-29,T100099,CP_005,Spot,GBP,2063850.67,-1.583415,-326.79
2026-06-30,T100000,CP_009,FX-Swap,USD,2341669.32,1.431416,335.19
2026-06-30,T100001,CP_007,Forward,CHF,1603515.6,0.579123,92.86
2026-06-30,T100002,CP_003,FX-Swap,USD,127925.82,1.166108,14.92
2026-06-30,T100003,CP_010,Forward,EUR,173264.71,1.107816,19.19
2026-06-30,T100004,CP_008,Forward,USD,1600722.59,1.597494,255.71
2026-06-30,T100005,CP_010,Option,JPY,3698911.37,1.21991,451.23
2026-06-30,T100006,CP_006,Spot,USD,2769404.95,-0.007282,-2.02
2026-06-30,T100007,CP_010,FX-Swap,GBP,3929315.67,0.398859,156.72
2026-06-30,T100008,CP_003,Spot,GBP,3714996.22,0.980437,364.23
2026-06-30,T100009,CP_008,Option,CHF,2332105.07,-0.812766,-189.55
2026-06-30,T100010,CP_004,FX-Swap,CHF,2434805.56,-1.089421,-265.25
2026-06-30,T100011,CP_009,Spot,JPY,383383.95,-2.219547,-85.09
2026-06-30,T100012,CP_008,Forward,CHF,3777516.13,-0.99301,-375.11
2026-06-30,T100013,CP_002,FX-Swap,EUR,2003220.58,-1.114179,-223.19
2026-06-30,T100014,CP_008,Option,JPY,2961182.34,0.637443,188.76
2026-06-30,T100015,CP_005,FX-Swap,GBP,4219210.68,0.637798,269.1
2026-06-30,T100016,CP_005,Forward,USD,2968217.99,1.213723,360.26
2026-06-30,T100017,CP_005,Spot,JPY,4821312.69,-1.636547,-789.03
2026-06-30,T100018,CP_007,Spot,USD,4953291.61,-0.249804,-123.74
2026-06-30,T100019,CP_004,Spot,EUR,1260153.4,-0.341805,-43.07
2026-06-30,T100020,CP_002,Option,EUR,3621733.53,0.993289,359.74
2026-06-30,T100021,CP_004,Option,JPY,2810456.48,0.291234,81.85
2026-06-30,T100022,CP_004,FX-Swap,EUR,3890634.92,-0.651731,-253.56
2026-06-30,T100023,CP_002,Spot,GBP,4856438.24,0.502988,244.27
2026-06-30,T100024,CP_009,FX-Swap,EUR,1833433.44,1.700701,311.81
2026-06-30,T100025,CP_005,Spot,GBP,4579934.3,-0.200974,-92.04
2026-06-30,T100026,CP_007,Spot,JPY,1185343.95,0.456419,54.1
2026-06-30,T100027,CP_010,Option,JPY,3687577.91,0.239069,88.16
2026-06-30,T100028,CP_007,Option,JPY,1352660.0,0.434074,58.72
2026-06-30,T100029,CP_008,FX-Swap,JPY,4183390.97,-0.900916,-376.89
2026-06-30,T100030,CP_007,FX-Swap,GBP,3834935.54,1.301504,499.12
2026-06-30,T100031,CP_006,Spot,USD,2929576.1,0.679001,198.92
2026-06-30,T100032,CP_007,Spot,GBP,4238928.77,-0.281945,-119.51
2026-06-30,T100033,CP_007,Spot,EUR,3400451.21,-1.324293,-450.32
2026-06-30,T100034,CP_002,Forward,EUR,4481770.16,-1.28389,-575.41
2026-06-30,T100035,CP_010,FX-Swap,JPY,4736690.3,-0.225125,-106.63
2026-06-30,T100036,CP_001,Spot,CHF,859562.77,-0.088615,-7.62
2026-06-30,T100037,CP_009,FX-Swap,USD,1293399.88,-0.309466,-40.03
2026-06-30,T100038,CP_010,Option,USD,3408890.22,0.201829,68.8
2026-06-30,T100039,CP_003,Forward,GBP,3542358.85,-0.729015,-258.24
2026-06-30,T100040,CP_005,Forward,EUR,2786347.27,1.087322,302.97
2026-06-30,T100041,CP_001,Forward,USD,2451732.03,0.723992,177.5
2026-06-30,T100042,CP_003,Option,GBP,4410927.04,-1.471328,-648.99
2026-06-30,T100043,CP_005,FX-Swap,USD,3496201.55,-0.125835,-43.99
2026-06-30,T100044,CP_006,FX-Swap,CHF,2057268.23,-0.02574,-5.3
2026-06-30,T100045,CP_008,Option,USD,3139323.88,1.128259,354.2
2026-06-30,T100046,CP_001,Forward,USD,902593.39,-0.688691,-62.16
2026-06-30,T100047,CP_006,Spot,GBP,529566.42,-1.329928,-70.43
2026-06-30,T100048,CP_003,Option,EUR,457960.06,-0.594069,-27.21
2026-06-30,T100049,CP_001,FX-Swap,JPY,2808223.83,-2.611461,-733.36
2026-06-30,T100050,CP_005,Forward,USD,128674.59,-0.999936,-12.87
2026-06-30,T100051,CP_004,Spot,EUR,2048753.09,-0.062261,-12.76
2026-06-30,T100052,CP_007,Forward,GBP,4289056.18,-0.22665,-97.21
2026-06-30,T100053,CP_008,Forward,EUR,247126.78,2.015194,49.8
2026-06-30,T100054,CP_001,FX-Swap,CHF,1260799.31,0.654459,82.51
2026-06-30,T100055,CP_006,Option,CHF,977099.54,-1.27102,-124.19
2026-06-30,T100056,CP_010,Spot,GBP,3098248.74,-0.012537,-3.88
2026-06-30,T100057,CP_003,Option,USD,4355265.16,1.835289,799.32
2026-06-30,T100058,CP_007,Option,USD,3315998.12,-0.821833,-272.52
2026-06-30,T100059,CP_008,Spot,EUR,2858778.93,1.028627,294.06
2026-06-30,T100060,CP_001,Spot,GBP,1446453.78,-2.184316,-315.95
2026-06-30,T100061,CP_010,FX-Swap,CHF,1641950.16,0.826838,135.76
2026-06-30,T100062,CP_006,Forward,EUR,370352.44,-0.075212,-2.79
2026-06-30,T100063,CP_003,Forward,EUR,1871705.95,1.3223,247.5
2026-06-30,T100064,CP_002,FX-Swap,EUR,3274217.44,1.599644,523.76
2026-06-30,T100065,CP_008,Forward,CHF,821505.77,0.798116,65.57
2026-06-30,T100066,CP_006,Spot,EUR,1025906.56,0.89202,91.51
2026-06-30,T100067,CP_010,Forward,CHF,1937224.97,-0.880426,-170.56
2026-06-30,T100068,CP_009,Spot,JPY,4215281.13,0.292381,123.25
2026-06-30,T100069,CP_004,FX-Swap,JPY,565039.07,1.123989,63.51
2026-06-30,T100070,CP_005,Spot,USD,1993650.26,-0.716737,-142.89
2026-06-30,T100071,CP_001,Spot,GBP,3610792.89,-0.666103,-240.52
2026-06-30,T100072,CP_006,Spot,GBP,3721086.78,-1.460738,-543.55
2026-06-30,T100073,CP_004,Forward,GBP,2065628.54,-1.217372,-251.46
2026-06-30,T100074,CP_004,Spot,CHF,413586.25,1.126759,46.6
2026-06-30,T100075,CP_003,Forward,EUR,2069342.76,-0.259504,-53.7
2026-06-30,T100076,CP_005,Option,EUR,182612.61,-0.516514,-9.43
2026-06-30,T100077,CP_003,Forward,USD,157322.39,0.932581,14.67
2026-06-30,T100078,CP_005,Forward,CHF,3829702.4,-0.740572,-283.62
2026-06-30,T100079,CP_010,Spot,CHF,852934.83,0.993457,84.74
2026-06-30,T100080,CP_005,Forward,CHF,4362474.0,1.102768,481.08
2026-06-30,T100081,CP_009,Option,USD,4415508.03,0.029382,12.97
2026-06-30,T100082,CP_005,Spot,CHF,1598432.47,-0.219379,-35.07
2026-06-30,T100083,CP_001,Forward,USD,4002318.57,0.877896,351.36
2026-06-30,T100084,CP_003,Option,GBP,2743800.88,0.737058,202.23
2026-06-30,T100085,CP_009,Forward,EUR,410263.34,-0.957326,-39.28
2026-06-30,T100086,CP_008,Option,JPY,1523337.99,-0.256535,-39.08
2026-06-30,T100087,CP_005,Option,GBP,3238220.04,1.265955,409.94
2026-06-30,T100088,CP_007,Forward,USD,1489823.16,-0.177141,-26.39
2026-06-30,T100089,CP_009,Option,EUR,221966.76,-0.027297,-0.61
2026-06-30,T100090,CP_004,Spot,USD,286021.13,-0.953463,-27.27
2026-06-30,T100091,CP_002,FX-Swap,CHF,4455410.12,2.024062,901.8
2026-06-30,T100092,CP_003,Option,GBP,1656994.39,2.775612,459.92
2026-06-30,T100093,CP_005,FX-Swap,JPY,1540591.93,0.283885,43.74
2026-06-30,T100094,CP_005,Option,USD,3305189.44,-2.219253,-733.51
2026-06-30,T100095,CP_010,Spot,EUR,103322.19,0.63018,6.51
2026-06-30,T100096,CP_001,Option,JPY,2337144.85,1.558246,364.18
2026-06-30,T100097,CP_006,Option,JPY,3260064.28,0.224424,73.16
2026-06-30,T100098,CP_004,Forward,USD,3407262.77,-0.834942,-284.49
2026-06-30,T100099,CP_005,Spot,GBP,2063850.67,-1.594504,-329.08
2026-07-01,T100000,CP_009,FX-Swap,USD,2341669.32,1.44659,338.74
2026-07-01,T100001,CP_007,Forward,CHF,1603515.6,0.636023,101.99
2026-07-01,T100002,CP_003,FX-Swap,USD,127925.82,1.171718,14.99
2026-07-01,T100003,CP_010,Forward,EUR,173264.71,1.102,19.09
2026-07-01,T100004,CP_008,Forward,USD,1600722.59,1.591243,254.71
2026-07-01,T100005,CP_010,Option,JPY,3698911.37,1.111195,411.02
2026-07-01,T100006,CP_006,Spot,USD,2769404.95,-0.014132,-3.91
2026-07-01,T100007,CP_010,FX-Swap,GBP,3929315.67,0.449667,176.69
2026-07-01,T100008,CP_003,Spot,GBP,3714996.22,0.968206,359.69
2026-07-01,T100009,CP_008,Option,CHF,2332105.07,-0.827004,-192.87
2026-07-01,T100010,CP_004,FX-Swap,CHF,2434805.56,-1.063795,-259.01
2026-07-01,T100011,CP_009,Spot,JPY,383383.95,-2.268569,-86.97
2026-07-01,T100012,CP_008,Forward,CHF,3777516.13,-0.990214,-374.06
2026-07-01,T100013,CP_002,FX-Swap,EUR,2003220.58,-1.113486,-223.06
2026-07-01,T100014,CP_008,Option,JPY,2961182.34,0.703521,208.33
2026-07-01,T100015,CP_005,FX-Swap,GBP,4219210.68,0.596366,251.62
2026-07-01,T100016,CP_005,Forward,USD,2968217.99,1.217829,361.48
2026-07-01,T100017,CP_005,Spot,JPY,4821312.69,-1.643397,-792.33
2026-07-01,T100018,CP_007,Spot,USD,4953291.61,-0.252884,-125.26
2026-07-01,T100019,CP_004,Spot,EUR,1260153.4,-0.360225,-45.39
2026-07-01,T100020,CP_002,Option,EUR,3621733.53,1.012394,366.66
2026-07-01,T100021,CP_004,Option,JPY,2810456.48,0.286947,80.65
2026-07-01,T100022,CP_004,FX-Swap,EUR,3890634.92,-0.624426,-242.94
2026-07-01,T100023,CP_002,Spot,GBP,4856438.24,0.50372,244.63
2026-07-01,T100024,CP_009,FX-Swap,EUR,1833433.44,1.676887,307.45
2026-07-01,T100025,CP_005,Spot,GBP,4579934.3,-0.215546,-98.72
2026-07-01,T100026,CP_007,Spot,JPY,1185343.95,0.451293,53.49
2026-07-01,T100027,CP_010,Option,JPY,3687577.91,0.188656,69.57
2026-07-01,T100028,CP_007,Option,JPY,1352660.0,0.449667,60.82
2026-07-01,T100029,CP_008,FX-Swap,JPY,4183390.97,-0.857072,-358.55
2026-07-01,T100030,CP_007,FX-Swap,GBP,3834935.54,1.300427,498.71
2026-07-01,T100031,CP_006,Spot,USD,2929576.1,0.707736,207.34
2026-07-01,T100032,CP_007,Spot,GBP,4238928.77,-0.297008,-125.9
2026-07-01,T100033,CP_007,Spot,EUR,3400451.21,-1.317576,-448.04
2026-07-01,T100034,CP_002,Forward,EUR,4481770.16,-1.308668,-586.51
2026-07-01,T100035,CP_010,FX-Swap,JPY,4736690.3,-0.19674,-93.19
2026-07-01,T100036,CP_001,Spot,CHF,859562.77,-0.115396,-9.92
2026-07-01,T100037,CP_009,FX-Swap,USD,1293399.88,-0.294648,-38.11
2026-07-01,T100038,CP_010,Option,USD,3408890.22,0.143313,48.85
2026-07-01,T100039,CP_003,Forward,GBP,3542358.85,-0.753411,-266.89
2026-07-01,T100040,CP_005,Forward,EUR,2786347.27,1.112314,309.93
2026-07-01,T100041,CP_001,Forward,USD,2451732.03,0.719726,176.46
2026-07-01,T100042,CP_003,Option,GBP,4410927.04,-1.459596,-643.82
2026-07-01,T100043,CP_005,FX-Swap,USD,3496201.55,-0.12008,-41.98
2026-07-01,T100044,CP_006,FX-Swap,CHF,2057268.23,-0.024498,-5.04
2026-07-01,T100045,CP_008,Option,USD,3139323.88,1.097521,344.55
2026-07-01,T100046,CP_001,Forward,USD,902593.39,-0.697433,-62.95
2026-07-01,T100047,CP_006,Spot,GBP,529566.42,-1.384629,-73.33
2026-07-01,T100048,CP_003,Option,EUR,457960.06,-0.583117,-26.7
2026-07-01,T100049,CP_001,FX-Swap,JPY,2808223.83,-2.602502,-730.84
2026-07-01,T100050,CP_005,Forward,USD,128674.59,-1.007985,-12.97
2026-07-01,T100051,CP_004,Spot,EUR,2048753.09,-0.068366,-14.01
2026-07-01,T100052,CP_007,Forward,GBP,4289056.18,-0.239811,-102.86
2026-07-01,T100053,CP_008,Forward,EUR,247126.78,2.01012,49.68
2026-07-01,T100054,CP_001,FX-Swap,CHF,1260799.31,0.663115,83.61
2026-07-01,T100055,CP_006,Option,CHF,977099.54,-1.279717,-125.04
2026-07-01,T100056,CP_010,Spot,GBP,3098248.74,0.014546,4.51
2026-07-01,T100057,CP_003,Option,USD,4355265.16,1.831198,797.54
2026-07-01,T100058,CP_007,Option,USD,3315998.12,-0.853689,-283.08
2026-07-01,T100059,CP_008,Spot,EUR,2858778.93,1.039858,297.27
2026-07-01,T100060,CP_001,Spot,GBP,1446453.78,-2.244255,-324.62
2026-07-01,T100061,CP_010,FX-Swap,CHF,1641950.16,0.79193,130.03
2026-07-01,T100062,CP_006,Forward,EUR,370352.44,-0.158065,-5.85
2026-07-01,T100063,CP_003,Forward,EUR,1871705.95,1.299627,243.25
2026-07-01,T100064,CP_002,FX-Swap,EUR,3274217.44,1.56693,513.05
2026-07-01,T100065,CP_008,Forward,CHF,821505.77,0.782597,64.29
2026-07-01,T100066,CP_006,Spot,EUR,1025906.56,0.870824,89.34
2026-07-01,T100067,CP_010,Forward,CHF,1937224.97,-0.879353,-170.35
2026-07-01,T100068,CP_009,Spot,JPY,4215281.13,0.28751,121.19
2026-07-01,T100069,CP_004,FX-Swap,JPY,565039.07,1.130413,63.87
2026-07-01,T100070,CP_005,Spot,USD,1993650.26,-0.730029,-145.54
2026-07-01,T100071,CP_001,Spot,GBP,3610792.89,-0.658243,-237.68
2026-07-01,T100072,CP_006,Spot,GBP,3721086.78,-1.462038,-544.04
2026-07-01,T100073,CP_004,Forward,GBP,2065628.54,-1.239737,-256.08
2026-07-01,T100074,CP_004,Spot,CHF,413586.25,1.125628,46.55
2026-07-01,T100075,CP_003,Forward,EUR,2069342.76,-0.232856,-48.19
2026-07-01,T100076,CP_005,Option,EUR,182612.61,-0.507787,-9.27
2026-07-01,T100077,CP_003,Forward,USD,157322.39,0.971342,15.28
2026-07-01,T100078,CP_005,Forward,CHF,3829702.4,-0.73992,-283.37
2026-07-01,T100079,CP_010,Spot,CHF,852934.83,1.026345,87.54
2026-07-01,T100080,CP_005,Forward,CHF,4362474.0,1.104457,481.82
2026-07-01,T100081,CP_009,Option,USD,4415508.03,-0.034422,-15.2
2026-07-01,T100082,CP_005,Spot,CHF,1598432.47,-0.184369,-29.47
2026-07-01,T100083,CP_001,Forward,USD,4002318.57,0.880345,352.34
2026-07-01,T100084,CP_003,Option,GBP,2743800.88,0.704912,193.41
2026-07-01,T100085,CP_009,Forward,EUR,410263.34,-0.921706,-37.81
2026-07-01,T100086,CP_008,Option,JPY,1523337.99,-0.356025,-54.23
2026-07-01,T100087,CP_005,Option,GBP,3238220.04,1.276095,413.23
2026-07-01,T100088,CP_007,Forward,USD,1489823.16,-0.165919,-24.72
2026-07-01,T100089,CP_009,Option,EUR,221966.76,-0.050146,-1.11
2026-07-01,T100090,CP_004,Spot,USD,286021.13,-0.969934,-27.74
2026-07-01,T100091,CP_002,FX-Swap,CHF,4455410.12,2.039357,908.62
2026-07-01,T100092,CP_003,Option,GBP,1656994.39,2.780124,460.66
2026-07-01,T100093,CP_005,FX-Swap,JPY,1540591.93,0.263516,40.6
2026-07-01,T100094,CP_005,Option,USD,3305189.44,-2.228643,-736.61
2026-07-01,T100095,CP_010,Spot,EUR,103322.19,0.618098,6.39
2026-07-01,T100096,CP_001,Option,JPY,2337144.85,1.566243,366.05
2026-07-01,T100097,CP_006,Option,JPY,3260064.28,0.233696,76.19
2026-07-01,T100098,CP_004,Forward,USD,3407262.77,-0.827028,-281.79
2026-07-01,T100099,CP_005,Spot,GBP,2063850.67,-1.589429,-328.03
2026-07-02,T100000,CP_009,FX-Swap,USD,2341669.32,1.451878,339.98
2026-07-02,T100001,CP_007,Forward,CHF,1603515.6,0.626805,100.51
2026-07-02,T100002,CP_003,FX-Swap,USD,127925.82,1.184866,15.16
2026-07-02,T100003,CP_010,Forward,EUR,173264.71,1.096705,19.0
2026-07-02,T100004,CP_008,Forward,USD,1600722.59,1.628403,260.66
2026-07-02,T100005,CP_010,Option,JPY,3698911.37,1.134631,419.69
2026-07-02,T100006,CP_006,Spot,USD,2769404.95,-0.020731,-5.74
2026-07-02,T100007,CP_010,FX-Swap,GBP,3929315.67,0.474433,186.42
2026-07-02,T100008,CP_003,Spot,GBP,3714996.22,0.988354,367.17
2026-07-02,T100009,CP_008,Option,CHF,2332105.07,-0.792158,-184.74
2026-07-02,T100010,CP_004,FX-Swap,CHF,2434805.56,-1.074714,-261.67
2026-07-02,T100011,CP_009,Spot,JPY,383383.95,-2.338029,-89.64
2026-07-02,T100012,CP_008,Forward,CHF,3777516.13,-0.976613,-368.92
2026-07-02,T100013,CP_002,FX-Swap,EUR,2003220.58,-1.129728,-226.31
2026-07-02,T100014,CP_008,Option,JPY,2961182.34,0.640421,189.64
2026-07-02,T100015,CP_005,FX-Swap,GBP,4219210.68,0.562646,237.39
2026-07-02,T100016,CP_005,Forward,USD,2968217.99,1.227411,364.32
2026-07-02,T100017,CP_005,Spot,JPY,4821312.69,-1.663667,-802.11
2026-07-02,T100018,CP_007,Spot,USD,4953291.61,-0.28499,-141.16
2026-07-02,T100019,CP_004,Spot,EUR,1260153.4,-0.380602,-47.96
2026-07-02,T100020,CP_002,Option,EUR,3621733.53,1.003462,363.43
2026-07-02,T100021,CP_004,Option,JPY,2810456.48,0.339204,95.33
2026-07-02,T100022,CP_004,FX-Swap,EUR,3890634.92,-0.608326,-236.68
2026-07-02,T100023,CP_002,Spot,GBP,4856438.24,0.504706,245.11
2026-07-02,T100024,CP_009,FX-Swap,EUR,1833433.44,1.682631,308.5
2026-07-02,T100025,CP_005,Spot,GBP,4579934.3,-0.222557,-101.93
2026-07-02,T100026,CP_007,Spot,JPY,1185343.95,0.446971,52.98
2026-07-02,T100027,CP_010,Option,JPY,3687577.91,0.158566,58.47
2026-07-02,T100028,CP_007,Option,JPY,1352660.0,0.472336,63.89
2026-07-02,T100029,CP_008,FX-Swap,JPY,4183390.97,-0.87616,-366.53
2026-07-02,T100030,CP_007,FX-Swap,GBP,3834935.54,1.299556,498.37
2026-07-02,T100031,CP_006,Spot,USD,2929576.1,0.693405,203.14
2026-07-02,T100032,CP_007,Spot,GBP,4238928.77,-0.315964,-133.93
2026-07-02,T100033,CP_007,Spot,EUR,3400451.21,-1.324152,-450.27
2026-07-02,T100034,CP_002,Forward,EUR,4481770.16,-1.308424,-586.41
2026-07-02,T100035,CP_010,FX-Swap,JPY,4736690.3,-0.235728,-111.66
2026-07-02,T100036,CP_001,Spot,CHF,859562.77,-0.131192,-11.28
2026-07-02,T100037,CP_009,FX-Swap,USD,1293399.88,-0.256798,-33.21
2026-07-02,T100038,CP_010,Option,USD,3408890.22,0.123946,42.25
2026-07-02,T100039,CP_003,Forward,GBP,3542358.85,-0.770856,-273.06
2026-07-02,T100040,CP_005,Forward,EUR,2786347.27,1.118037,311.52
2026-07-02,T100041,CP_001,Forward,USD,2451732.03,0.719643,176.44
2026-07-02,T100042,CP_003,Option,GBP,4410927.04,-1.466459,-646.84
2026-07-02,T100043,CP_005,FX-Swap,USD,3496201.55,-0.145916,-51.02
2026-07-02,T100044,CP_006,FX-Swap,CHF,2057268.23,-0.030606,-6.3
2026-07-02,T100045,CP_008,Option,USD,3139323.88,1.075625,337.67
2026-07-02,T100046,CP_001,Forward,USD,902593.39,-0.668168,-60.31
2026-07-02,T100047,CP_006,Spot,GBP,529566.42,-1.410971,-74.72
2026-07-02,T100048,CP_003,Option,EUR,457960.06,-0.594311,-27.22
2026-07-02,T100049,CP_001,FX-Swap,JPY,2808223.83,-2.606141,-731.86
2026-07-02,T100050,CP_005,Forward,USD,128674.59,-1.001361,-12.88
2026-07-02,T100051,CP_004,Spot,EUR,2048753.09,-0.110142,-22.57
2026-07-02,T100052,CP_007,Forward,GBP,4289056.18,-0.244748,-104.97
2026-07-02,T100053,CP_008,Forward,EUR,247126.78,2.017819,49.87
2026-07-02,T100054,CP_001,FX-Swap,CHF,1260799.31,0.636897,80.3
2026-07-02,T100055,CP_006,Option,CHF,977099.54,-1.296008,-126.63
2026-07-02,T100056,CP_010,Spot,GBP,3098248.74,-0.008346,-2.59
2026-07-02,T100057,CP_003,Option,USD,4355265.16,1.8443,803.24
2026-07-02,T100058,CP_007,Option,USD,3315998.12,-0.894038,-296.46
2026-07-02,T100059,CP_008,Spot,EUR,2858778.93,1.045053,298.76
2026-07-02,T100060,CP_001,Spot,GBP,1446453.78,-2.271863,-328.61
2026-07-02,T100061,CP_010,FX-Swap,CHF,1641950.16,0.773951,127.08
2026-07-02,T100062,CP_006,Forward,EUR,370352.44,-0.171579,-6.35
2026-07-02,T100063,CP_003,Forward,EUR,1871705.95,1.28198,239.95
2026-07-02,T100064,CP_002,FX-Swap,EUR,3274217.44,1.596263,522.65
2026-07-02,T100065,CP_008,Forward,CHF,821505.77,0.753186,61.87
2026-07-02,T100066,CP_006,Spot,EUR,1025906.56,0.866439,88.89
2026-07-02,T100067,CP_010,Forward,CHF,1937224.97,-0.886884,-171.81
2026-07-02,T100068,CP_009,Spot,JPY,4215281.13,0.284987,120.13
2026-07-02,T100069,CP_004,FX-Swap,JPY,565039.07,1.115114,63.01
2026-07-02,T100070,CP_005,Spot,USD,1993650.26,-0.755115,-150.54
2026-07-02,T100071,CP_001,Spot,GBP,3610792.89,-0.634991,-229.28
2026-07-02,T100072,CP_006,Spot,GBP,3721086.78,-1.46312,-544.44
2026-07-02,T100073,CP_004,Forward,GBP,2065628.54,-1.239785,-256.09
2026-07-02,T100074,CP_004,Spot,CHF,413586.25,1.121256,46.37
2026-07-02,T100075,CP_003,Forward,EUR,2069342.76,-0.215535,-44.6
2026-07-02,T100076,CP_005,Option,EUR,182612.61,-0.501628,-9.16
2026-07-02,T100077,CP_003,Forward,USD,157322.39,1.002601,15.77
2026-07-02,T100078,CP_005,Forward,CHF,3829702.4,-0.756792,-289.83
2026-07-02,T100079,CP_010,Spot,CHF,852934.83,1.031293,87.96
2026-07-02,T100080,CP_005,Forward,CHF,4362474.0,1.095218,477.79
2026-07-02,T100081,CP_009,Option,USD,4415508.03,-0.085047,-37.55
2026-07-02,T100082,CP_005,Spot,CHF,1598432.47,-0.206764,-33.05
2026-07-02,T100083,CP_001,Forward,USD,4002318.57,0.898062,359.43
2026-07-02,T100084,CP_003,Option,GBP,2743800.88,0.662613,181.81
2026-07-02,T100085,CP_009,Forward,EUR,410263.34,-0.929503,-38.13
2026-07-02,T100086,CP_008,Option,JPY,1523337.99,-0.356992,-54.38
2026-07-02,T100087,CP_005,Option,GBP,3238220.04,1.269446,411.07
2026-07-02,T100088,CP_007,Forward,USD,1489823.16,-0.191565,-28.54
2026-07-02,T100089,CP_009,Option,EUR,221966.76,-0.066375,-1.47
2026-07-02,T100090,CP_004,Spot,USD,286021.13,-0.941351,-26.92
2026-07-02,T100091,CP_002,FX-Swap,CHF,4455410.12,2.036465,907.33
2026-07-02,T100092,CP_003,Option,GBP,1656994.39,2.782583,461.07
2026-07-02,T100093,CP_005,FX-Swap,JPY,1540591.93,0.254132,39.15
2026-07-02,T100094,CP_005,Option,USD,3305189.44,-2.231929,-737.69
2026-07-02,T100095,CP_010,Spot,EUR,103322.19,0.638776,6.6
2026-07-02,T100096,CP_001,Option,JPY,2337144.85,1.567093,366.25
2026-07-02,T100097,CP_006,Option,JPY,3260064.28,0.24182,78.83
2026-07-02,T100098,CP_004,Forward,USD,3407262.77,-0.825485,-281.26
2026-07-02,T100099,CP_005,Spot,GBP,2063850.67,-1.592114,-328.59
2026-07-06,T100000,CP_009,FX-Swap,USD,2341669.32,1.456801,341.13
2026-07-06,T100001,CP_007,Forward,CHF,1603515.6,0.691994,110.96
2026-07-06,T100002,CP_003,FX-Swap,USD,127925.82,1.196309,15.3
2026-07-06,T100003,CP_010,Forward,EUR,173264.71,1.090012,18.89
2026-07-06,T100004,CP_008,Forward,USD,1600722.59,1.607501,257.32
2026-07-06,T100005,CP_010,Option,JPY,3698911.37,1.144484,423.33
2026-07-06,T100006,CP_006,Spot,USD,2769404.95,-0.015105,-4.18
2026-07-06,T100007,CP_010,FX-Swap,GBP,3929315.67,0.456388,179.33
2026-07-06,T100008,CP_003,Spot,GBP,3714996.22,0.9876,366.89
2026-07-06,T100009,CP_008,Option,CHF,2332105.07,-0.805416,-187.83
2026-07-06,T100010,CP_004,FX-Swap,CHF,2434805.56,-1.085601,-264.32
2026-07-06,T100011,CP_009,Spot,JPY,383383.95,-2.392963,-91.74
2026-07-06,T100012,CP_008,Forward,CHF,3777516.13,-1.053542,-397.98
2026-07-06,T100013,CP_002,FX-Swap,EUR,2003220.58,-1.145821,-229.53
2026-07-06,T100014,CP_008,Option,JPY,2961182.34,0.679871,201.32
2026-07-06,T100015,CP_005,FX-Swap,GBP,4219210.68,0.572481,241.54
2026-07-06,T100016,CP_005,Forward,USD,2968217.99,1.240381,368.17
2026-07-06,T100017,CP_005,Spot,JPY,4821312.69,-1.613409,-777.87
2026-07-06,T100018,CP_007,Spot,USD,4953291.61,-0.30239,-149.78
2026-07-06,T100019,CP_004,Spot,EUR,1260153.4,-0.408217,-51.44
2026-07-06,T100020,CP_002,Option,EUR,3621733.53,0.995033,360.37
2026-07-06,T100021,CP_004,Option,JPY,2810456.48,0.353065,99.23
2026-07-06,T100022,CP_004,FX-Swap,EUR,3890634.92,-0.593526,-230.92
2026-07-06,T100023,CP_002,Spot,GBP,4856438.24,0.502875,244.22
2026-07-06,T100024,CP_009,FX-Swap,EUR,1833433.44,1.676891,307.45
2026-07-06,T100025,CP_005,Spot,GBP,4579934.3,-0.200694,-91.92
2026-07-06,T100026,CP_007,Spot,JPY,1185343.95,0.446072,52.87
2026-07-06,T100027,CP_010,Option,JPY,3687577.91,0.159038,58.65
2026-07-06,T100028,CP_007,Option,JPY,1352660.0,0.447052,60.47
2026-07-06,T100029,CP_008,FX-Swap,JPY,4183390.97,-0.884367,-369.97
2026-07-06,T100030,CP_007,FX-Swap,GBP,3834935.54,1.264719,485.01
2026-07-06,T100031,CP_006,Spot,USD,2929576.1,0.695493,203.75
2026-07-06,T100032,CP_007,Spot,GBP,4238928.77,-0.304291,-128.99
2026-07-06,T100033,CP_007,Spot,EUR,3400451.21,-1.319962,-448.85
2026-07-06,T100034,CP_002,Forward,EUR,4481770.16,-1.337584,-599.47
2026-07-06,T100035,CP_010,FX-Swap,JPY,4736690.3,-0.233684,-110.69
2026-07-06,T100036,CP_001,Spot,CHF,859562.77,-0.133091,-11.44
2026-07-06,T100037,CP_009,FX-Swap,USD,1293399.88,-0.254078,-32.86
2026-07-06,T100038,CP_010,Option,USD,3408890.22,0.159644,54.42
2026-07-06,T100039,CP_003,Forward,GBP,3542358.85,-0.781821,-276.95
2026-07-06,T100040,CP_005,Forward,EUR,2786347.27,1.123016,312.91
2026-07-06,T100041,CP_001,Forward,USD,2451732.03,0.72603,178.0
2026-07-06,T100042,CP_003,Option,GBP,4410927.04,-1.456134,-642.29
2026-07-06,T100043,CP_005,FX-Swap,USD,3496201.55,-0.163756,-57.25
2026-07-06,T100044,CP_006,FX-Swap,CHF,2057268.23,-0.036203,-7.45
2026-07-06,T100045,CP_008,Option,USD,3139323.88,1.102938,346.25
2026-07-06,T100046,CP_001,Forward,USD,902593.39,-0.689834,-62.26
2026-07-06,T100047,CP_006,Spot,GBP,529566.42,-1.411072,-74.73
2026-07-06,T100048,CP_003,Option,EUR,457960.06,-0.595101,-27.25
2026-07-06,T100049,CP_001,FX-Swap,JPY,2808223.83,-2.554818,-717.45
2026-07-06,T100050,CP_005,Forward,USD,128674.59,-1.003186,-12.91
2026-07-06,T100051,CP_004,Spot,EUR,2048753.09,-0.138334,-28.34
2026-07-06,T100052,CP_007,Forward,GBP,4289056.18,-0.229754,-98.54
2026-07-06,T100053,CP_008,Forward,EUR,247126.78,2.003944,49.52
2026-07-06,T100054,CP_001,FX-Swap,CHF,1260799.31,0.679038,85.61
2026-07-06,T100055,CP_006,Option,CHF,977099.54,-1.307918,-127.8
2026-07-06,T100056,CP_010,Spot,GBP,3098248.74,0.005216,1.62
2026-07-06,T100057,CP_003,Option,USD,4355265.16,1.812972,789.6
2026-07-06,T100058,CP_007,Option,USD,3315998.12,-0.901976,-299.09
2026-07-06,T100059,CP_008,Spot,EUR,2858778.93,1.073115,306.78
2026-07-06,T100060,CP_001,Spot,GBP,1446453.78,-2.278623,-329.59
2026-07-06,T100061,CP_010,FX-Swap,CHF,1641950.16,0.768989,126.26
2026-07-06,T100062,CP_006,Forward,EUR,370352.44,-0.083505,-3.09
2026-07-06,T100063,CP_003,Forward,EUR,1871705.95,1.262916,236.38
2026-07-06,T100064,CP_002,FX-Swap,EUR,3274217.44,1.604458,525.33
2026-07-06,T100065,CP_008,Forward,CHF,821505.77,0.753476,61.9
2026-07-06,T100066,CP_006,Spot,EUR,1025906.56,0.88258,90.54
2026-07-06,T100067,CP_010,Forward,CHF,1937224.97,-0.893368,-173.07
2026-07-06,T100068,CP_009,Spot,JPY,4215281.13,0.247742,104.43
2026-07-06,T100069,CP_004,FX-Swap,JPY,565039.07,1.117036,63.12
2026-07-06,T100070,CP_005,Spot,USD,1993650.26,-0.78372,-156.25
2026-07-06,T100071,CP_001,Spot,GBP,3610792.89,-0.614728,-221.97
2026-07-06,T100072,CP_006,Spot,GBP,3721086.78,-1.455618,-541.65
2026-07-06,T100073,CP_004,Forward,GBP,2065628.54,-1.228263,-253.71
2026-07-06,T100074,CP_004,Spot,CHF,413586.25,1.125665,46.56
2026-07-06,T100075,CP_003,Forward,EUR,2069342.76,-0.172483,-35.69
2026-07-06,T100076,CP_005,Option,EUR,182612.61,-0.513097,-9.37
2026-07-06,T100077,CP_003,Forward,USD,157322.39,1.025938,16.14
2026-07-06,T100078,CP_005,Forward,CHF,3829702.4,-0.763063,-292.23
2026-07-06,T100079,CP_010,Spot,CHF,852934.83,1.006003,85.81
2026-07-06,T100080,CP_005,Forward,CHF,4362474.0,1.074623,468.8
2026-07-06,T100081,CP_009,Option,USD,4415508.03,-0.094576,-41.76
2026-07-06,T100082,CP_005,Spot,CHF,1598432.47,-0.233653,-37.35
2026-07-06,T100083,CP_001,Forward,USD,4002318.57,0.854018,341.81
2026-07-06,T100084,CP_003,Option,GBP,2743800.88,0.603935,165.71
2026-07-06,T100085,CP_009,Forward,EUR,410263.34,-0.916574,-37.6
2026-07-06,T100086,CP_008,Option,JPY,1523337.99,-0.317648,-48.39
2026-07-06,T100087,CP_005,Option,GBP,3238220.04,1.264819,409.58
2026-07-06,T100088,CP_007,Forward,USD,1489823.16,-0.173758,-25.89
2026-07-06,T100089,CP_009,Option,EUR,221966.76,-0.113649,-2.52
2026-07-06,T100090,CP_004,Spot,USD,286021.13,-0.965559,-27.62
2026-07-06,T100091,CP_002,FX-Swap,CHF,4455410.12,2.019782,899.9
2026-07-06,T100092,CP_003,Option,GBP,1656994.39,2.789236,462.17
2026-07-06,T100093,CP_005,FX-Swap,JPY,1540591.93,0.244334,37.64
2026-07-06,T100094,CP_005,Option,USD,3305189.44,-2.230984,-737.38
2026-07-06,T100095,CP_010,Spot,EUR,103322.19,0.677235,7.0
2026-07-06,T100096,CP_001,Option,JPY,2337144.85,1.546241,361.38
2026-07-06,T100097,CP_006,Option,JPY,3260064.28,0.24814,80.9
2026-07-06,T100098,CP_004,Forward,USD,3407262.77,-0.831426,-283.29
2026-07-06,T100099,CP_005,Spot,GBP,2063850.67,-1.620409,-334.43
2026-07-07,T100000,CP_009,FX-Swap,USD,2341669.32,1.465932,343.27
2026-07-07,T100001,CP_007,Forward,CHF,1603515.6,0.77022,123.51
2026-07-07,T100002,CP_003,FX-Swap,USD,127925.82,1.178071,15.07
2026-07-07,T100003,CP_010,Forward,EUR,173264.71,1.085215,18.8
2026-07-07,T100004,CP_008,Forward,USD,1600722.59,1.611425,257.94
2026-07-07,T100005,CP_010,Option,JPY,3698911.37,1.139467,421.48
2026-07-07,T100006,CP_006,Spot,USD,2769404.95,-0.016969,-4.7
2026-07-07,T100007,CP_010,FX-Swap,GBP,3929315.67,0.467535,183.71
2026-07-07,T100008,CP_003,Spot,GBP,3714996.22,0.994852,369.59
2026-07-07,T100009,CP_008,Option,CHF,2332105.07,-0.796361,-185.72
2026-07-07,T100010,CP_004,FX-Swap,CHF,2434805.56,-1.071775,-260.96
2026-07-07,T100011,CP_009,Spot,JPY,383383.95,-2.405415,-92.22
2026-07-07,T100012,CP_008,Forward,CHF,3777516.13,-1.088825,-411.31
2026-07-07,T100013,CP_002,FX-Swap,EUR,2003220.58,-1.145029,-229.37
2026-07-07,T100014,CP_008,Option,JPY,2961182.34,0.73225,216.83
2026-07-07,T100015,CP_005,FX-Swap,GBP,4219210.68,0.600593,253.4
2026-07-07,T100016,CP_005,Forward,USD,2968217.99,1.24382,369.19
2026-07-07,T100017,CP_005,Spot,JPY,4821312.69,-1.625395,-783.65
2026-07-07,T100018,CP_007,Spot,USD,4953291.61,-0.304222,-150.69
2026-07-07,T100019,CP_004,Spot,EUR,1260153.4,-0.423501,-53.37
2026-07-07,T100020,CP_002,Option,EUR,3621733.53,1.020494,369.6
2026-07-07,T100021,CP_004,Option,JPY,2810456.48,0.370649,104.17
2026-07-07,T100022,CP_004,FX-Swap,EUR,3890634.92,-0.597686,-232.54
2026-07-07,T100023,CP_002,Spot,GBP,4856438.24,0.50075,243.19
2026-07-07,T100024,CP_009,FX-Swap,EUR,1833433.44,1.673506,306.83
2026-07-07,T100025,CP_005,Spot,GBP,4579934.3,-0.143078,-65.53
2026-07-07,T100026,CP_007,Spot,JPY,1185343.95,0.434833,51.54
2026-07-07,T100027,CP_010,Option,JPY,3687577.91,0.121039,44.63
2026-07-07,T100028,CP_007,Option,JPY,1352660.0,0.463473,62.69
2026-07-07,T100029,CP_008,FX-Swap,JPY,4183390.97,-0.87439,-365.79
2026-07-07,T100030,CP_007,FX-Swap,GBP,3834935.54,1.282224,491.72
2026-07-07,T100031,CP_006,Spot,USD,2929576.1,0.711033,208.3
2026-07-07,T100032,CP_007,Spot,GBP,4238928.77,-0.329468,-139.66
2026-07-07,T100033,CP_007,Spot,EUR,3400451.21,-1.341768,-456.26
2026-07-07,T100034,CP_002,Forward,EUR,4481770.16,-1.314168,-588.98
2026-07-07,T100035,CP_010,FX-Swap,JPY,4736690.3,-0.243619,-115.39
2026-07-07,T100036,CP_001,Spot,CHF,859562.77,-0.140601,-12.09
2026-07-07,T100037,CP_009,FX-Swap,USD,1293399.88,-0.291555,-37.71
2026-07-07,T100038,CP_010,Option,USD,3408890.22,0.148951,50.78
2026-07-07,T100039,CP_003,Forward,GBP,3542358.85,-0.741579,-262.69
2026-07-07,T100040,CP_005,Forward,EUR,2786347.27,1.180358,328.89
2026-07-07,T100041,CP_001,Forward,USD,2451732.03,0.727096,178.26
2026-07-07,T100042,CP_003,Option,GBP,4410927.04,-1.482845,-654.07
2026-07-07,T100043,CP_005,FX-Swap,USD,3496201.55,-0.155854,-54.49
2026-07-07,T100044,CP_006,FX-Swap,CHF,2057268.23,-0.038373,-7.89
2026-07-07,T100045,CP_008,Option,USD,3139323.88,1.085757,340.85
2026-07-07,T100046,CP_001,Forward,USD,902593.39,-0.672995,-60.74
2026-07-07,T100047,CP_006,Spot,GBP,529566.42,-1.431484,-75.81
2026-07-07,T100048,CP_003,Option,EUR,457960.06,-0.579725,-26.55
2026-07-07,T100049,CP_001,FX-Swap,JPY,2808223.83,-2.551691,-716.57
2026-07-07,T100050,CP_005,Forward,USD,128674.59,-0.987677,-12.71
2026-07-07,T100051,CP_004,Spot,EUR,2048753.09,-0.145437,-29.8
2026-07-07,T100052,CP_007,Forward,GBP,4289056.18,-0.175547,-75.29
2026-07-07,T100053,CP_008,Forward,EUR,247126.78,2.014172,49.78
2026-07-07,T100054,CP_001,FX-Swap,CHF,1260799.31,0.70819,89.29
2026-07-07,T100055,CP_006,Option,CHF,977099.54,-1.30528,-127.54
2026-07-07,T100056,CP_010,Spot,GBP,3098248.74,-0.005921,-1.83
2026-07-07,T100057,CP_003,Option,USD,4355265.16,1.801379,784.55
2026-07-07,T100058,CP_007,Option,USD,3315998.12,-0.855967,-283.84
2026-07-07,T100059,CP_008,Spot,EUR,2858778.93,1.073879,307.0
2026-07-07,T100060,CP_001,Spot,GBP,1446453.78,-2.287382,-330.86
2026-07-07,T100061,CP_010,FX-Swap,CHF,1641950.16,0.766105,125.79
2026-07-07,T100062,CP_006,Forward,EUR,370352.44,-0.008141,-0.3
2026-07-07,T100063,CP_003,Forward,EUR,1871705.95,1.2332,230.82
2026-07-07,T100064,CP_002,FX-Swap,EUR,3274217.44,1.601607,524.4
2026-07-07,T100065,CP_008,Forward,CHF,821505.77,0.736629,60.51
2026-07-07,T100066,CP_006,Spot,EUR,1025906.56,0.878139,90.09
2026-07-07,T100067,CP_010,Forward,CHF,1937224.97,-0.913809,-177.03
2026-07-07,T100068,CP_009,Spot,JPY,4215281.13,0.226255,95.37
2026-07-07,T100069,CP_004,FX-Swap,JPY,565039.07,1.09792,62.04
2026-07-07,T100070,CP_005,Spot,USD,1993650.26,-0.779025,-155.31
2026-07-07,T100071,CP_001,Spot,GBP,3610792.89,-0.599111,-216.33
2026-07-07,T100072,CP_006,Spot,GBP,3721086.78,-1.408804,-524.23
2026-07-07,T100073,CP_004,Forward,GBP,2065628.54,-1.237256,-255.57
2026-07-07,T100074,CP_004,Spot,CHF,413586.25,1.130108,46.74
2026-07-07,T100075,CP_003,Forward,EUR,2069342.76,-0.16773,-34.71
2026-07-07,T100076,CP_005,Option,EUR,182612.61,-0.516705,-9.44
2026-07-07,T100077,CP_003,Forward,USD,157322.39,1.013704,15.95
2026-07-07,T100078,CP_005,Forward,CHF,3829702.4,-0.775861,-297.13
2026-07-07,T100079,CP_010,Spot,CHF,852934.83,1.03252,88.07
2026-07-07,T100080,CP_005,Forward,CHF,4362474.0,1.049952,458.04
2026-07-07,T100081,CP_009,Option,USD,4415508.03,-0.109197,-48.22
2026-07-07,T100082,CP_005,Spot,CHF,1598432.47,-0.248623,-39.74
2026-07-07,T100083,CP_001,Forward,USD,4002318.57,0.835936,334.57
2026-07-07,T100084,CP_003,Option,GBP,2743800.88,0.606234,166.34
2026-07-07,T100085,CP_009,Forward,EUR,410263.34,-0.918776,-37.69
2026-07-07,T100086,CP_008,Option,JPY,1523337.99,-0.389215,-59.29
2026-07-07,T100087,CP_005,Option,GBP,3238220.04,1.244631,403.04
2026-07-07,T100088,CP_007,Forward,USD,1489823.16,-0.170801,-25.45
2026-07-07,T100089,CP_009,Option,EUR,221966.76,-0.139199,-3.09
2026-07-07,T100090,CP_004,Spot,USD,286021.13,-0.964419,-27.58
2026-07-07,T100091,CP_002,FX-Swap,CHF,4455410.12,2.029176,904.08
2026-07-07,T100092,CP_003,Option,GBP,1656994.39,2.8077,465.23
2026-07-07,T100093,CP_005,FX-Swap,JPY,1540591.93,0.221716,34.16
2026-07-07,T100094,CP_005,Option,USD,3305189.44,-2.230937,-737.37
2026-07-07,T100095,CP_010,Spot,EUR,103322.19,0.67871,7.01
2026-07-07,T100096,CP_001,Option,JPY,2337144.85,1.542462,360.5
2026-07-07,T100097,CP_006,Option,JPY,3260064.28,0.256669,83.68
2026-07-07,T100098,CP_004,Forward,USD,3407262.77,-0.818858,-279.01
2026-07-07,T100099,CP_005,Spot,GBP,2063850.67,-1.611267,-332.54
2026-07-08,T100000,CP_009,FX-Swap,USD,2341669.32,1.461828,342.31
2026-07-08,T100001,CP_007,Forward,CHF,1603515.6,0.814664,130.63
2026-07-08,T100002,CP_003,FX-Swap,USD,127925.82,1.170356,14.97
2026-07-08,T100003,CP_010,Forward,EUR,173264.71,1.075875,18.64
2026-07-08,T100004,CP_008,Forward,USD,1600722.59,1.569438,251.22
2026-07-08,T100005,CP_010,Option,JPY,3698911.37,1.169681,432.65
2026-07-08,T100006,CP_006,Spot,USD,2769404.95,-0.02608,-7.22
2026-07-08,T100007,CP_010,FX-Swap,GBP,3929315.67,0.443483,174.26
2026-07-08,T100008,CP_003,Spot,GBP,3714996.22,1.057493,392.86
2026-07-08,T100009,CP_008,Option,CHF,2332105.07,-0.789083,-184.02
2026-07-08,T100010,CP_004,FX-Swap,CHF,2434805.56,-1.101157,-268.11
2026-07-08,T100011,CP_009,Spot,JPY,383383.95,-2.399842,-92.01
2026-07-08,T100012,CP_008,Forward,CHF,3777516.13,-1.1734,-443.25
2026-07-08,T100013,CP_002,FX-Swap,EUR,2003220.58,-1.140888,-228.55
2026-07-08,T100014,CP_008,Option,JPY,2961182.34,0.759798,224.99
2026-07-08,T100015,CP_005,FX-Swap,GBP,4219210.68,0.594969,251.03
2026-07-08,T100016,CP_005,Forward,USD,2968217.99,1.272735,377.78
2026-07-08,T100017,CP_005,Spot,JPY,4821312.69,-1.625342,-783.63
2026-07-08,T100018,CP_007,Spot,USD,4953291.61,-0.367713,-182.14
2026-07-08,T100019,CP_004,Spot,EUR,1260153.4,-0.421362,-53.1
2026-07-08,T100020,CP_002,Option,EUR,3621733.53,1.02072,369.68
2026-07-08,T100021,CP_004,Option,JPY,2810456.48,0.378061,106.25
2026-07-08,T100022,CP_004,FX-Swap,EUR,3890634.92,-0.572412,-222.7
2026-07-08,T100023,CP_002,Spot,GBP,4856438.24,0.495907,240.83
2026-07-08,T100024,CP_009,FX-Swap,EUR,1833433.44,1.667369,305.7
2026-07-08,T100025,CP_005,Spot,GBP,4579934.3,-0.10955,-50.17
2026-07-08,T100026,CP_007,Spot,JPY,1185343.95,0.436713,51.77
2026-07-08,T100027,CP_010,Option,JPY,3687577.91,0.119431,44.04
2026-07-08,T100028,CP_007,Option,JPY,1352660.0,0.465547,62.97
2026-07-08,T100029,CP_008,FX-Swap,JPY,4183390.97,-0.836493,-349.94
2026-07-08,T100030,CP_007,FX-Swap,GBP,3834935.54,1.252346,480.27
2026-07-08,T100031,CP_006,Spot,USD,2929576.1,0.704773,206.47
2026-07-08,T100032,CP_007,Spot,GBP,4238928.77,-0.322407,-136.67
2026-07-08,T100033,CP_007,Spot,EUR,3400451.21,-1.333692,-453.52
2026-07-08,T100034,CP_002,Forward,EUR,4481770.16,-1.329398,-595.81
2026-07-08,T100035,CP_010,FX-Swap,JPY,4736690.3,-0.256798,-121.64
2026-07-08,T100036,CP_001,Spot,CHF,859562.77,-0.151129,-12.99
2026-07-08,T100037,CP_009,FX-Swap,USD,1293399.88,-0.29953,-38.74
2026-07-08,T100038,CP_010,Option,USD,3408890.22,0.171202,58.36
2026-07-08,T100039,CP_003,Forward,GBP,3542358.85,-0.787514,-278.97
2026-07-08,T100040,CP_005,Forward,EUR,2786347.27,1.183908,329.88
2026-07-08,T100041,CP_001,Forward,USD,2451732.03,0.727775,178.43
2026-07-08,T100042,CP_003,Option,GBP,4410927.04,-1.480899,-653.21
2026-07-08,T100043,CP_005,FX-Swap,USD,3496201.55,-0.15537,-54.32
2026-07-08,T100044,CP_006,FX-Swap,CHF,2057268.23,-0.04322,-8.89
2026-07-08,T100045,CP_008,Option,USD,3139323.88,1.095992,344.07
2026-07-08,T100046,CP_001,Forward,USD,902593.39,-0.675732,-60.99
2026-07-08,T100047,CP_006,Spot,GBP,529566.42,-1.46753,-77.72
2026-07-08,T100048,CP_003,Option,EUR,457960.06,-0.583083,-26.7
2026-07-08,T100049,CP_001,FX-Swap,JPY,2808223.83,-2.500238,-702.12
2026-07-08,T100050,CP_005,Forward,USD,128674.59,-0.968945,-12.47
2026-07-08,T100051,CP_004,Spot,EUR,2048753.09,-0.125039,-25.62
2026-07-08,T100052,CP_007,Forward,GBP,4289056.18,-0.14612,-62.67
2026-07-08,T100053,CP_008,Forward,EUR,247126.78,2.008363,49.63
2026-07-08,T100054,CP_001,FX-Swap,CHF,1260799.31,0.685112,86.38
2026-07-08,T100055,CP_006,Option,CHF,977099.54,-1.315807,-128.57
2026-07-08,T100056,CP_010,Spot,GBP,3098248.74,0.0092,2.85
2026-07-08,T100057,CP_003,Option,USD,4355265.16,1.832008,797.89
2026-07-08,T100058,CP_007,Option,USD,3315998.12,-0.808826,-268.21
2026-07-08,T100059,CP_008,Spot,EUR,2858778.93,1.079819,308.7
2026-07-08,T100060,CP_001,Spot,GBP,1446453.78,-2.260956,-327.04
2026-07-08,T100061,CP_010,FX-Swap,CHF,1641950.16,0.771466,126.67
2026-07-08,T100062,CP_006,Forward,EUR,370352.44,0.108781,4.03
2026-07-08,T100063,CP_003,Forward,EUR,1871705.95,1.20786,226.08
2026-07-08,T100064,CP_002,FX-Swap,EUR,3274217.44,1.51676,496.62
2026-07-08,T100065,CP_008,Forward,CHF,821505.77,0.764377,62.79
2026-07-08,T100066,CP_006,Spot,EUR,1025906.56,0.881377,90.42
2026-07-08,T100067,CP_010,Forward,CHF,1937224.97,-0.915002,-177.26
2026-07-08,T100068,CP_009,Spot,JPY,4215281.13,0.221424,93.34
2026-07-08,T100069,CP_004,FX-Swap,JPY,565039.07,1.080121,61.03
2026-07-08,T100070,CP_005,Spot,USD,1993650.26,-0.797052,-158.9
2026-07-08,T100071,CP_001,Spot,GBP,3610792.89,-0.587942,-212.29
2026-07-08,T100072,CP_006,Spot,GBP,3721086.78,-1.357708,-505.21
2026-07-08,T100073,CP_004,Forward,GBP,2065628.54,-1.223355,-252.7
2026-07-08,T100074,CP_004,Spot,CHF,413586.25,1.135141,46.95
2026-07-08,T100075,CP_003,Forward,EUR,2069342.76,-0.159564,-33.02
2026-07-08,T100076,CP_005,Option,EUR,182612.61,-0.514668,-9.4
2026-07-08,T100077,CP_003,Forward,USD,157322.39,1.022434,16.09
2026-07-08,T100078,CP_005,Forward,CHF,3829702.4,-0.793463,-303.87
2026-07-08,T100079,CP_010,Spot,CHF,852934.83,1.07791,91.94
2026-07-08,T100080,CP_005,Forward,CHF,4362474.0,1.059466,462.19
2026-07-08,T100081,CP_009,Option,USD,4415508.03,-0.121174,-53.5
2026-07-08,T100082,CP_005,Spot,CHF,1598432.47,-0.249649,-39.9
2026-07-08,T100083,CP_001,Forward,USD,4002318.57,0.822545,329.21
2026-07-08,T100084,CP_003,Option,GBP,2743800.88,0.588361,161.43
2026-07-08,T100085,CP_009,Forward,EUR,410263.34,-0.900153,-36.93
2026-07-08,T100086,CP_008,Option,JPY,1523337.99,-0.406529,-61.93
2026-07-08,T100087,CP_005,Option,GBP,3238220.04,1.248247,404.21
2026-07-08,T100088,CP_007,Forward,USD,1489823.16,-0.180448,-26.88
2026-07-08,T100089,CP_009,Option,EUR,221966.76,-0.164559,-3.65
2026-07-08,T100090,CP_004,Spot,USD,286021.13,-0.972757,-27.82
2026-07-08,T100091,CP_002,FX-Swap,CHF,4455410.12,2.076755,925.28
2026-07-08,T100092,CP_003,Option,GBP,1656994.39,2.822138,467.63
2026-07-08,T100093,CP_005,FX-Swap,JPY,1540591.93,0.214172,33.0
2026-07-08,T100094,CP_005,Option,USD,3305189.44,-2.244876,-741.97
2026-07-08,T100095,CP_010,Spot,EUR,103322.19,0.696419,7.2
2026-07-08,T100096,CP_001,Option,JPY,2337144.85,1.531503,357.93
2026-07-08,T100097,CP_006,Option,JPY,3260064.28,0.26157,85.27
2026-07-08,T100098,CP_004,Forward,USD,3407262.77,-0.795567,-271.07
2026-07-08,T100099,CP_005,Spot,GBP,2063850.67,-1.629816,-336.37
2026-07-09,T100000,CP_009,FX-Swap,USD,2341669.32,1.461315,342.19
2026-07-09,T100001,CP_007,Forward,CHF,1603515.6,0.841664,134.96
2026-07-09,T100002,CP_003,FX-Swap,USD,127925.82,1.171287,14.98
2026-07-09,T100003,CP_010,Forward,EUR,173264.71,1.065892,18.47
2026-07-09,T100004,CP_008,Forward,USD,1600722.59,1.597607,255.73
2026-07-09,T100005,CP_010,Option,JPY,3698911.37,1.184165,438.01
2026-07-09,T100006,CP_006,Spot,USD,2769404.95,-0.035097,-9.72
2026-07-09,T100007,CP_010,FX-Swap,GBP,3929315.67,0.418228,164.34
2026-07-09,T100008,CP_003,Spot,GBP,3714996.22,1.075762,399.65
2026-07-09,T100009,CP_008,Option,CHF,2332105.07,-0.816098,-190.32
2026-07-09,T100010,CP_004,FX-Swap,CHF,2434805.56,-1.115917,-271.7
2026-07-09,T100011,CP_009,Spot,JPY,383383.95,-2.359163,-90.45
2026-07-09,T100012,CP_008,Forward,CHF,3777516.13,-1.071175,-404.64
2026-07-09,T100013,CP_002,FX-Swap,EUR,2003220.58,-1.172075,-234.79
2026-07-09,T100014,CP_008,Option,JPY,2961182.34,0.905854,268.24
2026-07-09,T100015,CP_005,FX-Swap,GBP,4219210.68,0.603133,254.47
2026-07-09,T100016,CP_005,Forward,USD,2968217.99,1.280869,380.19
2026-07-09,T100017,CP_005,Spot,JPY,4821312.69,-1.600594,-771.7
2026-07-09,T100018,CP_007,Spot,USD,4953291.61,-0.363585,-180.09
2026-07-09,T100019,CP_004,Spot,EUR,1260153.4,-0.465675,-58.68
2026-07-09,T100020,CP_002,Option,EUR,3621733.53,1.020477,369.59
2026-07-09,T100021,CP_004,Option,JPY,2810456.48,0.427744,120.22
2026-07-09,T100022,CP_004,FX-Swap,EUR,3890634.92,-0.544344,-211.78
2026-07-09,T100023,CP_002,Spot,GBP,4856438.24,0.497168,241.45
2026-07-09,T100024,CP_009,FX-Swap,EUR,1833433.44,1.67061,306.3
2026-07-09,T100025,CP_005,Spot,GBP,4579934.3,-0.052527,-24.06
2026-07-09,T100026,CP_007,Spot,JPY,1185343.95,0.420027,49.79
2026-07-09,T100027,CP_010,Option,JPY,3687577.91,0.134901,49.75
2026-07-09,T100028,CP_007,Option,JPY,1352660.0,0.468207,63.33
2026-07-09,T100029,CP_008,FX-Swap,JPY,4183390.97,-0.833304,-348.6
2026-07-09,T100030,CP_007,FX-Swap,GBP,3834935.54,1.261474,483.77
2026-07-09,T100031,CP_006,Spot,USD,2929576.1,0.723365,211.92
2026-07-09,T100032,CP_007,Spot,GBP,4238928.77,-0.321729,-136.38
2026-07-09,T100033,CP_007,Spot,EUR,3400451.21,-1.314482,-446.98
2026-07-09,T100034,CP_002,Forward,EUR,4481770.16,-1.346179,-603.33
2026-07-09,T100035,CP_010,FX-Swap,JPY,4736690.3,-0.243517,-115.35
2026-07-09,T100036,CP_001,Spot,CHF,859562.77,-0.16154,-13.89
2026-07-09,T100037,CP_009,FX-Swap,USD,1293399.88,-0.330848,-42.79
2026-07-09,T100038,CP_010,Option,USD,3408890.22,0.18594,63.38
2026-07-09,T100039,CP_003,Forward,GBP,3542358.85,-0.819495,-290.29
2026-07-09,T100040,CP_005,Forward,EUR,2786347.27,1.173251,326.91
2026-07-09,T100041,CP_001,Forward,USD,2451732.03,0.723289,177.33
2026-07-09,T100042,CP_003,Option,GBP,4410927.04,-1.472568,-649.54
2026-07-09,T100043,CP_005,FX-Swap,USD,3496201.55,-0.132353,-46.27
2026-07-09,T100044,CP_006,FX-Swap,CHF,2057268.23,-0.048091,-9.89
2026-07-09,T100045,CP_008,Option,USD,3139323.88,1.043563,327.61
2026-07-09,T100046,CP_001,Forward,USD,902593.39,-0.667647,-60.26
2026-07-09,T100047,CP_006,Spot,GBP,529566.42,-1.489646,-78.89
2026-07-09,T100048,CP_003,Option,EUR,457960.06,-0.572946,-26.24
2026-07-09,T100049,CP_001,FX-Swap,JPY,2808223.83,-2.396815,-673.08
2026-07-09,T100050,CP_005,Forward,USD,128674.59,-0.975204,-12.55
2026-07-09,T100051,CP_004,Spot,EUR,2048753.09,-0.158533,-32.48
2026-07-09,T100052,CP_007,Forward,GBP,4289056.18,-0.147721,-63.36
2026-07-09,T100053,CP_008,Forward,EUR,247126.78,1.993042,49.25
2026-07-09,T100054,CP_001,FX-Swap,CHF,1260799.31,0.642851,81.05
2026-07-09,T100055,CP_006,Option,CHF,977099.54,-1.323138,-129.28
2026-07-09,T100056,CP_010,Spot,GBP,3098248.74,0.026284,8.14
2026-07-09,T100057,CP_003,Option,USD,4355265.16,1.819303,792.35
2026-07-09,T100058,CP_007,Option,USD,3315998.12,-0.782743,-259.56
2026-07-09,T100059,CP_008,Spot,EUR,2858778.93,1.08334,309.7
2026-07-09,T100060,CP_001,Spot,GBP,1446453.78,-2.269985,-328.34
2026-07-09,T100061,CP_010,FX-Swap,CHF,1641950.16,0.764094,125.46
2026-07-09,T100062,CP_006,Forward,EUR,370352.44,0.201222,7.45
2026-07-09,T100063,CP_003,Forward,EUR,1871705.95,1.189559,222.65
2026-07-09,T100064,CP_002,FX-Swap,EUR,3274217.44,1.52436,499.11
2026-07-09,T100065,CP_008,Forward,CHF,821505.77,0.777692,63.89
2026-07-09,T100066,CP_006,Spot,EUR,1025906.56,0.890275,91.33
2026-07-09,T100067,CP_010,Forward,CHF,1937224.97,-0.923514,-178.91
2026-07-09,T100068,CP_009,Spot,JPY,4215281.13,0.218338,92.04
2026-07-09,T100069,CP_004,FX-Swap,JPY,565039.07,1.072493,60.6
2026-07-09,T100070,CP_005,Spot,USD,1993650.26,-0.806377,-160.76
2026-07-09,T100071,CP_001,Spot,GBP,3610792.89,-0.585809,-211.52
2026-07-09,T100072,CP_006,Spot,GBP,3721086.78,-1.371179,-510.23
2026-07-09,T100073,CP_004,Forward,GBP,2065628.54,-1.21011,-249.96
2026-07-09,T100074,CP_004,Spot,CHF,413586.25,1.127874,46.65
2026-07-09,T100075,CP_003,Forward,EUR,2069342.76,-0.191578,-39.64
2026-07-09,T100076,CP_005,Option,EUR,182612.61,-0.503007,-9.19
2026-07-09,T100077,CP_003,Forward,USD,157322.39,1.038833,16.34
2026-07-09,T100078,CP_005,Forward,CHF,3829702.4,-0.807906,-309.4
2026-07-09,T100079,CP_010,Spot,CHF,852934.83,1.050666,89.61
2026-07-09,T100080,CP_005,Forward,CHF,4362474.0,1.076553,469.64
2026-07-09,T100081,CP_009,Option,USD,4415508.03,-0.098487,-43.49
2026-07-09,T100082,CP_005,Spot,CHF,1598432.47,-0.226536,-36.21
2026-07-09,T100083,CP_001,Forward,USD,4002318.57,0.813613,325.63
2026-07-09,T100084,CP_003,Option,GBP,2743800.88,0.567353,155.67
2026-07-09,T100085,CP_009,Forward,EUR,410263.34,-0.868446,-35.63
2026-07-09,T100086,CP_008,Option,JPY,1523337.99,-0.432693,-65.91
2026-07-09,T100087,CP_005,Option,GBP,3238220.04,1.258281,407.46
2026-07-09,T100088,CP_007,Forward,USD,1489823.16,-0.184717,-27.52
2026-07-09,T100089,CP_009,Option,EUR,221966.76,-0.173229,-3.85
2026-07-09,T100090,CP_004,Spot,USD,286021.13,-0.98033,-28.04
2026-07-09,T100091,CP_002,FX-Swap,CHF,4455410.12,2.079739,926.61
2026-07-09,T100092,CP_003,Option,GBP,1656994.39,2.843403,471.15
2026-07-09,T100093,CP_005,FX-Swap,JPY,1540591.93,0.201768,31.08
2026-07-09,T100094,CP_005,Option,USD,3305189.44,-2.237471,-739.53
2026-07-09,T100095,CP_010,Spot,EUR,103322.19,0.675821,6.98
2026-07-09,T100096,CP_001,Option,JPY,2337144.85,1.53914,359.72
2026-07-09,T100097,CP_006,Option,JPY,3260064.28,0.268094,87.4
2026-07-09,T100098,CP_004,Forward,USD,3407262.77,-0.779789,-265.69
2026-07-09,T100099,CP_005,Spot,GBP,2063850.67,-1.617028,-333.73
2026-07-10,T100000,CP_009,FX-Swap,USD,2341669.32,1.477062,345.88
2026-07-10,T100001,CP_007,Forward,CHF,1603515.6,0.835798,134.02
2026-07-10,T100002,CP_003,FX-Swap,USD,127925.82,1.160069,14.84
2026-07-10,T100003,CP_010,Forward,EUR,173264.71,1.060865,18.38
2026-07-10,T100004,CP_008,Forward,USD,1600722.59,1.632048,261.25
2026-07-10,T100005,CP_010,Option,JPY,3698911.37,1.196753,442.67
2026-07-10,T100006,CP_006,Spot,USD,2769404.95,-0.049598,-13.74
2026-07-10,T100007,CP_010,FX-Swap,GBP,3929315.67,0.440063,172.91
2026-07-10,T100008,CP_003,Spot,GBP,3714996.22,1.082995,402.33
2026-07-10,T100009,CP_008,Option,CHF,2332105.07,-0.846111,-197.32
2026-07-10,T100010,CP_004,FX-Swap,CHF,2434805.56,-1.132147,-275.66
2026-07-10,T100011,CP_009,Spot,JPY,383383.95,-2.362778,-90.59
2026-07-10,T100012,CP_008,Forward,CHF,3777516.13,-1.040529,-393.06
2026-07-10,T100013,CP_002,FX-Swap,EUR,2003220.58,-1.18289,-236.96
2026-07-10,T100014,CP_008,Option,JPY,2961182.34,0.9423,279.03
2026-07-10,T100015,CP_005,FX-Swap,GBP,4219210.68,0.614339,259.2
2026-07-10,T100016,CP_005,Forward,USD,2968217.99,1.282807,380.77
2026-07-10,T100017,CP_005,Spot,JPY,4821312.69,-1.588437,-765.83
2026-07-10,T100018,CP_007,Spot,USD,4953291.61,-0.357637,-177.15
2026-07-10,T100019,CP_004,Spot,EUR,1260153.4,-0.445382,-56.12
2026-07-10,T100020,CP_002,Option,EUR,3621733.53,1.064204,385.43
2026-07-10,T100021,CP_004,Option,JPY,2810456.48,0.471235,132.44
2026-07-10,T100022,CP_004,FX-Swap,EUR,3890634.92,-0.510376,-198.57
2026-07-10,T100023,CP_002,Spot,GBP,4856438.24,0.499646,242.65
2026-07-10,T100024,CP_009,FX-Swap,EUR,1833433.44,1.668771,305.96
2026-07-10,T100025,CP_005,Spot,GBP,4579934.3,-0.099009,-45.35
2026-07-10,T100026,CP_007,Spot,JPY,1185343.95,0.417472,49.48
2026-07-10,T100027,CP_010,Option,JPY,3687577.91,0.119269,43.98
2026-07-10,T100028,CP_007,Option,JPY,1352660.0,0.506579,68.52
2026-07-10,T100029,CP_008,FX-Swap,JPY,4183390.97,-0.84473,-353.38
2026-07-10,T100030,CP_007,FX-Swap,GBP,3834935.54,1.258389,482.58
2026-07-10,T100031,CP_006,Spot,USD,2929576.1,0.707858,207.37
2026-07-10,T100032,CP_007,Spot,GBP,4238928.77,-0.303042,-128.46
2026-07-10,T100033,CP_007,Spot,EUR,3400451.21,-1.302821,-443.02
2026-07-10,T100034,CP_002,Forward,EUR,4481770.16,-1.327643,-595.02
2026-07-10,T100035,CP_010,FX-Swap,JPY,4736690.3,-0.233997,-110.84
2026-07-10,T100036,CP_001,Spot,CHF,859562.77,-0.187146,-16.09
2026-07-10,T100037,CP_009,FX-Swap,USD,1293399.88,-0.358679,-46.39
2026-07-10,T100038,CP_010,Option,USD,3408890.22,0.083854,28.58
2026-07-10,T100039,CP_003,Forward,GBP,3542358.85,-0.843941,-298.95
2026-07-10,T100040,CP_005,Forward,EUR,2786347.27,1.122525,312.77
2026-07-10,T100041,CP_001,Forward,USD,2451732.03,0.72827,178.55
2026-07-10,T100042,CP_003,Option,GBP,4410927.04,-1.463941,-645.73
2026-07-10,T100043,CP_005,FX-Swap,USD,3496201.55,-0.152827,-53.43
2026-07-10,T100044,CP_006,FX-Swap,CHF,2057268.23,-0.047434,-9.76
2026-07-10,T100045,CP_008,Option,USD,3139323.88,1.019693,320.11
2026-07-10,T100046,CP_001,Forward,USD,902593.39,-0.678516,-61.24
2026-07-10,T100047,CP_006,Spot,GBP,529566.42,-1.505418,-79.72
2026-07-10,T100048,CP_003,Option,EUR,457960.06,-0.584315,-26.76
2026-07-10,T100049,CP_001,FX-Swap,JPY,2808223.83,-2.386455,-670.17
2026-07-10,T100050,CP_005,Forward,USD,128674.59,-0.980987,-12.62
2026-07-10,T100051,CP_004,Spot,EUR,2048753.09,-0.201714,-41.33
2026-07-10,T100052,CP_007,Forward,GBP,4289056.18,-0.131453,-56.38
2026-07-10,T100053,CP_008,Forward,EUR,247126.78,1.991497,49.22
2026-07-10,T100054,CP_001,FX-Swap,CHF,1260799.31,0.606147,76.42
2026-07-10,T100055,CP_006,Option,CHF,977099.54,-1.339481,-130.88
2026-07-10,T100056,CP_010,Spot,GBP,3098248.74,0.025035,7.76
2026-07-10,T100057,CP_003,Option,USD,4355265.16,1.814478,790.25
2026-07-10,T100058,CP_007,Option,USD,3315998.12,-0.79917,-265.0
2026-07-10,T100059,CP_008,Spot,EUR,2858778.93,1.107196,316.52
2026-07-10,T100060,CP_001,Spot,GBP,1446453.78,-2.308803,-333.96
2026-07-10,T100061,CP_010,FX-Swap,CHF,1641950.16,0.741398,121.73
2026-07-10,T100062,CP_006,Forward,EUR,370352.44,0.179588,6.65
2026-07-10,T100063,CP_003,Forward,EUR,1871705.95,1.167729,218.56
2026-07-10,T100064,CP_002,FX-Swap,EUR,3274217.44,1.515384,496.17
2026-07-10,T100065,CP_008,Forward,CHF,821505.77,0.762458,62.64
2026-07-10,T100066,CP_006,Spot,EUR,1025906.56,0.898157,92.14
2026-07-10,T100067,CP_010,Forward,CHF,1937224.97,-0.935957,-181.32
2026-07-10,T100068,CP_009,Spot,JPY,4215281.13,0.219887,92.69
2026-07-10,T100069,CP_004,FX-Swap,JPY,565039.07,1.059143,59.85
2026-07-10,T100070,CP_005,Spot,USD,1993650.26,-0.808812,-161.25
2026-07-10,T100071,CP_001,Spot,GBP,3610792.89,-0.577498,-208.52
2026-07-10,T100072,CP_006,Spot,GBP,3721086.78,-1.344191,-500.19
2026-07-10,T100073,CP_004,Forward,GBP,2065628.54,-1.202483,-248.39
2026-07-10,T100074,CP_004,Spot,CHF,413586.25,1.13554,46.96
2026-07-10,T100075,CP_003,Forward,EUR,2069342.76,-0.148105,-30.65
2026-07-10,T100076,CP_005,Option,EUR,182612.61,-0.456767,-8.34
2026-07-10,T100077,CP_003,Forward,USD,157322.39,1.028266,16.18
2026-07-10,T100078,CP_005,Forward,CHF,3829702.4,-0.814334,-311.87
2026-07-10,T100079,CP_010,Spot,CHF,852934.83,1.08642,92.66
2026-07-10,T100080,CP_005,Forward,CHF,4362474.0,1.054734,460.12
2026-07-10,T100081,CP_009,Option,USD,4415508.03,-0.100975,-44.59
2026-07-10,T100082,CP_005,Spot,CHF,1598432.47,-0.264073,-42.21
2026-07-10,T100083,CP_001,Forward,USD,4002318.57,0.825237,330.29
2026-07-10,T100084,CP_003,Option,GBP,2743800.88,0.516485,141.71
2026-07-10,T100085,CP_009,Forward,EUR,410263.34,-0.866498,-35.55
2026-07-10,T100086,CP_008,Option,JPY,1523337.99,-0.470214,-71.63
2026-07-10,T100087,CP_005,Option,GBP,3238220.04,1.252214,405.49
2026-07-10,T100088,CP_007,Forward,USD,1489823.16,-0.199827,-29.77
2026-07-10,T100089,CP_009,Option,EUR,221966.76,-0.180538,-4.01
2026-07-10,T100090,CP_004,Spot,USD,286021.13,-1.006765,-28.8
2026-07-10,T100091,CP_002,FX-Swap,CHF,4455410.12,2.098401,934.92
2026-07-10,T100092,CP_003,Option,GBP,1656994.39,2.8501,472.26
2026-07-10,T100093,CP_005,FX-Swap,JPY,1540591.93,0.196687,30.3
2026-07-10,T100094,CP_005,Option,USD,3305189.44,-2.240103,-740.4
2026-07-10,T100095,CP_010,Spot,EUR,103322.19,0.712669,7.36
2026-07-10,T100096,CP_001,Option,JPY,2337144.85,1.554233,363.25
2026-07-10,T100097,CP_006,Option,JPY,3260064.28,0.273696,89.23
2026-07-10,T100098,CP_004,Forward,USD,3407262.77,-0.778236,-265.17
2026-07-10,T100099,CP_005,Spot,GBP,2063850.67,-1.633059,-337.04
2026-07-13,T100000,CP_009,FX-Swap,USD,2341669.32,1.481216,346.85
2026-07-13,T100001,CP_007,Forward,CHF,1603515.6,0.866488,138.94
2026-07-13,T100002,CP_003,FX-Swap,USD,127925.82,1.17713,15.06
2026-07-13,T100003,CP_010,Forward,EUR,173264.71,1.054921,18.28
2026-07-13,T100004,CP_008,Forward,USD,1600722.59,1.663393,266.26
2026-07-13,T100005,CP_010,Option,JPY,3698911.37,1.157535,428.16
2026-07-13,T100006,CP_006,Spot,USD,2769404.95,-0.051577,-14.28
2026-07-13,T100007,CP_010,FX-Swap,GBP,3929315.67,0.450891,177.17
2026-07-13,T100008,CP_003,Spot,GBP,3714996.22,1.085631,403.31
2026-07-13,T100009,CP_008,Option,CHF,2332105.07,-0.857725,-200.03
2026-07-13,T100010,CP_004,FX-Swap,CHF,2434805.56,-1.139333,-277.41
2026-07-13,T100011,CP_009,Spot,JPY,383383.95,-2.362906,-90.59
2026-07-13,T100012,CP_008,Forward,CHF,3777516.13,-0.997369,-376.76
2026-07-13,T100013,CP_002,FX-Swap,EUR,2003220.58,-1.219211,-244.23
2026-07-13,T100014,CP_008,Option,JPY,2961182.34,0.958345,283.78
2026-07-13,T100015,CP_005,FX-Swap,GBP,4219210.68,0.572572,241.58
2026-07-13,T100016,CP_005,Forward,USD,2968217.99,1.265082,375.5
2026-07-13,T100017,CP_005,Spot,JPY,4821312.69,-1.622842,-782.42
2026-07-13,T100018,CP_007,Spot,USD,4953291.61,-0.343285,-170.04
2026-07-13,T100019,CP_004,Spot,EUR,1260153.4,-0.457853,-57.7
2026-07-13,T100020,CP_002,Option,EUR,3621733.53,1.076778,389.98
2026-07-13,T100021,CP_004,Option,JPY,2810456.48,0.467963,131.52
2026-07-13,T100022,CP_004,FX-Swap,EUR,3890634.92,-0.51633,-200.89
2026-07-13,T100023,CP_002,Spot,GBP,4856438.24,0.500078,242.86
2026-07-13,T100024,CP_009,FX-Swap,EUR,1833433.44,1.678783,307.79
2026-07-13,T100025,CP_005,Spot,GBP,4579934.3,-0.093219,-42.69
2026-07-13,T100026,CP_007,Spot,JPY,1185343.95,0.412484,48.89
2026-07-13,T100027,CP_010,Option,JPY,3687577.91,0.135211,49.86
2026-07-13,T100028,CP_007,Option,JPY,1352660.0,0.498881,67.48
2026-07-13,T100029,CP_008,FX-Swap,JPY,4183390.97,-0.803583,-336.17
2026-07-13,T100030,CP_007,FX-Swap,GBP,3834935.54,1.250748,479.65
2026-07-13,T100031,CP_006,Spot,USD,2929576.1,0.70158,205.53
2026-07-13,T100032,CP_007,Spot,GBP,4238928.77,-0.277162,-117.49
2026-07-13,T100033,CP_007,Spot,EUR,3400451.21,-1.280577,-435.45
2026-07-13,T100034,CP_002,Forward,EUR,4481770.16,-1.384874,-620.67
2026-07-13,T100035,CP_010,FX-Swap,JPY,4736690.3,-0.255034,-120.8
2026-07-13,T100036,CP_001,Spot,CHF,859562.77,-0.209984,-18.05
2026-07-13,T100037,CP_009,FX-Swap,USD,1293399.88,-0.330636,-42.76
2026-07-13,T100038,CP_010,Option,USD,3408890.22,0.039372,13.42
2026-07-13,T100039,CP_003,Forward,GBP,3542358.85,-0.889306,-315.02
2026-07-13,T100040,CP_005,Forward,EUR,2786347.27,1.150238,320.5
2026-07-13,T100041,CP_001,Forward,USD,2451732.03,0.734012,179.96
2026-07-13,T100042,CP_003,Option,GBP,4410927.04,-1.473853,-650.11
2026-07-13,T100043,CP_005,FX-Swap,USD,3496201.55,-0.157253,-54.98
2026-07-13,T100044,CP_006,FX-Swap,CHF,2057268.23,-0.058096,-11.95
2026-07-13,T100045,CP_008,Option,USD,3139323.88,1.028237,322.8
2026-07-13,T100046,CP_001,Forward,USD,902593.39,-0.66808,-60.3
2026-07-13,T100047,CP_006,Spot,GBP,529566.42,-1.525626,-80.79
2026-07-13,T100048,CP_003,Option,EUR,457960.06,-0.591944,-27.11
2026-07-13,T100049,CP_001,FX-Swap,JPY,2808223.83,-2.367295,-664.79
2026-07-13,T100050,CP_005,Forward,USD,128674.59,-0.974545,-12.54
2026-07-13,T100051,CP_004,Spot,EUR,2048753.09,-0.208898,-42.8
2026-07-13,T100052,CP_007,Forward,GBP,4289056.18,-0.113194,-48.55
2026-07-13,T100053,CP_008,Forward,EUR,247126.78,1.988422,49.14
2026-07-13,T100054,CP_001,FX-Swap,CHF,1260799.31,0.614022,77.42
2026-07-13,T100055,CP_006,Option,CHF,977099.54,-1.336943,-130.63
2026-07-13,T100056,CP_010,Spot,GBP,3098248.74,0.023446,7.26
2026-07-13,T100057,CP_003,Option,USD,4355265.16,1.823408,794.14
2026-07-13,T100058,CP_007,Option,USD,3315998.12,-0.765569,-253.86
2026-07-13,T100059,CP_008,Spot,EUR,2858778.93,1.106711,316.38
2026-07-13,T100060,CP_001,Spot,GBP,1446453.78,-2.324101,-336.17
2026-07-13,T100061,CP_010,FX-Swap,CHF,1641950.16,0.735555,120.77
2026-07-13,T100062,CP_006,Forward,EUR,370352.44,0.247962,9.18
2026-07-13,T100063,CP_003,Forward,EUR,1871705.95,1.148472,214.96
2026-07-13,T100064,CP_002,FX-Swap,EUR,3274217.44,1.512711,495.29
2026-07-13,T100065,CP_008,Forward,CHF,821505.77,0.740295,60.82
2026-07-13,T100066,CP_006,Spot,EUR,1025906.56,0.896784,92.0
2026-07-13,T100067,CP_010,Forward,CHF,1937224.97,-0.935219,-181.17
2026-07-13,T100068,CP_009,Spot,JPY,4215281.13,0.204947,86.39
2026-07-13,T100069,CP_004,FX-Swap,JPY,565039.07,1.073,60.63
2026-07-13,T100070,CP_005,Spot,USD,1993650.26,-0.829376,-165.35
2026-07-13,T100071,CP_001,Spot,GBP,3610792.89,-0.584312,-210.98
2026-07-13,T100072,CP_006,Spot,GBP,3721086.78,-1.330985,-495.27
2026-07-13,T100073,CP_004,Forward,GBP,2065628.54,-1.193214,-246.47
2026-07-13,T100074,CP_004,Spot,CHF,413586.25,1.150857,47.6
2026-07-13,T100075,CP_003,Forward,EUR,2069342.76,-0.125634,-26.0
2026-07-13,T100076,CP_005,Option,EUR,182612.61,-0.459273,-8.39
2026-07-13,T100077,CP_003,Forward,USD,157322.39,1.065541,16.76
2026-07-13,T100078,CP_005,Forward,CHF,3829702.4,-0.817121,-312.93
2026-07-13,T100079,CP_010,Spot,CHF,852934.83,1.098038,93.66
2026-07-13,T100080,CP_005,Forward,CHF,4362474.0,1.035895,451.91
2026-07-13,T100081,CP_009,Option,USD,4415508.03,-0.081548,-36.01
2026-07-13,T100082,CP_005,Spot,CHF,1598432.47,-0.278538,-44.52
2026-07-13,T100083,CP_001,Forward,USD,4002318.57,0.863588,345.64
2026-07-13,T100084,CP_003,Option,GBP,2743800.88,0.517181,141.9
2026-07-13,T100085,CP_009,Forward,EUR,410263.34,-0.843858,-34.62
2026-07-13,T100086,CP_008,Option,JPY,1523337.99,-0.50762,-77.33
2026-07-13,T100087,CP_005,Option,GBP,3238220.04,1.260544,408.19
2026-07-13,T100088,CP_007,Forward,USD,1489823.16,-0.202414,-30.16
2026-07-13,T100089,CP_009,Option,EUR,221966.76,-0.190279,-4.22
2026-07-13,T100090,CP_004,Spot,USD,286021.13,-1.021144,-29.21
2026-07-13,T100091,CP_002,FX-Swap,CHF,4455410.12,2.092175,932.15
2026-07-13,T100092,CP_003,Option,GBP,1656994.39,2.862023,474.24
2026-07-13,T100093,CP_005,FX-Swap,JPY,1540591.93,0.184915,28.49
2026-07-13,T100094,CP_005,Option,USD,3305189.44,-2.230477,-737.21
2026-07-13,T100095,CP_010,Spot,EUR,103322.19,0.722333,7.46
2026-07-13,T100096,CP_001,Option,JPY,2337144.85,1.546987,361.55
2026-07-13,T100097,CP_006,Option,JPY,3260064.28,0.278869,90.91
2026-07-13,T100098,CP_004,Forward,USD,3407262.77,-0.773695,-263.62
2026-07-13,T100099,CP_005,Spot,GBP,2063850.67,-1.650716,-340.68
2026-07-14,T100000,CP_009,FX-Swap,USD,2341669.32,1.464125,342.85
2026-07-14,T100001,CP_007,Forward,CHF,1603515.6,0.865496,138.78
2026-07-14,T100002,CP_003,FX-Swap,USD,127925.82,1.192542,15.26
2026-07-14,T100003,CP_010,Forward,EUR,173264.71,1.050906,18.21
2026-07-14,T100004,CP_008,Forward,USD,1600722.59,1.75334,280.66
2026-07-14,T100005,CP_010,Option,JPY,3698911.37,1.119062,413.93
2026-07-14,T100006,CP_006,Spot,USD,2769404.95,-0.053796,-14.9
2026-07-14,T100007,CP_010,FX-Swap,GBP,3929315.67,0.447248,175.74
2026-07-14,T100008,CP_003,Spot,GBP,3714996.22,1.065974,396.01
2026-07-14,T100009,CP_008,Option,CHF,2332105.07,-0.843965,-196.82
2026-07-14,T100010,CP_004,FX-Swap,CHF,2434805.56,-1.13998,-277.56
2026-07-14,T100011,CP_009,Spot,JPY,383383.95,-2.32095,-88.98
2026-07-14,T100012,CP_008,Forward,CHF,3777516.13,-1.000248,-377.85
2026-07-14,T100013,CP_002,FX-Swap,EUR,2003220.58,-1.25771,-251.95
2026-07-14,T100014,CP_008,Option,JPY,2961182.34,0.997846,295.48
2026-07-14,T100015,CP_005,FX-Swap,GBP,4219210.68,0.519344,219.12
2026-07-14,T100016,CP_005,Forward,USD,2968217.99,1.257845,373.36
2026-07-14,T100017,CP_005,Spot,JPY,4821312.69,-1.611093,-776.76
2026-07-14,T100018,CP_007,Spot,USD,4953291.61,-0.356293,-176.48
2026-07-14,T100019,CP_004,Spot,EUR,1260153.4,-0.475101,-59.87
2026-07-14,T100020,CP_002,Option,EUR,3621733.53,1.087498,393.86
2026-07-14,T100021,CP_004,Option,JPY,2810456.48,0.48537,136.41
2026-07-14,T100022,CP_004,FX-Swap,EUR,3890634.92,-0.506693,-197.14
2026-07-14,T100023,CP_002,Spot,GBP,4856438.24,0.500368,243.0
2026-07-14,T100024,CP_009,FX-Swap,EUR,1833433.44,1.657611,303.91
2026-07-14,T100025,CP_005,Spot,GBP,4579934.3,-0.063469,-29.07
2026-07-14,T100026,CP_007,Spot,JPY,1185343.95,0.386594,45.82
2026-07-14,T100027,CP_010,Option,JPY,3687577.91,0.149575,55.16
2026-07-14,T100028,CP_007,Option,JPY,1352660.0,0.4866,65.82
2026-07-14,T100029,CP_008,FX-Swap,JPY,4183390.97,-0.773607,-323.63
2026-07-14,T100030,CP_007,FX-Swap,GBP,3834935.54,1.252062,480.16
2026-07-14,T100031,CP_006,Spot,USD,2929576.1,0.673021,197.17
2026-07-14,T100032,CP_007,Spot,GBP,4238928.77,-0.269472,-114.23
2026-07-14,T100033,CP_007,Spot,EUR,3400451.21,-1.279319,-435.03
2026-07-14,T100034,CP_002,Forward,EUR,4481770.16,-1.398518,-626.78
2026-07-14,T100035,CP_010,FX-Swap,JPY,4736690.3,-0.246921,-116.96
2026-07-14,T100036,CP_001,Spot,CHF,859562.77,-0.229711,-19.75
2026-07-14,T100037,CP_009,FX-Swap,USD,1293399.88,-0.346016,-44.75
2026-07-14,T100038,CP_010,Option,USD,3408890.22,0.016315,5.56
2026-07-14,T100039,CP_003,Forward,GBP,3542358.85,-0.936508,-331.74
2026-07-14,T100040,CP_005,Forward,EUR,2786347.27,1.188137,331.06
2026-07-14,T100041,CP_001,Forward,USD,2451732.03,0.731392,179.32
2026-07-14,T100042,CP_003,Option,GBP,4410927.04,-1.494868,-659.38
2026-07-14,T100043,CP_005,FX-Swap,USD,3496201.55,-0.181986,-63.63
2026-07-14,T100044,CP_006,FX-Swap,CHF,2057268.23,-0.060437,-12.43
2026-07-14,T100045,CP_008,Option,USD,3139323.88,0.988462,310.31
2026-07-14,T100046,CP_001,Forward,USD,902593.39,-0.688895,-62.18
2026-07-14,T100047,CP_006,Spot,GBP,529566.42,-1.542135,-81.67
2026-07-14,T100048,CP_003,Option,EUR,457960.06,-0.595828,-27.29
2026-07-14,T100049,CP_001,FX-Swap,JPY,2808223.83,-2.387246,-670.39
2026-07-14,T100050,CP_005,Forward,USD,128674.59,-0.94878,-12.21
2026-07-14,T100051,CP_004,Spot,EUR,2048753.09,-0.211972,-43.43
2026-07-14,T100052,CP_007,Forward,GBP,4289056.18,-0.136531,-58.56
2026-07-14,T100053,CP_008,Forward,EUR,247126.78,1.984357,49.04
2026-07-14,T100054,CP_001,FX-Swap,CHF,1260799.31,0.585848,73.86
2026-07-14,T100055,CP_006,Option,CHF,977099.54,-1.349747,-131.88
2026-07-14,T100056,CP_010,Spot,GBP,3098248.74,0.027291,8.46
2026-07-14,T100057,CP_003,Option,USD,4355265.16,1.827423,795.89
2026-07-14,T100058,CP_007,Option,USD,3315998.12,-0.764502,-253.51
2026-07-14,T100059,CP_008,Spot,EUR,2858778.93,1.122759,320.97
2026-07-14,T100060,CP_001,Spot,GBP,1446453.78,-2.347711,-339.59
2026-07-14,T100061,CP_010,FX-Swap,CHF,1641950.16,0.711855,116.88
2026-07-14,T100062,CP_006,Forward,EUR,370352.44,0.265185,9.82
2026-07-14,T100063,CP_003,Forward,EUR,1871705.95,1.132948,212.05
2026-07-14,T100064,CP_002,FX-Swap,EUR,3274217.44,1.481549,485.09
2026-07-14,T100065,CP_008,Forward,CHF,821505.77,0.753676,61.91
2026-07-14,T100066,CP_006,Spot,EUR,1025906.56,0.886939,90.99
2026-07-14,T100067,CP_010,Forward,CHF,1937224.97,-0.929209,-180.01
2026-07-14,T100068,CP_009,Spot,JPY,4215281.13,0.193613,81.61
2026-07-14,T100069,CP_004,FX-Swap,JPY,565039.07,1.103937,62.38
2026-07-14,T100070,CP_005,Spot,USD,1993650.26,-0.834801,-166.43
2026-07-14,T100071,CP_001,Spot,GBP,3610792.89,-0.57263,-206.76
2026-07-14,T100072,CP_006,Spot,GBP,3721086.78,-1.32271,-492.19
2026-07-14,T100073,CP_004,Forward,GBP,2065628.54,-1.188093,-245.42
2026-07-14,T100074,CP_004,Spot,CHF,413586.25,1.154153,47.73
2026-07-14,T100075,CP_003,Forward,EUR,2069342.76,-0.095838,-19.83
2026-07-14,T100076,CP_005,Option,EUR,182612.61,-0.437097,-7.98
2026-07-14,T100077,CP_003,Forward,USD,157322.39,1.059549,16.67
2026-07-14,T100078,CP_005,Forward,CHF,3829702.4,-0.825041,-315.97
2026-07-14,T100079,CP_010,Spot,CHF,852934.83,1.119154,95.46
2026-07-14,T100080,CP_005,Forward,CHF,4362474.0,1.047109,456.8
2026-07-14,T100081,CP_009,Option,USD,4415508.03,-0.091121,-40.23
2026-07-14,T100082,CP_005,Spot,CHF,1598432.47,-0.303599,-48.53
2026-07-14,T100083,CP_001,Forward,USD,4002318.57,0.830328,332.32
2026-07-14,T100084,CP_003,Option,GBP,2743800.88,0.467205,128.19
2026-07-14,T100085,CP_009,Forward,EUR,410263.34,-0.836324,-34.31
2026-07-14,T100086,CP_008,Option,JPY,1523337.99,-0.556012,-84.7
2026-07-14,T100087,CP_005,Option,GBP,3238220.04,1.272706,412.13
2026-07-14,T100088,CP_007,Forward,USD,1489823.16,-0.193181,-28.78
2026-07-14,T100089,CP_009,Option,EUR,221966.76,-0.229118,-5.09
2026-07-14,T100090,CP_004,Spot,USD,286021.13,-0.992353,-28.38
2026-07-14,T100091,CP_002,FX-Swap,CHF,4455410.12,2.06123,918.36
2026-07-14,T100092,CP_003,Option,GBP,1656994.39,2.868247,475.27
2026-07-14,T100093,CP_005,FX-Swap,JPY,1540591.93,0.172748,26.61
2026-07-14,T100094,CP_005,Option,USD,3305189.44,-2.227513,-736.24
2026-07-14,T100095,CP_010,Spot,EUR,103322.19,0.741379,7.66
2026-07-14,T100096,CP_001,Option,JPY,2337144.85,1.554752,363.37
2026-07-14,T100097,CP_006,Option,JPY,3260064.28,0.283494,92.42
2026-07-14,T100098,CP_004,Forward,USD,3407262.77,-0.769147,-262.07
2026-07-14,T100099,CP_005,Spot,GBP,2063850.67,-1.657427,-342.07
2026-07-15,T100000,CP_009,FX-Swap,USD,2341669.32,1.462356,342.44
2026-07-15,T100001,CP_007,Forward,CHF,1603515.6,0.873786,140.11
2026-07-15,T100002,CP_003,FX-Swap,USD,127925.82,1.160944,14.85
2026-07-15,T100003,CP_010,Forward,EUR,173264.71,1.043498,18.08
2026-07-15,T100004,CP_008,Forward,USD,1600722.59,1.792811,286.98
2026-07-15,T100005,CP_010,Option,JPY,3698911.37,1.136764,420.48
2026-07-15,T100006,CP_006,Spot,USD,2769404.95,-0.03142,-8.7
2026-07-15,T100007,CP_010,FX-Swap,GBP,3929315.67,0.417106,163.89
2026-07-15,T100008,CP_003,Spot,GBP,3714996.22,1.090004,404.94
2026-07-15,T100009,CP_008,Option,CHF,2332105.07,-0.858504,-200.21
2026-07-15,T100010,CP_004,FX-Swap,CHF,2434805.56,-1.096149,-266.89
2026-07-15,T100011,CP_009,Spot,JPY,383383.95,-2.364324,-90.64
2026-07-15,T100012,CP_008,Forward,CHF,3777516.13,-1.065577,-402.52
2026-07-15,T100013,CP_002,FX-Swap,EUR,2003220.58,-1.265777,-253.56
2026-07-15,T100014,CP_008,Option,JPY,2961182.34,0.990488,293.3
2026-07-15,T100015,CP_005,FX-Swap,GBP,4219210.68,0.507302,214.04
2026-07-15,T100016,CP_005,Forward,USD,2968217.99,1.273594,378.03
2026-07-15,T100017,CP_005,Spot,JPY,4821312.69,-1.597727,-770.31
2026-07-15,T100018,CP_007,Spot,USD,4953291.61,-0.387496,-191.94
2026-07-15,T100019,CP_004,Spot,EUR,1260153.4,-0.552306,-69.6
2026-07-15,T100020,CP_002,Option,EUR,3621733.53,1.095194,396.65
2026-07-15,T100021,CP_004,Option,JPY,2810456.48,0.484276,136.1
2026-07-15,T100022,CP_004,FX-Swap,EUR,3890634.92,-0.519211,-202.01
2026-07-15,T100023,CP_002,Spot,GBP,4856438.24,0.498569,242.13
2026-07-15,T100024,CP_009,FX-Swap,EUR,1833433.44,1.644281,301.47
2026-07-15,T100025,CP_005,Spot,GBP,4579934.3,-0.040848,-18.71
2026-07-15,T100026,CP_007,Spot,JPY,1185343.95,0.367974,43.62
2026-07-15,T100027,CP_010,Option,JPY,3687577.91,0.137934,50.86
2026-07-15,T100028,CP_007,Option,JPY,1352660.0,0.457657,61.91
2026-07-15,T100029,CP_008,FX-Swap,JPY,4183390.97,-0.780522,-326.52
2026-07-15,T100030,CP_007,FX-Swap,GBP,3834935.54,1.268457,486.44
2026-07-15,T100031,CP_006,Spot,USD,2929576.1,0.691311,202.52
2026-07-15,T100032,CP_007,Spot,GBP,4238928.77,-0.280227,-118.79
2026-07-15,T100033,CP_007,Spot,EUR,3400451.21,-1.269855,-431.81
2026-07-15,T100034,CP_002,Forward,EUR,4481770.16,-1.451075,-650.34
2026-07-15,T100035,CP_010,FX-Swap,JPY,4736690.3,-0.242416,-114.83
2026-07-15,T100036,CP_001,Spot,CHF,859562.77,-0.278735,-23.96
2026-07-15,T100037,CP_009,FX-Swap,USD,1293399.88,-0.368759,-47.7
2026-07-15,T100038,CP_010,Option,USD,3408890.22,-0.007258,-2.47
2026-07-15,T100039,CP_003,Forward,GBP,3542358.85,-0.989022,-350.35
2026-07-15,T100040,CP_005,Forward,EUR,2786347.27,1.171375,326.39
2026-07-15,T100041,CP_001,Forward,USD,2451732.03,0.721761,176.96
2026-07-15,T100042,CP_003,Option,GBP,4410927.04,-1.469288,-648.09
2026-07-15,T100043,CP_005,FX-Swap,USD,3496201.55,-0.155793,-54.47
2026-07-15,T100044,CP_006,FX-Swap,CHF,2057268.23,-0.064307,-13.23
2026-07-15,T100045,CP_008,Option,USD,3139323.88,0.989723,310.71
2026-07-15,T100046,CP_001,Forward,USD,902593.39,-0.683829,-61.72
2026-07-15,T100047,CP_006,Spot,GBP,529566.42,-1.556965,-82.45
2026-07-15,T100048,CP_003,Option,EUR,457960.06,-0.60402,-27.66
2026-07-15,T100049,CP_001,FX-Swap,JPY,2808223.83,-2.325471,-653.04
2026-07-15,T100050,CP_005,Forward,USD,128674.59,-0.948004,-12.2
2026-07-15,T100051,CP_004,Spot,EUR,2048753.09,-0.229814,-47.08
2026-07-15,T100052,CP_007,Forward,GBP,4289056.18,-0.120574,-51.72
2026-07-15,T100053,CP_008,Forward,EUR,247126.78,1.965931,48.58
2026-07-15,T100054,CP_001,FX-Swap,CHF,1260799.31,0.579764,73.1
2026-07-15,T100055,CP_006,Option,CHF,977099.54,-1.351773,-132.08
2026-07-15,T100056,CP_010,Spot,GBP,3098248.74,0.032972,10.22
2026-07-15,T100057,CP_003,Option,USD,4355265.16,1.815599,790.74
2026-07-15,T100058,CP_007,Option,USD,3315998.12,-0.73769,-244.62
2026-07-15,T100059,CP_008,Spot,EUR,2858778.93,1.127816,322.42
2026-07-15,T100060,CP_001,Spot,GBP,1446453.78,-2.315368,-334.91
2026-07-15,T100061,CP_010,FX-Swap,CHF,1641950.16,0.691794,113.59
2026-07-15,T100062,CP_006,Forward,EUR,370352.44,0.301489,11.17
2026-07-15,T100063,CP_003,Forward,EUR,1871705.95,1.095655,205.07
2026-07-15,T100064,CP_002,FX-Swap,EUR,3274217.44,1.518944,497.34
2026-07-15,T100065,CP_008,Forward,CHF,821505.77,0.735907,60.46
2026-07-15,T100066,CP_006,Spot,EUR,1025906.56,0.856513,87.87
2026-07-15,T100067,CP_010,Forward,CHF,1937224.97,-0.914781,-177.21
2026-07-15,T100068,CP_009,Spot,JPY,4215281.13,0.209412,88.27
2026-07-15,T100069,CP_004,FX-Swap,JPY,565039.07,1.102476,62.29
2026-07-15,T100070,CP_005,Spot,USD,1993650.26,-0.880317,-175.5
2026-07-15,T100071,CP_001,Spot,GBP,3610792.89,-0.549661,-198.47
2026-07-15,T100072,CP_006,Spot,GBP,3721086.78,-1.295493,-482.06
2026-07-15,T100073,CP_004,Forward,GBP,2065628.54,-1.180223,-243.79
2026-07-15,T100074,CP_004,Spot,CHF,413586.25,1.16584,48.22
2026-07-15,T100075,CP_003,Forward,EUR,2069342.76,-0.096325,-19.93
2026-07-15,T100076,CP_005,Option,EUR,182612.61,-0.446724,-8.16
2026-07-15,T100077,CP_003,Forward,USD,157322.39,1.10632,17.4
2026-07-15,T100078,CP_005,Forward,CHF,3829702.4,-0.854837,-327.38
2026-07-15,T100079,CP_010,Spot,CHF,852934.83,1.14643,97.78
2026-07-15,T100080,CP_005,Forward,CHF,4362474.0,1.08548,473.54
2026-07-15,T100081,CP_009,Option,USD,4415508.03,-0.081859,-36.14
2026-07-15,T100082,CP_005,Spot,CHF,1598432.47,-0.340023,-54.35
2026-07-15,T100083,CP_001,Forward,USD,4002318.57,0.803473,321.58
2026-07-15,T100084,CP_003,Option,GBP,2743800.88,0.429041,117.72
2026-07-15,T100085,CP_009,Forward,EUR,410263.34,-0.837034,-34.34
2026-07-15,T100086,CP_008,Option,JPY,1523337.99,-0.599246,-91.29
2026-07-15,T100087,CP_005,Option,GBP,3238220.04,1.263285,409.08
2026-07-15,T100088,CP_007,Forward,USD,1489823.16,-0.228662,-34.07
2026-07-15,T100089,CP_009,Option,EUR,221966.76,-0.236864,-5.26
2026-07-15,T100090,CP_004,Spot,USD,286021.13,-0.992927,-28.4
2026-07-15,T100091,CP_002,FX-Swap,CHF,4455410.12,2.070586,922.53
2026-07-15,T100092,CP_003,Option,GBP,1656994.39,2.877985,476.88
2026-07-15,T100093,CP_005,FX-Swap,JPY,1540591.93,0.127991,19.72
2026-07-15,T100094,CP_005,Option,USD,3305189.44,-2.221168,-734.14
2026-07-15,T100095,CP_010,Spot,EUR,103322.19,0.745846,7.71
2026-07-15,T100096,CP_001,Option,JPY,2337144.85,1.557586,364.03
2026-07-15,T100097,CP_006,Option,JPY,3260064.28,0.290484,94.7
2026-07-15,T100098,CP_004,Forward,USD,3407262.77,-0.75981,-258.89
2026-07-15,T100099,CP_005,Spot,GBP,2063850.67,-1.648428,-340.21
2026-07-16,T100000,CP_009,FX-Swap,USD,2341669.32,1.479954,346.56
2026-07-16,T100001,CP_007,Forward,CHF,1603515.6,0.876151,140.49
2026-07-16,T100002,CP_003,FX-Swap,USD,127925.82,1.132152,14.48
2026-07-16,T100003,CP_010,Forward,EUR,173264.71,1.040155,18.02
2026-07-16,T100004,CP_008,Forward,USD,1600722.59,1.784271,285.61
2026-07-16,T100005,CP_010,Option,JPY,3698911.37,1.145426,423.68
2026-07-16,T100006,CP_006,Spot,USD,2769404.95,-0.010233,-2.83
2026-07-16,T100007,CP_010,FX-Swap,GBP,3929315.67,0.402453,158.14
2026-07-16,T100008,CP_003,Spot,GBP,3714996.22,1.124693,417.82
2026-07-16,T100009,CP_008,Option,CHF,2332105.07,-0.874942,-204.05
2026-07-16,T100010,CP_004,FX-Swap,CHF,2434805.56,-1.073294,-261.33
2026-07-16,T100011,CP_009,Spot,JPY,383383.95,-2.414021,-92.55
2026-07-16,T100012,CP_008,Forward,CHF,3777516.13,-1.049657,-396.51
2026-07-16,T100013,CP_002,FX-Swap,EUR,2003220.58,-1.310617,-262.55
2026-07-16,T100014,CP_008,Option,JPY,2961182.34,0.960604,284.45
2026-07-16,T100015,CP_005,FX-Swap,GBP,4219210.68,0.453629,191.4
2026-07-16,T100016,CP_005,Forward,USD,2968217.99,1.286822,381.96
2026-07-16,T100017,CP_005,Spot,JPY,4821312.69,-1.604445,-773.55
2026-07-16,T100018,CP_007,Spot,USD,4953291.61,-0.373598,-185.05
2026-07-16,T100019,CP_004,Spot,EUR,1260153.4,-0.576921,-72.7
2026-07-16,T100020,CP_002,Option,EUR,3621733.53,1.113428,403.25
2026-07-16,T100021,CP_004,Option,JPY,2810456.48,0.543936,152.87
2026-07-16,T100022,CP_004,FX-Swap,EUR,3890634.92,-0.529754,-206.11
2026-07-16,T100023,CP_002,Spot,GBP,4856438.24,0.500553,243.09
2026-07-16,T100024,CP_009,FX-Swap,EUR,1833433.44,1.626982,298.3
2026-07-16,T100025,CP_005,Spot,GBP,4579934.3,-0.085428,-39.13
2026-07-16,T100026,CP_007,Spot,JPY,1185343.95,0.358429,42.49
2026-07-16,T100027,CP_010,Option,JPY,3687577.91,0.126726,46.73
2026-07-16,T100028,CP_007,Option,JPY,1352660.0,0.454931,61.54
2026-07-16,T100029,CP_008,FX-Swap,JPY,4183390.97,-0.786439,-329.0
2026-07-16,T100030,CP_007,FX-Swap,GBP,3834935.54,1.286163,493.24
2026-07-16,T100031,CP_006,Spot,USD,2929576.1,0.678737,198.84
2026-07-16,T100032,CP_007,Spot,GBP,4238928.77,-0.246968,-104.69
2026-07-16,T100033,CP_007,Spot,EUR,3400451.21,-1.260504,-428.63
2026-07-16,T100034,CP_002,Forward,EUR,4481770.16,-1.508588,-676.11
2026-07-16,T100035,CP_010,FX-Swap,JPY,4736690.3,-0.259127,-122.74
2026-07-16,T100036,CP_001,Spot,CHF,859562.77,-0.297872,-25.6
2026-07-16,T100037,CP_009,FX-Swap,USD,1293399.88,-0.349448,-45.2
2026-07-16,T100038,CP_010,Option,USD,3408890.22,-0.023125,-7.88
2026-07-16,T100039,CP_003,Forward,GBP,3542358.85,-1.005936,-356.34
2026-07-16,T100040,CP_005,Forward,EUR,2786347.27,1.193868,332.65
2026-07-16,T100041,CP_001,Forward,USD,2451732.03,0.734,179.96
2026-07-16,T100042,CP_003,Option,GBP,4410927.04,-1.477633,-651.77
2026-07-16,T100043,CP_005,FX-Swap,USD,3496201.55,-0.132564,-46.35
2026-07-16,T100044,CP_006,FX-Swap,CHF,2057268.23,-0.078961,-16.24
2026-07-16,T100045,CP_008,Option,USD,3139323.88,0.987821,310.11
2026-07-16,T100046,CP_001,Forward,USD,902593.39,-0.686573,-61.97
2026-07-16,T100047,CP_006,Spot,GBP,529566.42,-1.556282,-82.42
2026-07-16,T100048,CP_003,Option,EUR,457960.06,-0.604301,-27.67
2026-07-16,T100049,CP_001,FX-Swap,JPY,2808223.83,-2.370663,-665.74
2026-07-16,T100050,CP_005,Forward,USD,128674.59,-0.935495,-12.04
2026-07-16,T100051,CP_004,Spot,EUR,2048753.09,-0.206255,-42.26
2026-07-16,T100052,CP_007,Forward,GBP,4289056.18,-0.112197,-48.12
2026-07-16,T100053,CP_008,Forward,EUR,247126.78,1.956626,48.35
2026-07-16,T100054,CP_001,FX-Swap,CHF,1260799.31,0.593596,74.84
2026-07-16,T100055,CP_006,Option,CHF,977099.54,-1.355081,-132.4
2026-07-16,T100056,CP_010,Spot,GBP,3098248.74,0.034439,10.67
2026-07-16,T100057,CP_003,Option,USD,4355265.16,1.802447,785.01
2026-07-16,T100058,CP_007,Option,USD,3315998.12,-0.660701,-219.09
2026-07-16,T100059,CP_008,Spot,EUR,2858778.93,1.128227,322.54
2026-07-16,T100060,CP_001,Spot,GBP,1446453.78,-2.36064,-341.46
2026-07-16,T100061,CP_010,FX-Swap,CHF,1641950.16,0.663012,108.86
2026-07-16,T100062,CP_006,Forward,EUR,370352.44,0.331864,12.29
2026-07-16,T100063,CP_003,Forward,EUR,1871705.95,1.084023,202.9
2026-07-16,T100064,CP_002,FX-Swap,EUR,3274217.44,1.512877,495.35
2026-07-16,T100065,CP_008,Forward,CHF,821505.77,0.70246,57.71
2026-07-16,T100066,CP_006,Spot,EUR,1025906.56,0.83898,86.07
2026-07-16,T100067,CP_010,Forward,CHF,1937224.97,-0.916535,-177.55
2026-07-16,T100068,CP_009,Spot,JPY,4215281.13,0.202299,85.27
2026-07-16,T100069,CP_004,FX-Swap,JPY,565039.07,1.100878,62.2
2026-07-16,T100070,CP_005,Spot,USD,1993650.26,-0.908854,-181.19
2026-07-16,T100071,CP_001,Spot,GBP,3610792.89,-0.561824,-202.86
2026-07-16,T100072,CP_006,Spot,GBP,3721086.78,-1.235881,-459.88
2026-07-16,T100073,CP_004,Forward,GBP,2065628.54,-1.188911,-245.58
2026-07-16,T100074,CP_004,Spot,CHF,413586.25,1.169339,48.36
2026-07-16,T100075,CP_003,Forward,EUR,2069342.76,-0.091785,-18.99
2026-07-16,T100076,CP_005,Option,EUR,182612.61,-0.454577,-8.3
2026-07-16,T100077,CP_003,Forward,USD,157322.39,1.073467,16.89
2026-07-16,T100078,CP_005,Forward,CHF,3829702.4,-0.859988,-329.35
2026-07-16,T100079,CP_010,Spot,CHF,852934.83,1.122799,95.77
2026-07-16,T100080,CP_005,Forward,CHF,4362474.0,1.05626,460.79
2026-07-16,T100081,CP_009,Option,USD,4415508.03,-0.061861,-27.31
2026-07-16,T100082,CP_005,Spot,CHF,1598432.47,-0.369245,-59.02
2026-07-16,T100083,CP_001,Forward,USD,4002318.57,0.747452,299.15
2026-07-16,T100084,CP_003,Option,GBP,2743800.88,0.419078,114.99
2026-07-16,T100085,CP_009,Forward,EUR,410263.34,-0.833143,-34.18
2026-07-16,T100086,CP_008,Option,JPY,1523337.99,-0.61408,-93.55
2026-07-16,T100087,CP_005,Option,GBP,3238220.04,1.277923,413.82
2026-07-16,T100088,CP_007,Forward,USD,1489823.16,-0.241694,-36.01
2026-07-16,T100089,CP_009,Option,EUR,221966.76,-0.240752,-5.34
2026-07-16,T100090,CP_004,Spot,USD,286021.13,-0.971377,-27.78
2026-07-16,T100091,CP_002,FX-Swap,CHF,4455410.12,2.050082,913.4
2026-07-16,T100092,CP_003,Option,GBP,1656994.39,2.886952,478.37
2026-07-16,T100093,CP_005,FX-Swap,JPY,1540591.93,0.158633,24.44
2026-07-16,T100094,CP_005,Option,USD,3305189.44,-2.219277,-733.51
2026-07-16,T100095,CP_010,Spot,EUR,103322.19,0.721189,7.45
2026-07-16,T100096,CP_001,Option,JPY,2337144.85,1.552294,362.79
2026-07-16,T100097,CP_006,Option,JPY,3260064.28,0.293493,95.68
2026-07-16,T100098,CP_004,Forward,USD,3407262.77,-0.742189,-252.88
2026-07-16,T100099,CP_005,Spot,GBP,2063850.67,-1.649716,-340.48
2026-07-17,T100000,CP_009,FX-Swap,USD,2341669.32,1.48237,347.12
2026-07-17,T100001,CP_007,Forward,CHF,1603515.6,0.891175,142.9
2026-07-17,T100002,CP_003,FX-Swap,USD,127925.82,1.113032,14.24
2026-07-17,T100003,CP_010,Forward,EUR,173264.71,1.031323,17.87
2026-07-17,T100004,CP_008,Forward,USD,1600722.59,1.867723,298.97
2026-07-17,T100005,CP_010,Option,JPY,3698911.37,1.156013,427.6
2026-07-17,T100006,CP_006,Spot,USD,2769404.95,0.0102,2.82
2026-07-17,T100007,CP_010,FX-Swap,GBP,3929315.67,0.414882,163.02
2026-07-17,T100008,CP_003,Spot,GBP,3714996.22,1.12774,418.96
2026-07-17,T100009,CP_008,Option,CHF,2332105.07,-0.942768,-219.86
2026-07-17,T100010,CP_004,FX-Swap,CHF,2434805.56,-1.070254,-260.59
2026-07-17,T100011,CP_009,Spot,JPY,383383.95,-2.44913,-93.9
2026-07-17,T100012,CP_008,Forward,CHF,3777516.13,-1.074071,-405.73
2026-07-17,T100013,CP_002,FX-Swap,EUR,2003220.58,-1.326334,-265.69
2026-07-17,T100014,CP_008,Option,JPY,2961182.34,0.992463,293.89
2026-07-17,T100015,CP_005,FX-Swap,GBP,4219210.68,0.436585,184.2
2026-07-17,T100016,CP_005,Forward,USD,2968217.99,1.250794,371.26
2026-07-17,T100017,CP_005,Spot,JPY,4821312.69,-1.596619,-769.78
2026-07-17,T100018,CP_007,Spot,USD,4953291.61,-0.403751,-199.99
2026-07-17,T100019,CP_004,Spot,EUR,1260153.4,-0.624214,-78.66
2026-07-17,T100020,CP_002,Option,EUR,3621733.53,1.113309,403.21
2026-07-17,T100021,CP_004,Option,JPY,2810456.48,0.572719,160.96
2026-07-17,T100022,CP_004,FX-Swap,EUR,3890634.92,-0.501144,-194.98
2026-07-17,T100023,CP_002,Spot,GBP,4856438.24,0.493954,239.89
2026-07-17,T100024,CP_009,FX-Swap,EUR,1833433.44,1.628261,298.53
2026-07-17,T100025,CP_005,Spot,GBP,4579934.3,-0.036955,-16.92
2026-07-17,T100026,CP_007,Spot,JPY,1185343.95,0.349325,41.41
2026-07-17,T100027,CP_010,Option,JPY,3687577.91,0.119561,44.09
2026-07-17,T100028,CP_007,Option,JPY,1352660.0,0.487394,65.93
2026-07-17,T100029,CP_008,FX-Swap,JPY,4183390.97,-0.741819,-310.33
2026-07-17,T100030,CP_007,FX-Swap,GBP,3834935.54,1.276564,489.55
2026-07-17,T100031,CP_006,Spot,USD,2929576.1,0.673084,197.18
2026-07-17,T100032,CP_007,Spot,GBP,4238928.77,-0.237447,-100.65
2026-07-17,T100033,CP_007,Spot,EUR,3400451.21,-1.205785,-410.02
2026-07-17,T100034,CP_002,Forward,EUR,4481770.16,-1.475545,-661.31
2026-07-17,T100035,CP_010,FX-Swap,JPY,4736690.3,-0.290459,-137.58
2026-07-17,T100036,CP_001,Spot,CHF,859562.77,-0.313154,-26.92
2026-07-17,T100037,CP_009,FX-Swap,USD,1293399.88,-0.356147,-46.06
2026-07-17,T100038,CP_010,Option,USD,3408890.22,-0.038434,-13.1
2026-07-17,T100039,CP_003,Forward,GBP,3542358.85,-1.03435,-366.4
2026-07-17,T100040,CP_005,Forward,EUR,2786347.27,1.195774,333.18
2026-07-17,T100041,CP_001,Forward,USD,2451732.03,0.731944,179.45
2026-07-17,T100042,CP_003,Option,GBP,4410927.04,-1.504151,-663.47
2026-07-17,T100043,CP_005,FX-Swap,USD,3496201.55,-0.122131,-42.7
2026-07-17,T100044,CP_006,FX-Swap,CHF,2057268.23,-0.078145,-16.08
2026-07-17,T100045,CP_008,Option,USD,3139323.88,0.972861,305.41
2026-07-17,T100046,CP_001,Forward,USD,902593.39,-0.680003,-61.38
2026-07-17,T100047,CP_006,Spot,GBP,529566.42,-1.57661,-83.49
2026-07-17,T100048,CP_003,Option,EUR,457960.06,-0.623559,-28.56
2026-07-17,T100049,CP_001,FX-Swap,JPY,2808223.83,-2.388004,-670.6
2026-07-17,T100050,CP_005,Forward,USD,128674.59,-0.942659,-12.13
2026-07-17,T100051,CP_004,Spot,EUR,2048753.09,-0.256365,-52.52
2026-07-17,T100052,CP_007,Forward,GBP,4289056.18,-0.099033,-42.48
2026-07-17,T100053,CP_008,Forward,EUR,247126.78,1.94599,48.09
2026-07-17,T100054,CP_001,FX-Swap,CHF,1260799.31,0.603451,76.08
2026-07-17,T100055,CP_006,Option,CHF,977099.54,-1.366084,-133.48
2026-07-17,T100056,CP_010,Spot,GBP,3098248.74,0.053496,16.57
2026-07-17,T100057,CP_003,Option,USD,4355265.16,1.827165,795.78
2026-07-17,T100058,CP_007,Option,USD,3315998.12,-0.660484,-219.02
2026-07-17,T100059,CP_008,Spot,EUR,2858778.93,1.109549,317.2
2026-07-17,T100060,CP_001,Spot,GBP,1446453.78,-2.376152,-343.7
2026-07-17,T100061,CP_010,FX-Swap,CHF,1641950.16,0.642209,105.45
2026-07-17,T100062,CP_006,Forward,EUR,370352.44,0.341947,12.66
2026-07-17,T100063,CP_003,Forward,EUR,1871705.95,1.050094,196.55
2026-07-17,T100064,CP_002,FX-Swap,EUR,3274217.44,1.499155,490.86
2026-07-17,T100065,CP_008,Forward,CHF,821505.77,0.66224,54.4
2026-07-17,T100066,CP_006,Spot,EUR,1025906.56,0.832375,85.39
2026-07-17,T100067,CP_010,Forward,CHF,1937224.97,-0.917858,-177.81
2026-07-17,T100068,CP_009,Spot,JPY,4215281.13,0.20419,86.07
2026-07-17,T100069,CP_004,FX-Swap,JPY,565039.07,1.110936,62.77
2026-07-17,T100070,CP_005,Spot,USD,1993650.26,-0.955751,-190.54
2026-07-17,T100071,CP_001,Spot,GBP,3610792.89,-0.534577,-193.02
2026-07-17,T100072,CP_006,Spot,GBP,3721086.78,-1.207252,-449.23
2026-07-17,T100073,CP_004,Forward,GBP,2065628.54,-1.170401,-241.76
2026-07-17,T100074,CP_004,Spot,CHF,413586.25,1.17149,48.45
2026-07-17,T100075,CP_003,Forward,EUR,2069342.76,-0.077021,-15.94
2026-07-17,T100076,CP_005,Option,EUR,182612.61,-0.476636,-8.7
2026-07-17,T100077,CP_003,Forward,USD,157322.39,1.04389,16.42
2026-07-17,T100078,CP_005,Forward,CHF,3829702.4,-0.884355,-338.68
2026-07-17,T100079,CP_010,Spot,CHF,852934.83,1.135298,96.83
2026-07-17,T100080,CP_005,Forward,CHF,4362474.0,1.028649,448.75
2026-07-17,T100081,CP_009,Option,USD,4415508.03,-0.032882,-14.52
2026-07-17,T100082,CP_005,Spot,CHF,1598432.47,-0.349686,-55.89
2026-07-17,T100083,CP_001,Forward,USD,4002318.57,0.747268,299.08
2026-07-17,T100084,CP_003,Option,GBP,2743800.88,0.437572,120.06
2026-07-17,T100085,CP_009,Forward,EUR,410263.34,-0.808173,-33.16
2026-07-17,T100086,CP_008,Option,JPY,1523337.99,-0.623276,-94.95
2026-07-17,T100087,CP_005,Option,GBP,3238220.04,1.286712,416.67
2026-07-17,T100088,CP_007,Forward,USD,1489823.16,-0.257652,-38.39
2026-07-17,T100089,CP_009,Option,EUR,221966.76,-0.266455,-5.91
2026-07-17,T100090,CP_004,Spot,USD,286021.13,-0.98482,-28.17
2026-07-17,T100091,CP_002,FX-Swap,CHF,4455410.12,2.04464,910.97
2026-07-17,T100092,CP_003,Option,GBP,1656994.39,2.896016,479.87
2026-07-17,T100093,CP_005,FX-Swap,JPY,1540591.93,0.15972,24.61
2026-07-17,T100094,CP_005,Option,USD,3305189.44,-2.224438,-735.22
2026-07-17,T100095,CP_010,Spot,EUR,103322.19,0.72876,7.53
2026-07-17,T100096,CP_001,Option,JPY,2337144.85,1.568889,366.67
2026-07-17,T100097,CP_006,Option,JPY,3260064.28,0.295676,96.39
2026-07-17,T100098,CP_004,Forward,USD,3407262.77,-0.730934,-249.05
2026-07-17,T100099,CP_005,Spot,GBP,2063850.67,-1.682541,-347.25
2026-07-20,T100000,CP_009,FX-Swap,USD,2341669.32,1.486212,348.02
2026-07-20,T100001,CP_007,Forward,CHF,1603515.6,0.928337,148.86
2026-07-20,T100002,CP_003,FX-Swap,USD,127925.82,1.119748,14.32
2026-07-20,T100003,CP_010,Forward,EUR,173264.71,1.020249,17.68
2026-07-20,T100004,CP_008,Forward,USD,1600722.59,1.859735,297.69
2026-07-20,T100005,CP_010,Option,JPY,3698911.37,1.167444,431.83
2026-07-20,T100006,CP_006,Spot,USD,2769404.95,0.038684,10.71
2026-07-20,T100007,CP_010,FX-Swap,GBP,3929315.67,0.424845,166.93
2026-07-20,T100008,CP_003,Spot,GBP,3714996.22,1.163961,432.41
2026-07-20,T100009,CP_008,Option,CHF,2332105.07,-0.953268,-222.31
2026-07-20,T100010,CP_004,FX-Swap,CHF,2434805.56,-1.072747,-261.19
2026-07-20,T100011,CP_009,Spot,JPY,383383.95,-2.468948,-94.66
2026-07-20,T100012,CP_008,Forward,CHF,3777516.13,-1.115033,-421.21
2026-07-20,T100013,CP_002,FX-Swap,EUR,2003220.58,-1.339412,-268.31
2026-07-20,T100014,CP_008,Option,JPY,2961182.34,1.054004,312.11
2026-07-20,T100015,CP_005,FX-Swap,GBP,4219210.68,0.392276,165.51
2026-07-20,T100016,CP_005,Forward,USD,2968217.99,1.2824,380.64
2026-07-20,T100017,CP_005,Spot,JPY,4821312.69,-1.596889,-769.91
2026-07-20,T100018,CP_007,Spot,USD,4953291.61,-0.391773,-194.06
2026-07-20,T100019,CP_004,Spot,EUR,1260153.4,-0.635086,-80.03
2026-07-20,T100020,CP_002,Option,EUR,3621733.53,1.125693,407.7
2026-07-20,T100021,CP_004,Option,JPY,2810456.48,0.58567,164.6
2026-07-20,T100022,CP_004,FX-Swap,EUR,3890634.92,-0.500381,-194.68
2026-07-20,T100023,CP_002,Spot,GBP,4856438.24,0.491634,238.76
2026-07-20,T100024,CP_009,FX-Swap,EUR,1833433.44,1.607887,294.8
2026-07-20,T100025,CP_005,Spot,GBP,4579934.3,-0.011978,-5.49
2026-07-20,T100026,CP_007,Spot,JPY,1185343.95,0.352257,41.75
2026-07-20,T100027,CP_010,Option,JPY,3687577.91,0.117363,43.28
2026-07-20,T100028,CP_007,Option,JPY,1352660.0,0.449328,60.78
2026-07-20,T100029,CP_008,FX-Swap,JPY,4183390.97,-0.765489,-320.23
2026-07-20,T100030,CP_007,FX-Swap,GBP,3834935.54,1.272801,488.11
2026-07-20,T100031,CP_006,Spot,USD,2929576.1,0.687592,201.44
2026-07-20,T100032,CP_007,Spot,GBP,4238928.77,-0.259441,-109.98
2026-07-20,T100033,CP_007,Spot,EUR,3400451.21,-1.228155,-417.63
2026-07-20,T100034,CP_002,Forward,EUR,4481770.16,-1.459866,-654.28
2026-07-20,T100035,CP_010,FX-Swap,JPY,4736690.3,-0.275637,-130.56
2026-07-20,T100036,CP_001,Spot,CHF,859562.77,-0.328231,-28.21
2026-07-20,T100037,CP_009,FX-Swap,USD,1293399.88,-0.387212,-50.08
2026-07-20,T100038,CP_010,Option,USD,3408890.22,-0.066478,-22.66
2026-07-20,T100039,CP_003,Forward,GBP,3542358.85,-1.045945,-370.51
2026-07-20,T100040,CP_005,Forward,EUR,2786347.27,1.206779,336.25
2026-07-20,T100041,CP_001,Forward,USD,2451732.03,0.736269,180.51
2026-07-20,T100042,CP_003,Option,GBP,4410927.04,-1.512738,-667.26
2026-07-20,T100043,CP_005,FX-Swap,USD,3496201.55,-0.100082,-34.99
2026-07-20,T100044,CP_006,FX-Swap,CHF,2057268.23,-0.079266,-16.31
2026-07-20,T100045,CP_008,Option,USD,3139323.88,0.964187,302.69
2026-07-20,T100046,CP_001,Forward,USD,902593.39,-0.693535,-62.6
2026-07-20,T100047,CP_006,Spot,GBP,529566.42,-1.603322,-84.91
2026-07-20,T100048,CP_003,Option,EUR,457960.06,-0.636414,-29.15
2026-07-20,T100049,CP_001,FX-Swap,JPY,2808223.83,-2.387617,-670.5
2026-07-20,T100050,CP_005,Forward,USD,128674.59,-0.943049,-12.13
2026-07-20,T100051,CP_004,Spot,EUR,2048753.09,-0.284066,-58.2
2026-07-20,T100052,CP_007,Forward,GBP,4289056.18,-0.103681,-44.47
2026-07-20,T100053,CP_008,Forward,EUR,247126.78,1.948295,48.15
2026-07-20,T100054,CP_001,FX-Swap,CHF,1260799.31,0.621342,78.34
2026-07-20,T100055,CP_006,Option,CHF,977099.54,-1.383243,-135.16
2026-07-20,T100056,CP_010,Spot,GBP,3098248.74,0.03705,11.48
2026-07-20,T100057,CP_003,Option,USD,4355265.16,1.798253,783.19
2026-07-20,T100058,CP_007,Option,USD,3315998.12,-0.696546,-230.97
2026-07-20,T100059,CP_008,Spot,EUR,2858778.93,1.114513,318.61
2026-07-20,T100060,CP_001,Spot,GBP,1446453.78,-2.348983,-339.77
2026-07-20,T100061,CP_010,FX-Swap,CHF,1641950.16,0.624552,102.55
2026-07-20,T100062,CP_006,Forward,EUR,370352.44,0.350603,12.98
2026-07-20,T100063,CP_003,Forward,EUR,1871705.95,1.028792,192.56
2026-07-20,T100064,CP_002,FX-Swap,EUR,3274217.44,1.442187,472.2
2026-07-20,T100065,CP_008,Forward,CHF,821505.77,0.677089,55.62
2026-07-20,T100066,CP_006,Spot,EUR,1025906.56,0.838936,86.07
2026-07-20,T100067,CP_010,Forward,CHF,1937224.97,-0.931868,-180.52
2026-07-20,T100068,CP_009,Spot,JPY,4215281.13,0.190392,80.26
2026-07-20,T100069,CP_004,FX-Swap,JPY,565039.07,1.104415,62.4
2026-07-20,T100070,CP_005,Spot,USD,1993650.26,-0.97381,-194.14
2026-07-20,T100071,CP_001,Spot,GBP,3610792.89,-0.553932,-200.01
2026-07-20,T100072,CP_006,Spot,GBP,3721086.78,-1.20417,-448.08
2026-07-20,T100073,CP_004,Forward,GBP,2065628.54,-1.160222,-239.66
2026-07-20,T100074,CP_004,Spot,CHF,413586.25,1.188213,49.14
2026-07-20,T100075,CP_003,Forward,EUR,2069342.76,-0.091004,-18.83
2026-07-20,T100076,CP_005,Option,EUR,182612.61,-0.480671,-8.78
2026-07-20,T100077,CP_003,Forward,USD,157322.39,1.000623,15.74
2026-07-20,T100078,CP_005,Forward,CHF,3829702.4,-0.881495,-337.59
2026-07-20,T100079,CP_010,Spot,CHF,852934.83,1.167275,99.56
2026-07-20,T100080,CP_005,Forward,CHF,4362474.0,1.007334,439.45
2026-07-20,T100081,CP_009,Option,USD,4415508.03,-0.051251,-22.63
2026-07-20,T100082,CP_005,Spot,CHF,1598432.47,-0.34563,-55.25
2026-07-20,T100083,CP_001,Forward,USD,4002318.57,0.70042,280.33
2026-07-20,T100084,CP_003,Option,GBP,2743800.88,0.441079,121.02
2026-07-20,T100085,CP_009,Forward,EUR,410263.34,-0.793184,-32.54
2026-07-20,T100086,CP_008,Option,JPY,1523337.99,-0.689369,-105.01
2026-07-20,T100087,CP_005,Option,GBP,3238220.04,1.289788,417.66
2026-07-20,T100088,CP_007,Forward,USD,1489823.16,-0.263253,-39.22
2026-07-20,T100089,CP_009,Option,EUR,221966.76,-0.280439,-6.22
2026-07-20,T100090,CP_004,Spot,USD,286021.13,-0.985666,-28.19
2026-07-20,T100091,CP_002,FX-Swap,CHF,4455410.12,2.081212,927.27
2026-07-20,T100092,CP_003,Option,GBP,1656994.39,2.911117,482.37
2026-07-20,T100093,CP_005,FX-Swap,JPY,1540591.93,0.155662,23.98
2026-07-20,T100094,CP_005,Option,USD,3305189.44,-2.228184,-736.46
2026-07-20,T100095,CP_010,Spot,EUR,103322.19,0.728561,7.53
2026-07-20,T100096,CP_001,Option,JPY,2337144.85,1.560493,364.71
2026-07-20,T100097,CP_006,Option,JPY,3260064.28,0.303832,99.05
2026-07-20,T100098,CP_004,Forward,USD,3407262.77,-0.71312,-242.98
2026-07-20,T100099,CP_005,Spot,GBP,2063850.67,-1.669466,-344.55
2026-07-21,T100000,CP_009,FX-Swap,USD,2341669.32,1.503557,352.08
2026-07-21,T100001,CP_007,Forward,CHF,1603515.6,0.924856,148.3
2026-07-21,T100002,CP_003,FX-Swap,USD,127925.82,1.161851,14.86
2026-07-21,T100003,CP_010,Forward,EUR,173264.71,1.006362,17.44
2026-07-21,T100004,CP_008,Forward,USD,1600722.59,1.895352,303.39
2026-07-21,T100005,CP_010,Option,JPY,3698911.37,1.186402,438.84
2026-07-21,T100006,CP_006,Spot,USD,2769404.95,0.023038,6.38
2026-07-21,T100007,CP_010,FX-Swap,GBP,3929315.67,0.447255,175.74
2026-07-21,T100008,CP_003,Spot,GBP,3714996.22,1.163374,432.19
2026-07-21,T100009,CP_008,Option,CHF,2332105.07,-0.947525,-220.97
2026-07-21,T100010,CP_004,FX-Swap,CHF,2434805.56,-1.050631,-255.81
2026-07-21,T100011,CP_009,Spot,JPY,383383.95,-2.415391,-92.6
2026-07-21,T100012,CP_008,Forward,CHF,3777516.13,-1.105099,-417.45
2026-07-21,T100013,CP_002,FX-Swap,EUR,2003220.58,-1.34249,-268.93
2026-07-21,T100014,CP_008,Option,JPY,2961182.34,1.059195,313.65
2026-07-21,T100015,CP_005,FX-Swap,GBP,4219210.68,0.367282,154.96
2026-07-21,T100016,CP_005,Forward,USD,2968217.99,1.27687,379.0
2026-07-21,T100017,CP_005,Spot,JPY,4821312.69,-1.63071,-786.22
2026-07-21,T100018,CP_007,Spot,USD,4953291.61,-0.406549,-201.38
2026-07-21,T100019,CP_004,Spot,EUR,1260153.4,-0.637002,-80.27
2026-07-21,T100020,CP_002,Option,EUR,3621733.53,1.154897,418.27
2026-07-21,T100021,CP_004,Option,JPY,2810456.48,0.597369,167.89
2026-07-21,T100022,CP_004,FX-Swap,EUR,3890634.92,-0.505843,-196.8
2026-07-21,T100023,CP_002,Spot,GBP,4856438.24,0.49073,238.32
2026-07-21,T100024,CP_009,FX-Swap,EUR,1833433.44,1.624589,297.86
2026-07-21,T100025,CP_005,Spot,GBP,4579934.3,-0.012248,-5.61
2026-07-21,T100026,CP_007,Spot,JPY,1185343.95,0.345458,40.95
2026-07-21,T100027,CP_010,Option,JPY,3687577.91,0.077441,28.56
2026-07-21,T100028,CP_007,Option,JPY,1352660.0,0.460686,62.32
2026-07-21,T100029,CP_008,FX-Swap,JPY,4183390.97,-0.760939,-318.33
2026-07-21,T100030,CP_007,FX-Swap,GBP,3834935.54,1.253782,480.82
2026-07-21,T100031,CP_006,Spot,USD,2929576.1,0.696233,203.97
2026-07-21,T100032,CP_007,Spot,GBP,4238928.77,-0.250645,-106.25
2026-07-21,T100033,CP_007,Spot,EUR,3400451.21,-1.171321,-398.3
2026-07-21,T100034,CP_002,Forward,EUR,4481770.16,-1.467219,-657.57
2026-07-21,T100035,CP_010,FX-Swap,JPY,4736690.3,-0.262796,-124.48
2026-07-21,T100036,CP_001,Spot,CHF,859562.77,-0.343796,-29.55
2026-07-21,T100037,CP_009,FX-Swap,USD,1293399.88,-0.394211,-50.99
2026-07-21,T100038,CP_010,Option,USD,3408890.22,-0.089598,-30.54
2026-07-21,T100039,CP_003,Forward,GBP,3542358.85,-1.095837,-388.18
2026-07-21,T100040,CP_005,Forward,EUR,2786347.27,1.203171,335.25
2026-07-21,T100041,CP_001,Forward,USD,2451732.03,0.733348,179.8
2026-07-21,T100042,CP_003,Option,GBP,4410927.04,-1.511455,-666.69
2026-07-21,T100043,CP_005,FX-Swap,USD,3496201.55,-0.068404,-23.92
2026-07-21,T100044,CP_006,FX-Swap,CHF,2057268.23,-0.076001,-15.64
2026-07-21,T100045,CP_008,Option,USD,3139323.88,0.976918,306.69
2026-07-21,T100046,CP_001,Forward,USD,902593.39,-0.693908,-62.63
2026-07-21,T100047,CP_006,Spot,GBP,529566.42,-1.618562,-85.71
2026-07-21,T100048,CP_003,Option,EUR,457960.06,-0.62805,-28.76
2026-07-21,T100049,CP_001,FX-Swap,JPY,2808223.83,-2.391864,-671.69
2026-07-21,T100050,CP_005,Forward,USD,128674.59,-0.930742,-11.98
2026-07-21,T100051,CP_004,Spot,EUR,2048753.09,-0.29113,-59.65
2026-07-21,T100052,CP_007,Forward,GBP,4289056.18,-0.077912,-33.42
2026-07-21,T100053,CP_008,Forward,EUR,247126.78,1.958301,48.39
2026-07-21,T100054,CP_001,FX-Swap,CHF,1260799.31,0.592008,74.64
2026-07-21,T100055,CP_006,Option,CHF,977099.54,-1.389951,-135.81
2026-07-21,T100056,CP_010,Spot,GBP,3098248.74,0.034582,10.71
2026-07-21,T100057,CP_003,Option,USD,4355265.16,1.760457,766.73
2026-07-21,T100058,CP_007,Option,USD,3315998.12,-0.628018,-208.25
2026-07-21,T100059,CP_008,Spot,EUR,2858778.93,1.139763,325.83
2026-07-21,T100060,CP_001,Spot,GBP,1446453.78,-2.375689,-343.63
2026-07-21,T100061,CP_010,FX-Swap,CHF,1641950.16,0.607458,99.74
2026-07-21,T100062,CP_006,Forward,EUR,370352.44,0.408888,15.14
2026-07-21,T100063,CP_003,Forward,EUR,1871705.95,1.00842,188.75
2026-07-21,T100064,CP_002,FX-Swap,EUR,3274217.44,1.429933,468.19
2026-07-21,T100065,CP_008,Forward,CHF,821505.77,0.639195,52.51
2026-07-21,T100066,CP_006,Spot,EUR,1025906.56,0.838928,86.07
2026-07-21,T100067,CP_010,Forward,CHF,1937224.97,-0.943002,-182.68
2026-07-21,T100068,CP_009,Spot,JPY,4215281.13,0.158652,66.88
2026-07-21,T100069,CP_004,FX-Swap,JPY,565039.07,1.109856,62.71
2026-07-21,T100070,CP_005,Spot,USD,1993650.26,-0.992178,-197.81
2026-07-21,T100071,CP_001,Spot,GBP,3610792.89,-0.554756,-200.31
2026-07-21,T100072,CP_006,Spot,GBP,3721086.78,-1.205226,-448.47
2026-07-21,T100073,CP_004,Forward,GBP,2065628.54,-1.147771,-237.09
2026-07-21,T100074,CP_004,Spot,CHF,413586.25,1.200796,49.66
2026-07-21,T100075,CP_003,Forward,EUR,2069342.76,-0.105526,-21.84
2026-07-21,T100076,CP_005,Option,EUR,182612.61,-0.45702,-8.35
2026-07-21,T100077,CP_003,Forward,USD,157322.39,1.025805,16.14
2026-07-21,T100078,CP_005,Forward,CHF,3829702.4,-0.890122,-340.89
2026-07-21,T100079,CP_010,Spot,CHF,852934.83,1.210014,103.21
2026-07-21,T100080,CP_005,Forward,CHF,4362474.0,0.986281,430.26
2026-07-21,T100081,CP_009,Option,USD,4415508.03,-0.090755,-40.07
2026-07-21,T100082,CP_005,Spot,CHF,1598432.47,-0.340225,-54.38
2026-07-21,T100083,CP_001,Forward,USD,4002318.57,0.684272,273.87
2026-07-21,T100084,CP_003,Option,GBP,2743800.88,0.467212,128.19
2026-07-21,T100085,CP_009,Forward,EUR,410263.34,-0.784976,-32.2
2026-07-21,T100086,CP_008,Option,JPY,1523337.99,-0.725924,-110.58
2026-07-21,T100087,CP_005,Option,GBP,3238220.04,1.303189,422.0
2026-07-21,T100088,CP_007,Forward,USD,1489823.16,-0.274812,-40.94
2026-07-21,T100089,CP_009,Option,EUR,221966.76,-0.292833,-6.5
2026-07-21,T100090,CP_004,Spot,USD,286021.13,-0.978119,-27.98
2026-07-21,T100091,CP_002,FX-Swap,CHF,4455410.12,2.045481,911.35
2026-07-21,T100092,CP_003,Option,GBP,1656994.39,2.91898,483.67
2026-07-21,T100093,CP_005,FX-Swap,JPY,1540591.93,0.175638,27.06
2026-07-21,T100094,CP_005,Option,USD,3305189.44,-2.223897,-735.04
2026-07-21,T100095,CP_010,Spot,EUR,103322.19,0.742786,7.67
2026-07-21,T100096,CP_001,Option,JPY,2337144.85,1.549059,362.04
2026-07-21,T100097,CP_006,Option,JPY,3260064.28,0.310782,101.32
2026-07-21,T100098,CP_004,Forward,USD,3407262.77,-0.698395,-237.96
2026-07-21,T100099,CP_005,Spot,GBP,2063850.67,-1.689566,-348.7
2026-07-22,T100000,CP_009,FX-Swap,USD,2341669.32,1.541104,360.88
2026-07-22,T100001,CP_007,Forward,CHF,1603515.6,0.911901,146.22
2026-07-22,T100002,CP_003,FX-Swap,USD,127925.82,1.15934,14.83
2026-07-22,T100003,CP_010,Forward,EUR,173264.71,0.99517,17.24
2026-07-22,T100004,CP_008,Forward,USD,1600722.59,1.929806,308.91
2026-07-22,T100005,CP_010,Option,JPY,3698911.37,1.193837,441.59
2026-07-22,T100006,CP_006,Spot,USD,2769404.95,0.032695,9.05
2026-07-22,T100007,CP_010,FX-Swap,GBP,3929315.67,0.485442,190.75
2026-07-22,T100008,CP_003,Spot,GBP,3714996.22,1.128617,419.28
2026-07-22,T100009,CP_008,Option,CHF,2332105.07,-0.938755,-218.93
2026-07-22,T100010,CP_004,FX-Swap,CHF,2434805.56,-1.0385,-252.85
2026-07-22,T100011,CP_009,Spot,JPY,383383.95,-2.443955,-93.7
2026-07-22,T100012,CP_008,Forward,CHF,3777516.13,-1.092463,-412.68
2026-07-22,T100013,CP_002,FX-Swap,EUR,2003220.58,-1.38234,-276.91
2026-07-22,T100014,CP_008,Option,JPY,2961182.34,1.111488,329.13
2026-07-22,T100015,CP_005,FX-Swap,GBP,4219210.68,0.339413,143.21
2026-07-22,T100016,CP_005,Forward,USD,2968217.99,1.26679,376.01
2026-07-22,T100017,CP_005,Spot,JPY,4821312.69,-1.646026,-793.6
2026-07-22,T100018,CP_007,Spot,USD,4953291.61,-0.428724,-212.36
2026-07-22,T100019,CP_004,Spot,EUR,1260153.4,-0.634353,-79.94
2026-07-22,T100020,CP_002,Option,EUR,3621733.53,1.161105,420.52
2026-07-22,T100021,CP_004,Option,JPY,2810456.48,0.628359,176.6
2026-07-22,T100022,CP_004,FX-Swap,EUR,3890634.92,-0.488587,-190.09
2026-07-22,T100023,CP_002,Spot,GBP,4856438.24,0.490302,238.11
2026-07-22,T100024,CP_009,FX-Swap,EUR,1833433.44,1.620233,297.06
2026-07-22,T100025,CP_005,Spot,GBP,4579934.3,0.039238,17.97
2026-07-22,T100026,CP_007,Spot,JPY,1185343.95,0.343844,40.76
2026-07-22,T100027,CP_010,Option,JPY,3687577.91,0.064131,23.65
2026-07-22,T100028,CP_007,Option,JPY,1352660.0,0.400342,54.15
2026-07-22,T100029,CP_008,FX-Swap,JPY,4183390.97,-0.73519,-307.56
2026-07-22,T100030,CP_007,FX-Swap,GBP,3834935.54,1.221545,468.45
2026-07-22,T100031,CP_006,Spot,USD,2929576.1,0.714825,209.41
2026-07-22,T100032,CP_007,Spot,GBP,4238928.77,-0.264822,-112.26
2026-07-22,T100033,CP_007,Spot,EUR,3400451.21,-1.180016,-401.26
2026-07-22,T100034,CP_002,Forward,EUR,4481770.16,-1.442562,-646.52
2026-07-22,T100035,CP_010,FX-Swap,JPY,4736690.3,-0.253605,-120.13
2026-07-22,T100036,CP_001,Spot,CHF,859562.77,-0.355372,-30.55
2026-07-22,T100037,CP_009,FX-Swap,USD,1293399.88,-0.430512,-55.68
2026-07-22,T100038,CP_010,Option,USD,3408890.22,-0.155524,-53.02
2026-07-22,T100039,CP_003,Forward,GBP,3542358.85,-1.132904,-401.32
2026-07-22,T100040,CP_005,Forward,EUR,2786347.27,1.21252,337.85
2026-07-22,T100041,CP_001,Forward,USD,2451732.03,0.731058,179.24
2026-07-22,T100042,CP_003,Option,GBP,4410927.04,-1.529119,-674.48
2026-07-22,T100043,CP_005,FX-Swap,USD,3496201.55,-0.034849,-12.18
2026-07-22,T100044,CP_006,FX-Swap,CHF,2057268.23,-0.083987,-17.28
2026-07-22,T100045,CP_008,Option,USD,3139323.88,0.973089,305.48
2026-07-22,T100046,CP_001,Forward,USD,902593.39,-0.711778,-64.24
2026-07-22,T100047,CP_006,Spot,GBP,529566.42,-1.628576,-86.24
2026-07-22,T100048,CP_003,Option,EUR,457960.06,-0.630338,-28.87
2026-07-22,T100049,CP_001,FX-Swap,JPY,2808223.83,-2.416669,-678.65
2026-07-22,T100050,CP_005,Forward,USD,128674.59,-0.925094,-11.9
2026-07-22,T100051,CP_004,Spot,EUR,2048753.09,-0.3202,-65.6
2026-07-22,T100052,CP_007,Forward,GBP,4289056.18,-0.071005,-30.45
2026-07-22,T100053,CP_008,Forward,EUR,247126.78,1.962,48.49
2026-07-22,T100054,CP_001,FX-Swap,CHF,1260799.31,0.608135,76.67
2026-07-22,T100055,CP_006,Option,CHF,977099.54,-1.39983,-136.78
2026-07-22,T100056,CP_010,Spot,GBP,3098248.74,0.047245,14.64
2026-07-22,T100057,CP_003,Option,USD,4355265.16,1.776248,773.6
2026-07-22,T100058,CP_007,Option,USD,3315998.12,-0.625529,-207.43
2026-07-22,T100059,CP_008,Spot,EUR,2858778.93,1.137286,325.12
2026-07-22,T100060,CP_001,Spot,GBP,1446453.78,-2.36472,-342.05
2026-07-22,T100061,CP_010,FX-Swap,CHF,1641950.16,0.616914,101.29
2026-07-22,T100062,CP_006,Forward,EUR,370352.44,0.415958,15.41
2026-07-22,T100063,CP_003,Forward,EUR,1871705.95,0.986079,184.56
2026-07-22,T100064,CP_002,FX-Swap,EUR,3274217.44,1.388163,454.51
2026-07-22,T100065,CP_008,Forward,CHF,821505.77,0.61016,50.12
2026-07-22,T100066,CP_006,Spot,EUR,1025906.56,0.850985,87.3
2026-07-22,T100067,CP_010,Forward,CHF,1937224.97,-0.934193,-180.97
2026-07-22,T100068,CP_009,Spot,JPY,4215281.13,0.1554,65.51
2026-07-22,T100069,CP_004,FX-Swap,JPY,565039.07,1.079014,60.97
2026-07-22,T100070,CP_005,Spot,USD,1993650.26,-0.96925,-193.23
2026-07-22,T100071,CP_001,Spot,GBP,3610792.89,-0.559629,-202.07
2026-07-22,T100072,CP_006,Spot,GBP,3721086.78,-1.178481,-438.52
2026-07-22,T100073,CP_004,Forward,GBP,2065628.54,-1.150416,-237.63
2026-07-22,T100074,CP_004,Spot,CHF,413586.25,1.214487,50.23
2026-07-22,T100075,CP_003,Forward,EUR,2069342.76,-0.046672,-9.66
2026-07-22,T100076,CP_005,Option,EUR,182612.61,-0.449561,-8.21
2026-07-22,T100077,CP_003,Forward,USD,157322.39,1.008519,15.87
2026-07-22,T100078,CP_005,Forward,CHF,3829702.4,-0.899217,-344.37
2026-07-22,T100079,CP_010,Spot,CHF,852934.83,1.238038,105.6
2026-07-22,T100080,CP_005,Forward,CHF,4362474.0,1.003409,437.73
2026-07-22,T100081,CP_009,Option,USD,4415508.03,-0.103203,-45.57
2026-07-22,T100082,CP_005,Spot,CHF,1598432.47,-0.323803,-51.76
2026-07-22,T100083,CP_001,Forward,USD,4002318.57,0.676365,270.7
2026-07-22,T100084,CP_003,Option,GBP,2743800.88,0.467229,128.2
2026-07-22,T100085,CP_009,Forward,EUR,410263.34,-0.777993,-31.92
2026-07-22,T100086,CP_008,Option,JPY,1523337.99,-0.734262,-111.85
2026-07-22,T100087,CP_005,Option,GBP,3238220.04,1.309816,424.15
2026-07-22,T100088,CP_007,Forward,USD,1489823.16,-0.3218,-47.94
2026-07-22,T100089,CP_009,Option,EUR,221966.76,-0.314385,-6.98
2026-07-22,T100090,CP_004,Spot,USD,286021.13,-0.970807,-27.77
2026-07-22,T100091,CP_002,FX-Swap,CHF,4455410.12,2.051264,913.92
2026-07-22,T100092,CP_003,Option,GBP,1656994.39,2.929095,485.35
2026-07-22,T100093,CP_005,FX-Swap,JPY,1540591.93,0.181747,28.0
2026-07-22,T100094,CP_005,Option,USD,3305189.44,-2.228339,-736.51
2026-07-22,T100095,CP_010,Spot,EUR,103322.19,0.729693,7.54
2026-07-22,T100096,CP_001,Option,JPY,2337144.85,1.535124,358.78
2026-07-22,T100097,CP_006,Option,JPY,3260064.28,0.318579,103.86
2026-07-22,T100098,CP_004,Forward,USD,3407262.77,-0.700341,-238.62
2026-07-22,T100099,CP_005,Spot,GBP,2063850.67,-1.725328,-356.08
2026-07-23,T100000,CP_009,FX-Swap,USD,2341669.32,1.535306,359.52
2026-07-23,T100001,CP_007,Forward,CHF,1603515.6,0.898559,144.09
2026-07-23,T100002,CP_003,FX-Swap,USD,127925.82,1.16852,14.95
2026-07-23,T100003,CP_010,Forward,EUR,173264.71,0.989508,17.14
2026-07-23,T100004,CP_008,Forward,USD,1600722.59,1.922854,307.8
2026-07-23,T100005,CP_010,Option,JPY,3698911.37,1.205007,445.72
2026-07-23,T100006,CP_006,Spot,USD,2769404.95,0.043532,12.06
2026-07-23,T100007,CP_010,FX-Swap,GBP,3929315.67,0.488381,191.9
2026-07-23,T100008,CP_003,Spot,GBP,3714996.22,1.1169,414.93
2026-07-23,T100009,CP_008,Option,CHF,2332105.07,-0.930339,-216.96
2026-07-23,T100010,CP_004,FX-Swap,CHF,2434805.56,-1.016007,-247.38
2026-07-23,T100011,CP_009,Spot,JPY,383383.95,-2.41519,-92.59
2026-07-23,T100012,CP_008,Forward,CHF,3777516.13,-1.09424,-413.35
2026-07-23,T100013,CP_002,FX-Swap,EUR,2003220.58,-1.3942,-279.29
2026-07-23,T100014,CP_008,Option,JPY,2961182.34,1.110964,328.98
2026-07-23,T100015,CP_005,FX-Swap,GBP,4219210.68,0.340289,143.58
2026-07-23,T100016,CP_005,Forward,USD,2968217.99,1.302743,386.68
2026-07-23,T100017,CP_005,Spot,JPY,4821312.69,-1.648188,-794.64
2026-07-23,T100018,CP_007,Spot,USD,4953291.61,-0.42217,-209.11
2026-07-23,T100019,CP_004,Spot,EUR,1260153.4,-0.662628,-83.5
2026-07-23,T100020,CP_002,Option,EUR,3621733.53,1.133681,410.59
2026-07-23,T100021,CP_004,Option,JPY,2810456.48,0.642059,180.45
2026-07-23,T100022,CP_004,FX-Swap,EUR,3890634.92,-0.469461,-182.65
2026-07-23,T100023,CP_002,Spot,GBP,4856438.24,0.492181,239.02
2026-07-23,T100024,CP_009,FX-Swap,EUR,1833433.44,1.626051,298.13
2026-07-23,T100025,CP_005,Spot,GBP,4579934.3,-0.000303,-0.14
2026-07-23,T100026,CP_007,Spot,JPY,1185343.95,0.33699,39.94
2026-07-23,T100027,CP_010,Option,JPY,3687577.91,0.022027,8.12
2026-07-23,T100028,CP_007,Option,JPY,1352660.0,0.387452,52.41
2026-07-23,T100029,CP_008,FX-Swap,JPY,4183390.97,-0.717579,-300.19
2026-07-23,T100030,CP_007,FX-Swap,GBP,3834935.54,1.24227,476.4
2026-07-23,T100031,CP_006,Spot,USD,2929576.1,0.727631,213.17
2026-07-23,T100032,CP_007,Spot,GBP,4238928.77,-0.334957,-141.99
2026-07-23,T100033,CP_007,Spot,EUR,3400451.21,-1.17933,-401.03
2026-07-23,T100034,CP_002,Forward,EUR,4481770.16,-1.45652,-652.78
2026-07-23,T100035,CP_010,FX-Swap,JPY,4736690.3,-0.265879,-125.94
2026-07-23,T100036,CP_001,Spot,CHF,859562.77,-0.366144,-31.47
2026-07-23,T100037,CP_009,FX-Swap,USD,1293399.88,-0.455978,-58.98
2026-07-23,T100038,CP_010,Option,USD,3408890.22,-0.092078,-31.39
2026-07-23,T100039,CP_003,Forward,GBP,3542358.85,-1.12679,-399.15
2026-07-23,T100040,CP_005,Forward,EUR,2786347.27,1.241518,345.93
2026-07-23,T100041,CP_001,Forward,USD,2451732.03,0.738474,181.05
2026-07-23,T100042,CP_003,Option,GBP,4410927.04,-1.526279,-673.23
2026-07-23,T100043,CP_005,FX-Swap,USD,3496201.55,0.004527,1.58
2026-07-23,T100044,CP_006,FX-Swap,CHF,2057268.23,-0.095751,-19.7
2026-07-23,T100045,CP_008,Option,USD,3139323.88,0.991899,311.39
2026-07-23,T100046,CP_001,Forward,USD,902593.39,-0.72348,-65.3
2026-07-23,T100047,CP_006,Spot,GBP,529566.42,-1.690987,-89.55
2026-07-23,T100048,CP_003,Option,EUR,457960.06,-0.629336,-28.82
2026-07-23,T100049,CP_001,FX-Swap,JPY,2808223.83,-2.379849,-668.31
2026-07-23,T100050,CP_005,Forward,USD,128674.59,-0.912681,-11.74
2026-07-23,T100051,CP_004,Spot,EUR,2048753.09,-0.3189,-65.33
2026-07-23,T100052,CP_007,Forward,GBP,4289056.18,-0.07271,-31.19
2026-07-23,T100053,CP_008,Forward,EUR,247126.78,1.964525,48.55
2026-07-23,T100054,CP_001,FX-Swap,CHF,1260799.31,0.625033,78.8
2026-07-23,T100055,CP_006,Option,CHF,977099.54,-1.391504,-135.96
2026-07-23,T100056,CP_010,Spot,GBP,3098248.74,0.047601,14.75
2026-07-23,T100057,CP_003,Option,USD,4355265.16,1.795298,781.9
2026-07-23,T100058,CP_007,Option,USD,3315998.12,-0.623642,-206.8
2026-07-23,T100059,CP_008,Spot,EUR,2858778.93,1.10876,316.97
2026-07-23,T100060,CP_001,Spot,GBP,1446453.78,-2.364479,-342.01
2026-07-23,T100061,CP_010,FX-Swap,CHF,1641950.16,0.607431,99.74
2026-07-23,T100062,CP_006,Forward,EUR,370352.44,0.45253,16.76
2026-07-23,T100063,CP_003,Forward,EUR,1871705.95,0.965935,180.79
2026-07-23,T100064,CP_002,FX-Swap,EUR,3274217.44,1.427334,467.34
2026-07-23,T100065,CP_008,Forward,CHF,821505.77,0.624589,51.31
2026-07-23,T100066,CP_006,Spot,EUR,1025906.56,0.8327,85.43
2026-07-23,T100067,CP_010,Forward,CHF,1937224.97,-0.942831,-182.65
2026-07-23,T100068,CP_009,Spot,JPY,4215281.13,0.153291,64.62
2026-07-23,T100069,CP_004,FX-Swap,JPY,565039.07,1.066611,60.27
2026-07-23,T100070,CP_005,Spot,USD,1993650.26,-0.994473,-198.26
2026-07-23,T100071,CP_001,Spot,GBP,3610792.89,-0.559701,-202.1
2026-07-23,T100072,CP_006,Spot,GBP,3721086.78,-1.157625,-430.76
2026-07-23,T100073,CP_004,Forward,GBP,2065628.54,-1.161708,-239.97
2026-07-23,T100074,CP_004,Spot,CHF,413586.25,1.237925,51.2
2026-07-23,T100075,CP_003,Forward,EUR,2069342.76,-0.031611,-6.54
2026-07-23,T100076,CP_005,Option,EUR,182612.61,-0.423274,-7.73
2026-07-23,T100077,CP_003,Forward,USD,157322.39,0.993409,15.63
2026-07-23,T100078,CP_005,Forward,CHF,3829702.4,-0.902552,-345.65
2026-07-23,T100079,CP_010,Spot,CHF,852934.83,1.217873,103.88
2026-07-23,T100080,CP_005,Forward,CHF,4362474.0,0.983089,428.87
2026-07-23,T100081,CP_009,Option,USD,4415508.03,-0.087776,-38.76
2026-07-23,T100082,CP_005,Spot,CHF,1598432.47,-0.311672,-49.82
2026-07-23,T100083,CP_001,Forward,USD,4002318.57,0.689705,276.04
2026-07-23,T100084,CP_003,Option,GBP,2743800.88,0.454909,124.82
2026-07-23,T100085,CP_009,Forward,EUR,410263.34,-0.777108,-31.88
2026-07-23,T100086,CP_008,Option,JPY,1523337.99,-0.698557,-106.41
2026-07-23,T100087,CP_005,Option,GBP,3238220.04,1.301064,421.31
2026-07-23,T100088,CP_007,Forward,USD,1489823.16,-0.315462,-47.0
2026-07-23,T100089,CP_009,Option,EUR,221966.76,-0.330005,-7.33
2026-07-23,T100090,CP_004,Spot,USD,286021.13,-0.976938,-27.94
2026-07-23,T100091,CP_002,FX-Swap,CHF,4455410.12,2.060026,917.83
2026-07-23,T100092,CP_003,Option,GBP,1656994.39,2.934122,486.18
2026-07-23,T100093,CP_005,FX-Swap,JPY,1540591.93,0.178481,27.5
2026-07-23,T100094,CP_005,Option,USD,3305189.44,-2.243743,-741.6
2026-07-23,T100095,CP_010,Spot,EUR,103322.19,0.682573,7.05
2026-07-23,T100096,CP_001,Option,JPY,2337144.85,1.547075,361.57
2026-07-23,T100097,CP_006,Option,JPY,3260064.28,0.324459,105.78
2026-07-23,T100098,CP_004,Forward,USD,3407262.77,-0.689603,-234.97
2026-07-23,T100099,CP_005,Spot,GBP,2063850.67,-1.766283,-364.53
2026-07-24,T100000,CP_009,FX-Swap,USD,2341669.32,1.564716,366.4
2026-07-24,T100001,CP_007,Forward,CHF,1603515.6,0.885981,142.07
2026-07-24,T100002,CP_003,FX-Swap,USD,127925.82,1.153435,14.76
2026-07-24,T100003,CP_010,Forward,EUR,173264.71,0.977269,16.93
2026-07-24,T100004,CP_008,Forward,USD,1600722.59,1.973949,315.97
2026-07-24,T100005,CP_010,Option,JPY,3698911.37,1.219197,450.97
2026-07-24,T100006,CP_006,Spot,USD,2769404.95,0.050555,14.0
2026-07-24,T100007,CP_010,FX-Swap,GBP,3929315.67,0.506615,199.07
2026-07-24,T100008,CP_003,Spot,GBP,3714996.22,1.096876,407.49
2026-07-24,T100009,CP_008,Option,CHF,2332105.07,-0.939259,-219.05
2026-07-24,T100010,CP_004,FX-Swap,CHF,2434805.56,-0.982547,-239.23
2026-07-24,T100011,CP_009,Spot,JPY,383383.95,-2.44804,-93.85
2026-07-24,T100012,CP_008,Forward,CHF,3777516.13,-1.125494,-425.16
2026-07-24,T100013,CP_002,FX-Swap,EUR,2003220.58,-1.415314,-283.52
2026-07-24,T100014,CP_008,Option,JPY,2961182.34,1.191893,352.94
2026-07-24,T100015,CP_005,FX-Swap,GBP,4219210.68,0.31477,132.81
2026-07-24,T100016,CP_005,Forward,USD,2968217.99,1.339806,397.68
2026-07-24,T100017,CP_005,Spot,JPY,4821312.69,-1.664021,-802.28
2026-07-24,T100018,CP_007,Spot,USD,4953291.61,-0.397409,-196.85
2026-07-24,T100019,CP_004,Spot,EUR,1260153.4,-0.688746,-86.79
2026-07-24,T100020,CP_002,Option,EUR,3621733.53,1.134426,410.86
2026-07-24,T100021,CP_004,Option,JPY,2810456.48,0.694899,195.3
2026-07-24,T100022,CP_004,FX-Swap,EUR,3890634.92,-0.49295,-191.79
2026-07-24,T100023,CP_002,Spot,GBP,4856438.24,0.492757,239.3
2026-07-24,T100024,CP_009,FX-Swap,EUR,1833433.44,1.61217,295.58
2026-07-24,T100025,CP_005,Spot,GBP,4579934.3,-0.001967,-0.9
2026-07-24,T100026,CP_007,Spot,JPY,1185343.95,0.298181,35.34
2026-07-24,T100027,CP_010,Option,JPY,3687577.91,0.004945,1.82
2026-07-24,T100028,CP_007,Option,JPY,1352660.0,0.403607,54.59
2026-07-24,T100029,CP_008,FX-Swap,JPY,4183390.97,-0.678117,-283.68
2026-07-24,T100030,CP_007,FX-Swap,GBP,3834935.54,1.21803,467.11
2026-07-24,T100031,CP_006,Spot,USD,2929576.1,0.7438,217.9
2026-07-24,T100032,CP_007,Spot,GBP,4238928.77,-0.359275,-152.29
2026-07-24,T100033,CP_007,Spot,EUR,3400451.21,-1.164013,-395.82
2026-07-24,T100034,CP_002,Forward,EUR,4481770.16,-1.429999,-640.89
2026-07-24,T100035,CP_010,FX-Swap,JPY,4736690.3,-0.242479,-114.85
2026-07-24,T100036,CP_001,Spot,CHF,859562.77,-0.360283,-30.97
2026-07-24,T100037,CP_009,FX-Swap,USD,1293399.88,-0.460333,-59.54
2026-07-24,T100038,CP_010,Option,USD,3408890.22,-0.046917,-15.99
2026-07-24,T100039,CP_003,Forward,GBP,3542358.85,-1.124543,-398.35
2026-07-24,T100040,CP_005,Forward,EUR,2786347.27,1.239776,345.44
2026-07-24,T100041,CP_001,Forward,USD,2451732.03,0.738633,181.09
2026-07-24,T100042,CP_003,Option,GBP,4410927.04,-1.514554,-668.06
2026-07-24,T100043,CP_005,FX-Swap,USD,3496201.55,-0.013423,-4.69
2026-07-24,T100044,CP_006,FX-Swap,CHF,2057268.23,-0.083743,-17.23
2026-07-24,T100045,CP_008,Option,USD,3139323.88,1.006266,315.9
2026-07-24,T100046,CP_001,Forward,USD,902593.39,-0.733574,-66.21
2026-07-24,T100047,CP_006,Spot,GBP,529566.42,-1.688515,-89.42
2026-07-24,T100048,CP_003,Option,EUR,457960.06,-0.617636,-28.29
2026-07-24,T100049,CP_001,FX-Swap,JPY,2808223.83,-2.38905,-670.9
2026-07-24,T100050,CP_005,Forward,USD,128674.59,-0.903713,-11.63
2026-07-24,T100051,CP_004,Spot,EUR,2048753.09,-0.325909,-66.77
2026-07-24,T100052,CP_007,Forward,GBP,4289056.18,-0.011524,-4.94
2026-07-24,T100053,CP_008,Forward,EUR,247126.78,1.972036,48.73
2026-07-24,T100054,CP_001,FX-Swap,CHF,1260799.31,0.647976,81.7
2026-07-24,T100055,CP_006,Option,CHF,977099.54,-1.408823,-137.66
2026-07-24,T100056,CP_010,Spot,GBP,3098248.74,0.048468,15.02
2026-07-24,T100057,CP_003,Option,USD,4355265.16,1.766008,769.14
2026-07-24,T100058,CP_007,Option,USD,3315998.12,-0.6683,-221.61
2026-07-24,T100059,CP_008,Spot,EUR,2858778.93,1.117788,319.55
2026-07-24,T100060,CP_001,Spot,GBP,1446453.78,-2.3755,-343.61
2026-07-24,T100061,CP_010,FX-Swap,CHF,1641950.16,0.600794,98.65
2026-07-24,T100062,CP_006,Forward,EUR,370352.44,0.499564,18.5
2026-07-24,T100063,CP_003,Forward,EUR,1871705.95,0.940852,176.1
2026-07-24,T100064,CP_002,FX-Swap,EUR,3274217.44,1.429648,468.1
2026-07-24,T100065,CP_008,Forward,CHF,821505.77,0.641676,52.71
2026-07-24,T100066,CP_006,Spot,EUR,1025906.56,0.807234,82.81
2026-07-24,T100067,CP_010,Forward,CHF,1937224.97,-0.926939,-179.57
2026-07-24,T100068,CP_009,Spot,JPY,4215281.13,0.156926,66.15
2026-07-24,T100069,CP_004,FX-Swap,JPY,565039.07,1.041001,58.82
2026-07-24,T100070,CP_005,Spot,USD,1993650.26,-1.002135,-199.79
2026-07-24,T100071,CP_001,Spot,GBP,3610792.89,-0.55493,-200.37
2026-07-24,T100072,CP_006,Spot,GBP,3721086.78,-1.115359,-415.03
2026-07-24,T100073,CP_004,Forward,GBP,2065628.54,-1.141156,-235.72
2026-07-24,T100074,CP_004,Spot,CHF,413586.25,1.245746,51.52
2026-07-24,T100075,CP_003,Forward,EUR,2069342.76,-0.043903,-9.09
2026-07-24,T100076,CP_005,Option,EUR,182612.61,-0.423067,-7.73
2026-07-24,T100077,CP_003,Forward,USD,157322.39,1.023794,16.11
2026-07-24,T100078,CP_005,Forward,CHF,3829702.4,-0.914535,-350.24
2026-07-24,T100079,CP_010,Spot,CHF,852934.83,1.228062,104.75
2026-07-24,T100080,CP_005,Forward,CHF,4362474.0,1.018719,444.41
2026-07-24,T100081,CP_009,Option,USD,4415508.03,-0.067584,-29.84
2026-07-24,T100082,CP_005,Spot,CHF,1598432.47,-0.299751,-47.91
2026-07-24,T100083,CP_001,Forward,USD,4002318.57,0.669193,267.83
2026-07-24,T100084,CP_003,Option,GBP,2743800.88,0.445909,122.35
2026-07-24,T100085,CP_009,Forward,EUR,410263.34,-0.758943,-31.14
2026-07-24,T100086,CP_008,Option,JPY,1523337.99,-0.662392,-100.9
2026-07-24,T100087,CP_005,Option,GBP,3238220.04,1.293512,418.87
2026-07-24,T100088,CP_007,Forward,USD,1489823.16,-0.291697,-43.46
2026-07-24,T100089,CP_009,Option,EUR,221966.76,-0.35585,-7.9
2026-07-24,T100090,CP_004,Spot,USD,286021.13,-0.978856,-28.0
2026-07-24,T100091,CP_002,FX-Swap,CHF,4455410.12,2.065093,920.08
2026-07-24,T100092,CP_003,Option,GBP,1656994.39,2.953436,489.38
2026-07-24,T100093,CP_005,FX-Swap,JPY,1540591.93,0.178472,27.5
2026-07-24,T100094,CP_005,Option,USD,3305189.44,-2.245677,-742.24
2026-07-24,T100095,CP_010,Spot,EUR,103322.19,0.681337,7.04
2026-07-24,T100096,CP_001,Option,JPY,2337144.85,1.53482,358.71
2026-07-24,T100097,CP_006,Option,JPY,3260064.28,0.33154,108.08
2026-07-24,T100098,CP_004,Forward,USD,3407262.77,-0.691379,-235.57
2026-07-24,T100099,CP_005,Spot,GBP,2063850.67,-1.746515,-360.45
2026-07-27,T100000,CP_009,FX-Swap,USD,2341669.32,1.55009,362.98
2026-07-27,T100001,CP_007,Forward,CHF,1603515.6,0.863201,138.42
2026-07-27,T100002,CP_003,FX-Swap,USD,127925.82,1.13865,14.57
2026-07-27,T100003,CP_010,Forward,EUR,173264.71,0.967946,16.77
2026-07-27,T100004,CP_008,Forward,USD,1600722.59,1.998489,319.9
2026-07-27,T100005,CP_010,Option,JPY,3698911.37,1.254056,463.86
2026-07-27,T100006,CP_006,Spot,USD,2769404.95,0.079674,22.06
2026-07-27,T100007,CP_010,FX-Swap,GBP,3929315.67,0.513367,201.72
2026-07-27,T100008,CP_003,Spot,GBP,3714996.22,1.09295,406.03
2026-07-27,T100009,CP_008,Option,CHF,2332105.07,-0.945873,-220.59
2026-07-27,T100010,CP_004,FX-Swap,CHF,2434805.56,-1.002583,-244.11
2026-07-27,T100011,CP_009,Spot,JPY,383383.95,-2.447514,-93.83
2026-07-27,T100012,CP_008,Forward,CHF,3777516.13,-1.167253,-440.93
2026-07-27,T100013,CP_002,FX-Swap,EUR,2003220.58,-1.406972,-281.85
2026-07-27,T100014,CP_008,Option,JPY,2961182.34,1.215335,359.88
2026-07-27,T100015,CP_005,FX-Swap,GBP,4219210.68,0.277934,117.27
2026-07-27,T100016,CP_005,Forward,USD,2968217.99,1.334075,395.98
2026-07-27,T100017,CP_005,Spot,JPY,4821312.69,-1.654511,-797.69
2026-07-27,T100018,CP_007,Spot,USD,4953291.61,-0.400778,-198.52
2026-07-27,T100019,CP_004,Spot,EUR,1260153.4,-0.702842,-88.57
2026-07-27,T100020,CP_002,Option,EUR,3621733.53,1.158424,419.55
2026-07-27,T100021,CP_004,Option,JPY,2810456.48,0.693715,194.97
2026-07-27,T100022,CP_004,FX-Swap,EUR,3890634.92,-0.51324,-199.68
2026-07-27,T100023,CP_002,Spot,GBP,4856438.24,0.494438,240.12
2026-07-27,T100024,CP_009,FX-Swap,EUR,1833433.44,1.608755,294.95
2026-07-27,T100025,CP_005,Spot,GBP,4579934.3,0.039763,18.21
2026-07-27,T100026,CP_007,Spot,JPY,1185343.95,0.295508,35.03
2026-07-27,T100027,CP_010,Option,JPY,3687577.91,-0.009768,-3.6
2026-07-27,T100028,CP_007,Option,JPY,1352660.0,0.394624,53.38
2026-07-27,T100029,CP_008,FX-Swap,JPY,4183390.97,-0.714073,-298.72
2026-07-27,T100030,CP_007,FX-Swap,GBP,3834935.54,1.201735,460.86
2026-07-27,T100031,CP_006,Spot,USD,2929576.1,0.740964,217.07
2026-07-27,T100032,CP_007,Spot,GBP,4238928.77,-0.366627,-155.41
2026-07-27,T100033,CP_007,Spot,EUR,3400451.21,-1.1415,-388.16
2026-07-27,T100034,CP_002,Forward,EUR,4481770.16,-1.494467,-669.79
2026-07-27,T100035,CP_010,FX-Swap,JPY,4736690.3,-0.173338,-82.1
2026-07-27,T100036,CP_001,Spot,CHF,859562.77,-0.372437,-32.01
2026-07-27,T100037,CP_009,FX-Swap,USD,1293399.88,-0.519805,-67.23
2026-07-27,T100038,CP_010,Option,USD,3408890.22,-0.018885,-6.44
2026-07-27,T100039,CP_003,Forward,GBP,3542358.85,-1.177693,-417.18
2026-07-27,T100040,CP_005,Forward,EUR,2786347.27,1.234284,343.91
2026-07-27,T100041,CP_001,Forward,USD,2451732.03,0.745001,182.65
2026-07-27,T100042,CP_003,Option,GBP,4410927.04,-1.519944,-670.44
2026-07-27,T100043,CP_005,FX-Swap,USD,3496201.55,-0.033248,-11.62
2026-07-27,T100044,CP_006,FX-Swap,CHF,2057268.23,-0.095043,-19.55
2026-07-27,T100045,CP_008,Option,USD,3139323.88,1.037196,325.61
2026-07-27,T100046,CP_001,Forward,USD,902593.39,-0.748859,-67.59
2026-07-27,T100047,CP_006,Spot,GBP,529566.42,-1.673687,-88.63
2026-07-27,T100048,CP_003,Option,EUR,457960.06,-0.636641,-29.16
2026-07-27,T100049,CP_001,FX-Swap,JPY,2808223.83,-2.469604,-693.52
2026-07-27,T100050,CP_005,Forward,USD,128674.59,-0.89602,-11.53
2026-07-27,T100051,CP_004,Spot,EUR,2048753.09,-0.339296,-69.51
2026-07-27,T100052,CP_007,Forward,GBP,4289056.18,-0.003668,-1.57
2026-07-27,T100053,CP_008,Forward,EUR,247126.78,1.981344,48.96
2026-07-27,T100054,CP_001,FX-Swap,CHF,1260799.31,0.668053,84.23
2026-07-27,T100055,CP_006,Option,CHF,977099.54,-1.404009,-137.19
2026-07-27,T100056,CP_010,Spot,GBP,3098248.74,0.048636,15.07
2026-07-27,T100057,CP_003,Option,USD,4355265.16,1.776841,773.86
2026-07-27,T100058,CP_007,Option,USD,3315998.12,-0.636614,-211.1
2026-07-27,T100059,CP_008,Spot,EUR,2858778.93,1.109335,317.13
2026-07-27,T100060,CP_001,Spot,GBP,1446453.78,-2.429538,-351.42
2026-07-27,T100061,CP_010,FX-Swap,CHF,1641950.16,0.591989,97.2
2026-07-27,T100062,CP_006,Forward,EUR,370352.44,0.507062,18.78
2026-07-27,T100063,CP_003,Forward,EUR,1871705.95,0.914663,171.2
2026-07-27,T100064,CP_002,FX-Swap,EUR,3274217.44,1.403853,459.65
2026-07-27,T100065,CP_008,Forward,CHF,821505.77,0.612838,50.34
2026-07-27,T100066,CP_006,Spot,EUR,1025906.56,0.812313,83.34
2026-07-27,T100067,CP_010,Forward,CHF,1937224.97,-0.944051,-182.88
2026-07-27,T100068,CP_009,Spot,JPY,4215281.13,0.133936,56.46
2026-07-27,T100069,CP_004,FX-Swap,JPY,565039.07,1.009633,57.05
2026-07-27,T100070,CP_005,Spot,USD,1993650.26,-1.004682,-200.3
2026-07-27,T100071,CP_001,Spot,GBP,3610792.89,-0.528611,-190.87
2026-07-27,T100072,CP_006,Spot,GBP,3721086.78,-1.066529,-396.86
2026-07-27,T100073,CP_004,Forward,GBP,2065628.54,-1.152303,-238.02
2026-07-27,T100074,CP_004,Spot,CHF,413586.25,1.253462,51.84
2026-07-27,T100075,CP_003,Forward,EUR,2069342.76,-0.075623,-15.65
2026-07-27,T100076,CP_005,Option,EUR,182612.61,-0.399127,-7.29
2026-07-27,T100077,CP_003,Forward,USD,157322.39,1.075824,16.93
2026-07-27,T100078,CP_005,Forward,CHF,3829702.4,-0.926346,-354.76
2026-07-27,T100079,CP_010,Spot,CHF,852934.83,1.226177,104.58
2026-07-27,T100080,CP_005,Forward,CHF,4362474.0,1.023944,446.69
2026-07-27,T100081,CP_009,Option,USD,4415508.03,-0.078546,-34.68
2026-07-27,T100082,CP_005,Spot,CHF,1598432.47,-0.252351,-40.34
2026-07-27,T100083,CP_001,Forward,USD,4002318.57,0.638038,255.36
2026-07-27,T100084,CP_003,Option,GBP,2743800.88,0.417132,114.45
2026-07-27,T100085,CP_009,Forward,EUR,410263.34,-0.72035,-29.55
2026-07-27,T100086,CP_008,Option,JPY,1523337.99,-0.67586,-102.96
2026-07-27,T100087,CP_005,Option,GBP,3238220.04,1.298833,420.59
2026-07-27,T100088,CP_007,Forward,USD,1489823.16,-0.313219,-46.66
2026-07-27,T100089,CP_009,Option,EUR,221966.76,-0.371168,-8.24
2026-07-27,T100090,CP_004,Spot,USD,286021.13,-0.963987,-27.57
2026-07-27,T100091,CP_002,FX-Swap,CHF,4455410.12,2.052726,914.57
2026-07-27,T100092,CP_003,Option,GBP,1656994.39,2.976285,493.17
2026-07-27,T100093,CP_005,FX-Swap,JPY,1540591.93,0.19677,30.31
2026-07-27,T100094,CP_005,Option,USD,3305189.44,-2.245895,-742.31
2026-07-27,T100095,CP_010,Spot,EUR,103322.19,0.676007,6.98
2026-07-27,T100096,CP_001,Option,JPY,2337144.85,1.522394,355.81
2026-07-27,T100097,CP_006,Option,JPY,3260064.28,0.336663,109.75
2026-07-27,T100098,CP_004,Forward,USD,3407262.77,-0.680616,-231.9
2026-07-27,T100099,CP_005,Spot,GBP,2063850.67,-1.722285,-355.45
2026-07-28,T100000,CP_009,FX-Swap,USD,2341669.32,1.559462,365.17
2026-07-28,T100001,CP_007,Forward,CHF,1603515.6,0.851843,136.59
2026-07-28,T100002,CP_003,FX-Swap,USD,127925.82,1.10705,14.16
2026-07-28,T100003,CP_010,Forward,EUR,173264.71,0.965995,16.74
2026-07-28,T100004,CP_008,Forward,USD,1600722.59,2.02855,324.71
2026-07-28,T100005,CP_010,Option,JPY,3698911.37,1.244583,460.36
2026-07-28,T100006,CP_006,Spot,USD,2769404.95,0.114298,31.65
2026-07-28,T100007,CP_010,FX-Swap,GBP,3929315.67,0.51333,201.7
2026-07-28,T100008,CP_003,Spot,GBP,3714996.22,1.107573,411.46
2026-07-28,T100009,CP_008,Option,CHF,2332105.07,-0.928227,-216.47
2026-07-28,T100010,CP_004,FX-Swap,CHF,2434805.56,-1.050487,-255.77
2026-07-28,T100011,CP_009,Spot,JPY,383383.95,-2.440413,-93.56
2026-07-28,T100012,CP_008,Forward,CHF,3777516.13,-1.159755,-438.1
2026-07-28,T100013,CP_002,FX-Swap,EUR,2003220.58,-1.43937,-288.34
2026-07-28,T100014,CP_008,Option,JPY,2961182.34,1.251744,370.66
2026-07-28,T100015,CP_005,FX-Swap,GBP,4219210.68,0.268155,113.14
2026-07-28,T100016,CP_005,Forward,USD,2968217.99,1.336466,396.69
2026-07-28,T100017,CP_005,Spot,JPY,4821312.69,-1.634578,-788.08
2026-07-28,T100018,CP_007,Spot,USD,4953291.61,-0.406099,-201.15
2026-07-28,T100019,CP_004,Spot,EUR,1260153.4,-0.776499,-97.85
2026-07-28,T100020,CP_002,Option,EUR,3621733.53,1.188188,430.33
2026-07-28,T100021,CP_004,Option,JPY,2810456.48,0.685781,192.74
2026-07-28,T100022,CP_004,FX-Swap,EUR,3890634.92,-0.49271,-191.7
2026-07-28,T100023,CP_002,Spot,GBP,4856438.24,0.499582,242.62
2026-07-28,T100024,CP_009,FX-Swap,EUR,1833433.44,1.609192,295.03
2026-07-28,T100025,CP_005,Spot,GBP,4579934.3,0.065693,30.09
2026-07-28,T100026,CP_007,Spot,JPY,1185343.95,0.282306,33.46
2026-07-28,T100027,CP_010,Option,JPY,3687577.91,-0.054588,-20.13
2026-07-28,T100028,CP_007,Option,JPY,1352660.0,0.368553,49.85
2026-07-28,T100029,CP_008,FX-Swap,JPY,4183390.97,-0.700654,-293.11
2026-07-28,T100030,CP_007,FX-Swap,GBP,3834935.54,1.209913,463.99
2026-07-28,T100031,CP_006,Spot,USD,2929576.1,0.743586,217.84
2026-07-28,T100032,CP_007,Spot,GBP,4238928.77,-0.376291,-159.51
2026-07-28,T100033,CP_007,Spot,EUR,3400451.21,-1.133435,-385.42
2026-07-28,T100034,CP_002,Forward,EUR,4481770.16,-1.52994,-685.68
2026-07-28,T100035,CP_010,FX-Swap,JPY,4736690.3,-0.171553,-81.26
2026-07-28,T100036,CP_001,Spot,CHF,859562.77,-0.376071,-32.33
2026-07-28,T100037,CP_009,FX-Swap,USD,1293399.88,-0.513472,-66.41
2026-07-28,T100038,CP_010,Option,USD,3408890.22,-0.022756,-7.76
2026-07-28,T100039,CP_003,Forward,GBP,3542358.85,-1.173712,-415.77
2026-07-28,T100040,CP_005,Forward,EUR,2786347.27,1.221414,340.33
2026-07-28,T100041,CP_001,Forward,USD,2451732.03,0.751506,184.25
2026-07-28,T100042,CP_003,Option,GBP,4410927.04,-1.506085,-664.32
2026-07-28,T100043,CP_005,FX-Swap,USD,3496201.55,-0.003492,-1.22
2026-07-28,T100044,CP_006,FX-Swap,CHF,2057268.23,-0.105063,-21.61
2026-07-28,T100045,CP_008,Option,USD,3139323.88,1.02523,321.85
2026-07-28,T100046,CP_001,Forward,USD,902593.39,-0.762475,-68.82
2026-07-28,T100047,CP_006,Spot,GBP,529566.42,-1.696384,-89.83
2026-07-28,T100048,CP_003,Option,EUR,457960.06,-0.666752,-30.53
2026-07-28,T100049,CP_001,FX-Swap,JPY,2808223.83,-2.421817,-680.1
2026-07-28,T100050,CP_005,Forward,USD,128674.59,-0.888531,-11.43
2026-07-28,T100051,CP_004,Spot,EUR,2048753.09,-0.286001,-58.59
2026-07-28,T100052,CP_007,Forward,GBP,4289056.18,-0.019544,-8.38
2026-07-28,T100053,CP_008,Forward,EUR,247126.78,1.968052,48.64
2026-07-28,T100054,CP_001,FX-Swap,CHF,1260799.31,0.639096,80.58
2026-07-28,T100055,CP_006,Option,CHF,977099.54,-1.392972,-136.11
2026-07-28,T100056,CP_010,Spot,GBP,3098248.74,0.065241,20.21
2026-07-28,T100057,CP_003,Option,USD,4355265.16,1.776529,773.73
2026-07-28,T100058,CP_007,Option,USD,3315998.12,-0.595056,-197.32
2026-07-28,T100059,CP_008,Spot,EUR,2858778.93,1.094048,312.76
2026-07-28,T100060,CP_001,Spot,GBP,1446453.78,-2.429271,-351.38
2026-07-28,T100061,CP_010,FX-Swap,CHF,1641950.16,0.599339,98.41
2026-07-28,T100062,CP_006,Forward,EUR,370352.44,0.524184,19.41
2026-07-28,T100063,CP_003,Forward,EUR,1871705.95,0.89259,167.07
2026-07-28,T100064,CP_002,FX-Swap,EUR,3274217.44,1.39195,455.75
2026-07-28,T100065,CP_008,Forward,CHF,821505.77,0.59699,49.04
2026-07-28,T100066,CP_006,Spot,EUR,1025906.56,0.832536,85.41
2026-07-28,T100067,CP_010,Forward,CHF,1937224.97,-0.949375,-183.92
2026-07-28,T100068,CP_009,Spot,JPY,4215281.13,0.11373,47.94
2026-07-28,T100069,CP_004,FX-Swap,JPY,565039.07,1.022764,57.79
2026-07-28,T100070,CP_005,Spot,USD,1993650.26,-0.988718,-197.12
2026-07-28,T100071,CP_001,Spot,GBP,3610792.89,-0.532571,-192.3
2026-07-28,T100072,CP_006,Spot,GBP,3721086.78,-1.045687,-389.11
2026-07-28,T100073,CP_004,Forward,GBP,2065628.54,-1.150086,-237.57
2026-07-28,T100074,CP_004,Spot,CHF,413586.25,1.262264,52.21
2026-07-28,T100075,CP_003,Forward,EUR,2069342.76,-0.100847,-20.87
2026-07-28,T100076,CP_005,Option,EUR,182612.61,-0.399789,-7.3
2026-07-28,T100077,CP_003,Forward,USD,157322.39,1.062466,16.71
2026-07-28,T100078,CP_005,Forward,CHF,3829702.4,-0.938991,-359.61
2026-07-28,T100079,CP_010,Spot,CHF,852934.83,1.232611,105.13
2026-07-28,T100080,CP_005,Forward,CHF,4362474.0,1.038772,453.16
2026-07-28,T100081,CP_009,Option,USD,4415508.03,-0.084245,-37.2
2026-07-28,T100082,CP_005,Spot,CHF,1598432.47,-0.234616,-37.5
2026-07-28,T100083,CP_001,Forward,USD,4002318.57,0.603149,241.4
2026-07-28,T100084,CP_003,Option,GBP,2743800.88,0.420353,115.34
2026-07-28,T100085,CP_009,Forward,EUR,410263.34,-0.713273,-29.26
2026-07-28,T100086,CP_008,Option,JPY,1523337.99,-0.683613,-104.14
2026-07-28,T100087,CP_005,Option,GBP,3238220.04,1.317202,426.54
2026-07-28,T100088,CP_007,Forward,USD,1489823.16,-0.314084,-46.79
2026-07-28,T100089,CP_009,Option,EUR,221966.76,-0.389615,-8.65
2026-07-28,T100090,CP_004,Spot,USD,286021.13,-0.961746,-27.51
2026-07-28,T100091,CP_002,FX-Swap,CHF,4455410.12,2.055222,915.69
2026-07-28,T100092,CP_003,Option,GBP,1656994.39,3.000731,497.22
2026-07-28,T100093,CP_005,FX-Swap,JPY,1540591.93,0.189634,29.21
2026-07-28,T100094,CP_005,Option,USD,3305189.44,-2.244632,-741.89
2026-07-28,T100095,CP_010,Spot,EUR,103322.19,0.687222,7.1
2026-07-28,T100096,CP_001,Option,JPY,2337144.85,1.534562,358.65
2026-07-28,T100097,CP_006,Option,JPY,3260064.28,0.341725,111.4
2026-07-28,T100098,CP_004,Forward,USD,3407262.77,-0.66596,-226.91
2026-07-28,T100099,CP_005,Spot,GBP,2063850.67,-1.739878,-359.08
2026-07-29,T100000,CP_009,FX-Swap,USD,2341669.32,1.54587,361.99
2026-07-29,T100001,CP_007,Forward,CHF,1603515.6,0.889119,142.57
2026-07-29,T100002,CP_003,FX-Swap,USD,127925.82,1.111077,14.21
2026-07-29,T100003,CP_010,Forward,EUR,173264.71,0.960414,16.64
2026-07-29,T100004,CP_008,Forward,USD,1600722.59,2.026803,324.43
2026-07-29,T100005,CP_010,Option,JPY,3698911.37,1.275051,471.63
2026-07-29,T100006,CP_006,Spot,USD,2769404.95,0.128058,35.46
2026-07-29,T100007,CP_010,FX-Swap,GBP,3929315.67,0.518057,203.56
2026-07-29,T100008,CP_003,Spot,GBP,3714996.22,1.090182,405.0
2026-07-29,T100009,CP_008,Option,CHF,2332105.07,-0.932747,-217.53
2026-07-29,T100010,CP_004,FX-Swap,CHF,2434805.56,-1.048437,-255.27
2026-07-29,T100011,CP_009,Spot,JPY,383383.95,-2.43845,-93.49
2026-07-29,T100012,CP_008,Forward,CHF,3777516.13,-1.091883,-412.46
2026-07-29,T100013,CP_002,FX-Swap,EUR,2003220.58,-1.478481,-296.17
2026-07-29,T100014,CP_008,Option,JPY,2961182.34,1.297562,384.23
2026-07-29,T100015,CP_005,FX-Swap,GBP,4219210.68,0.324367,136.86
2026-07-29,T100016,CP_005,Forward,USD,2968217.99,1.319033,391.52
2026-07-29,T100017,CP_005,Spot,JPY,4821312.69,-1.63105,-786.38
2026-07-29,T100018,CP_007,Spot,USD,4953291.61,-0.443147,-219.5
2026-07-29,T100019,CP_004,Spot,EUR,1260153.4,-0.811055,-102.21
2026-07-29,T100020,CP_002,Option,EUR,3621733.53,1.205576,436.63
2026-07-29,T100021,CP_004,Option,JPY,2810456.48,0.735729,206.77
2026-07-29,T100022,CP_004,FX-Swap,EUR,3890634.92,-0.47777,-185.88
2026-07-29,T100023,CP_002,Spot,GBP,4856438.24,0.505126,245.31
2026-07-29,T100024,CP_009,FX-Swap,EUR,1833433.44,1.597651,292.92
2026-07-29,T100025,CP_005,Spot,GBP,4579934.3,0.072943,33.41
2026-07-29,T100026,CP_007,Spot,JPY,1185343.95,0.279099,33.08
2026-07-29,T100027,CP_010,Option,JPY,3687577.91,-0.088973,-32.81
2026-07-29,T100028,CP_007,Option,JPY,1352660.0,0.363957,49.23
2026-07-29,T100029,CP_008,FX-Swap,JPY,4183390.97,-0.679136,-284.11
2026-07-29,T100030,CP_007,FX-Swap,GBP,3834935.54,1.180174,452.59
2026-07-29,T100031,CP_006,Spot,USD,2929576.1,0.757617,221.95
2026-07-29,T100032,CP_007,Spot,GBP,4238928.77,-0.417564,-177.0
2026-07-29,T100033,CP_007,Spot,EUR,3400451.21,-1.119432,-380.66
2026-07-29,T100034,CP_002,Forward,EUR,4481770.16,-1.543492,-691.76
2026-07-29,T100035,CP_010,FX-Swap,JPY,4736690.3,-0.162184,-76.82
2026-07-29,T100036,CP_001,Spot,CHF,859562.77,-0.397336,-34.15
2026-07-29,T100037,CP_009,FX-Swap,USD,1293399.88,-0.516406,-66.79
2026-07-29,T100038,CP_010,Option,USD,3408890.22,-0.054152,-18.46
2026-07-29,T100039,CP_003,Forward,GBP,3542358.85,-1.202711,-426.04
2026-07-29,T100040,CP_005,Forward,EUR,2786347.27,1.256323,350.06
2026-07-29,T100041,CP_001,Forward,USD,2451732.03,0.750556,184.02
2026-07-29,T100042,CP_003,Option,GBP,4410927.04,-1.512761,-667.27
2026-07-29,T100043,CP_005,FX-Swap,USD,3496201.55,-0.014341,-5.01
2026-07-29,T100044,CP_006,FX-Swap,CHF,2057268.23,-0.107399,-22.09
2026-07-29,T100045,CP_008,Option,USD,3139323.88,1.026218,322.16
2026-07-29,T100046,CP_001,Forward,USD,902593.39,-0.786715,-71.01
2026-07-29,T100047,CP_006,Spot,GBP,529566.42,-1.705858,-90.34
2026-07-29,T100048,CP_003,Option,EUR,457960.06,-0.654267,-29.96
2026-07-29,T100049,CP_001,FX-Swap,JPY,2808223.83,-2.351932,-660.48
2026-07-29,T100050,CP_005,Forward,USD,128674.59,-0.868197,-11.17
2026-07-29,T100051,CP_004,Spot,EUR,2048753.09,-0.318005,-65.15
2026-07-29,T100052,CP_007,Forward,GBP,4289056.18,0.026511,11.37
2026-07-29,T100053,CP_008,Forward,EUR,247126.78,1.943939,48.04
2026-07-29,T100054,CP_001,FX-Swap,CHF,1260799.31,0.582911,73.49
2026-07-29,T100055,CP_006,Option,CHF,977099.54,-1.389499,-135.77
2026-07-29,T100056,CP_010,Spot,GBP,3098248.74,0.078476,24.31
2026-07-29,T100057,CP_003,Option,USD,4355265.16,1.765973,769.13
2026-07-29,T100058,CP_007,Option,USD,3315998.12,-0.578952,-191.98
2026-07-29,T100059,CP_008,Spot,EUR,2858778.93,1.093349,312.56
2026-07-29,T100060,CP_001,Spot,GBP,1446453.78,-2.445704,-353.76
2026-07-29,T100061,CP_010,FX-Swap,CHF,1641950.16,0.578,94.9
2026-07-29,T100062,CP_006,Forward,EUR,370352.44,0.597068,22.11
2026-07-29,T100063,CP_003,Forward,EUR,1871705.95,0.872338,163.28
2026-07-29,T100064,CP_002,FX-Swap,EUR,3274217.44,1.433771,469.45
2026-07-29,T100065,CP_008,Forward,CHF,821505.77,0.61801,50.77
2026-07-29,T100066,CP_006,Spot,EUR,1025906.56,0.832435,85.4
2026-07-29,T100067,CP_010,Forward,CHF,1937224.97,-0.955031,-185.01
2026-07-29,T100068,CP_009,Spot,JPY,4215281.13,0.072508,30.56
2026-07-29,T100069,CP_004,FX-Swap,JPY,565039.07,1.016404,57.43
2026-07-29,T100070,CP_005,Spot,USD,1993650.26,-0.99059,-197.49
2026-07-29,T100071,CP_001,Spot,GBP,3610792.89,-0.535441,-193.34
2026-07-29,T100072,CP_006,Spot,GBP,3721086.78,-1.016049,-378.08
2026-07-29,T100073,CP_004,Forward,GBP,2065628.54,-1.145286,-236.57
2026-07-29,T100074,CP_004,Spot,CHF,413586.25,1.279771,52.93
2026-07-29,T100075,CP_003,Forward,EUR,2069342.76,-0.086259,-17.85
2026-07-29,T100076,CP_005,Option,EUR,182612.61,-0.37858,-6.91
2026-07-29,T100077,CP_003,Forward,USD,157322.39,1.104715,17.38
2026-07-29,T100078,CP_005,Forward,CHF,3829702.4,-0.948205,-363.13
2026-07-29,T100079,CP_010,Spot,CHF,852934.83,1.267035,108.07
2026-07-29,T100080,CP_005,Forward,CHF,4362474.0,1.046889,456.7
2026-07-29,T100081,CP_009,Option,USD,4415508.03,-0.063736,-28.14
2026-07-29,T100082,CP_005,Spot,CHF,1598432.47,-0.298396,-47.7
2026-07-29,T100083,CP_001,Forward,USD,4002318.57,0.607924,243.31
2026-07-29,T100084,CP_003,Option,GBP,2743800.88,0.46316,127.08
2026-07-29,T100085,CP_009,Forward,EUR,410263.34,-0.718034,-29.46
2026-07-29,T100086,CP_008,Option,JPY,1523337.99,-0.752786,-114.67
2026-07-29,T100087,CP_005,Option,GBP,3238220.04,1.321855,428.05
2026-07-29,T100088,CP_007,Forward,USD,1489823.16,-0.335386,-49.97
2026-07-29,T100089,CP_009,Option,EUR,221966.76,-0.403728,-8.96
2026-07-29,T100090,CP_004,Spot,USD,286021.13,-0.993727,-28.42
2026-07-29,T100091,CP_002,FX-Swap,CHF,4455410.12,2.035825,907.04
2026-07-29,T100092,CP_003,Option,GBP,1656994.39,3.017404,499.98
2026-07-29,T100093,CP_005,FX-Swap,JPY,1540591.93,0.153318,23.62
2026-07-29,T100094,CP_005,Option,USD,3305189.44,-2.241607,-740.89
2026-07-29,T100095,CP_010,Spot,EUR,103322.19,0.673748,6.96
2026-07-29,T100096,CP_001,Option,JPY,2337144.85,1.53703,359.23
2026-07-29,T100097,CP_006,Option,JPY,3260064.28,0.345572,112.66
2026-07-29,T100098,CP_004,Forward,USD,3407262.77,-0.665186,-226.65
2026-07-29,T100099,CP_005,Spot,GBP,2063850.67,-1.752352,-361.66
2026-07-30,T100000,CP_009,FX-Swap,USD,2341669.32,1.575335,368.89
2026-07-30,T100001,CP_007,Forward,CHF,1603515.6,0.884807,141.88
2026-07-30,T100002,CP_003,FX-Swap,USD,127925.82,1.133123,14.5
2026-07-30,T100003,CP_010,Forward,EUR,173264.71,0.957554,16.59
2026-07-30,T100004,CP_008,Forward,USD,1600722.59,2.075532,332.24
2026-07-30,T100005,CP_010,Option,JPY,3698911.37,1.300915,481.2
2026-07-30,T100006,CP_006,Spot,USD,2769404.95,0.137449,38.07
2026-07-30,T100007,CP_010,FX-Swap,GBP,3929315.67,0.545597,214.38
2026-07-30,T100008,CP_003,Spot,GBP,3714996.22,1.090254,405.03
2026-07-30,T100009,CP_008,Option,CHF,2332105.07,-0.986898,-230.16
2026-07-30,T100010,CP_004,FX-Swap,CHF,2434805.56,-1.044119,-254.22
2026-07-30,T100011,CP_009,Spot,JPY,383383.95,-2.428935,-93.12
2026-07-30,T100012,CP_008,Forward,CHF,3777516.13,-1.164343,-439.83
2026-07-30,T100013,CP_002,FX-Swap,EUR,2003220.58,-1.488159,-298.11
2026-07-30,T100014,CP_008,Option,JPY,2961182.34,1.257418,372.34
2026-07-30,T100015,CP_005,FX-Swap,GBP,4219210.68,0.324627,136.97
2026-07-30,T100016,CP_005,Forward,USD,2968217.99,1.348127,400.15
2026-07-30,T100017,CP_005,Spot,JPY,4821312.69,-1.642069,-791.69
2026-07-30,T100018,CP_007,Spot,USD,4953291.61,-0.424786,-210.41
2026-07-30,T100019,CP_004,Spot,EUR,1260153.4,-0.848172,-106.88
2026-07-30,T100020,CP_002,Option,EUR,3621733.53,1.240348,449.22
2026-07-30,T100021,CP_004,Option,JPY,2810456.48,0.745497,209.52
2026-07-30,T100022,CP_004,FX-Swap,EUR,3890634.92,-0.48491,-188.66
2026-07-30,T100023,CP_002,Spot,GBP,4856438.24,0.50837,246.89
2026-07-30,T100024,CP_009,FX-Swap,EUR,1833433.44,1.590419,291.59
2026-07-30,T100025,CP_005,Spot,GBP,4579934.3,0.082398,37.74
2026-07-30,T100026,CP_007,Spot,JPY,1185343.95,0.267011,31.65
2026-07-30,T100027,CP_010,Option,JPY,3687577.91,-0.107053,-39.48
2026-07-30,T100028,CP_007,Option,JPY,1352660.0,0.394319,53.34
2026-07-30,T100029,CP_008,FX-Swap,JPY,4183390.97,-0.656692,-274.72
2026-07-30,T100030,CP_007,FX-Swap,GBP,3834935.54,1.190562,456.57
2026-07-30,T100031,CP_006,Spot,USD,2929576.1,0.771832,226.11
2026-07-30,T100032,CP_007,Spot,GBP,4238928.77,-0.424066,-179.76
2026-07-30,T100033,CP_007,Spot,EUR,3400451.21,-1.077555,-366.42
2026-07-30,T100034,CP_002,Forward,EUR,4481770.16,-1.614518,-723.59
2026-07-30,T100035,CP_010,FX-Swap,JPY,4736690.3,-0.180514,-85.5
2026-07-30,T100036,CP_001,Spot,CHF,859562.77,-0.407368,-35.02
2026-07-30,T100037,CP_009,FX-Swap,USD,1293399.88,-0.507487,-65.64
2026-07-30,T100038,CP_010,Option,USD,3408890.22,0.025754,8.78
2026-07-30,T100039,CP_003,Forward,GBP,3542358.85,-1.245145,-441.08
2026-07-30,T100040,CP_005,Forward,EUR,2786347.27,1.247396,347.57
2026-07-30,T100041,CP_001,Forward,USD,2451732.03,0.754213,184.91
2026-07-30,T100042,CP_003,Option,GBP,4410927.04,-1.525847,-673.04
2026-07-30,T100043,CP_005,FX-Swap,USD,3496201.55,-0.057072,-19.95
2026-07-30,T100044,CP_006,FX-Swap,CHF,2057268.23,-0.115365,-23.73
2026-07-30,T100045,CP_008,Option,USD,3139323.88,1.000443,314.07
2026-07-30,T100046,CP_001,Forward,USD,902593.39,-0.795023,-71.76
2026-07-30,T100047,CP_006,Spot,GBP,529566.42,-1.745714,-92.45
2026-07-30,T100048,CP_003,Option,EUR,457960.06,-0.669927,-30.68
2026-07-30,T100049,CP_001,FX-Swap,JPY,2808223.83,-2.370728,-665.75
2026-07-30,T100050,CP_005,Forward,USD,128674.59,-0.861003,-11.08
2026-07-30,T100051,CP_004,Spot,EUR,2048753.09,-0.331735,-67.96
2026-07-30,T100052,CP_007,Forward,GBP,4289056.18,0.077141,33.09
2026-07-30,T100053,CP_008,Forward,EUR,247126.78,1.938313,47.9
2026-07-30,T100054,CP_001,FX-Swap,CHF,1260799.31,0.592277,74.67
2026-07-30,T100055,CP_006,Option,CHF,977099.54,-1.384816,-135.31
2026-07-30,T100056,CP_010,Spot,GBP,3098248.74,0.065212,20.2
2026-07-30,T100057,CP_003,Option,USD,4355265.16,1.760291,766.65
2026-07-30,T100058,CP_007,Option,USD,3315998.12,-0.53597,-177.73
2026-07-30,T100059,CP_008,Spot,EUR,2858778.93,1.083068,309.63
2026-07-30,T100060,CP_001,Spot,GBP,1446453.78,-2.437777,-352.61
2026-07-30,T100061,CP_010,FX-Swap,CHF,1641950.16,0.575917,94.56
2026-07-30,T100062,CP_006,Forward,EUR,370352.44,0.559278,20.71
2026-07-30,T100063,CP_003,Forward,EUR,1871705.95,0.846418,158.42
2026-07-30,T100064,CP_002,FX-Swap,EUR,3274217.44,1.43245,469.02
2026-07-30,T100065,CP_008,Forward,CHF,821505.77,0.621253,51.04
2026-07-30,T100066,CP_006,Spot,EUR,1025906.56,0.822774,84.41
2026-07-30,T100067,CP_010,Forward,CHF,1937224.97,-0.965868,-187.11
2026-07-30,T100068,CP_009,Spot,JPY,4215281.13,0.070619,29.77
2026-07-30,T100069,CP_004,FX-Swap,JPY,565039.07,1.039131,58.71
2026-07-30,T100070,CP_005,Spot,USD,1993650.26,-0.986996,-196.77
2026-07-30,T100071,CP_001,Spot,GBP,3610792.89,-0.535889,-193.5
2026-07-30,T100072,CP_006,Spot,GBP,3721086.78,-0.960309,-357.34
2026-07-30,T100073,CP_004,Forward,GBP,2065628.54,-1.136261,-234.71
2026-07-30,T100074,CP_004,Spot,CHF,413586.25,1.293988,53.52
2026-07-30,T100075,CP_003,Forward,EUR,2069342.76,-0.105734,-21.88
2026-07-30,T100076,CP_005,Option,EUR,182612.61,-0.346041,-6.32
2026-07-30,T100077,CP_003,Forward,USD,157322.39,1.125308,17.7
2026-07-30,T100078,CP_005,Forward,CHF,3829702.4,-0.957726,-366.78
2026-07-30,T100079,CP_010,Spot,CHF,852934.83,1.234537,105.3
2026-07-30,T100080,CP_005,Forward,CHF,4362474.0,1.026367,447.75
2026-07-30,T100081,CP_009,Option,USD,4415508.03,-0.073659,-32.52
2026-07-30,T100082,CP_005,Spot,CHF,1598432.47,-0.283077,-45.25
2026-07-30,T100083,CP_001,Forward,USD,4002318.57,0.580244,232.23
2026-07-30,T100084,CP_003,Option,GBP,2743800.88,0.4907,134.64
2026-07-30,T100085,CP_009,Forward,EUR,410263.34,-0.703475,-28.86
2026-07-30,T100086,CP_008,Option,JPY,1523337.99,-0.762118,-116.1
2026-07-30,T100087,CP_005,Option,GBP,3238220.04,1.318027,426.81
2026-07-30,T100088,CP_007,Forward,USD,1489823.16,-0.335408,-49.97
2026-07-30,T100089,CP_009,Option,EUR,221966.76,-0.400058,-8.88
2026-07-30,T100090,CP_004,Spot,USD,286021.13,-1.006691,-28.79
2026-07-30,T100091,CP_002,FX-Swap,CHF,4455410.12,2.064506,919.82
2026-07-30,T100092,CP_003,Option,GBP,1656994.39,3.028286,501.79
2026-07-30,T100093,CP_005,FX-Swap,JPY,1540591.93,0.114094,17.58
2026-07-30,T100094,CP_005,Option,USD,3305189.44,-2.229335,-736.84
2026-07-30,T100095,CP_010,Spot,EUR,103322.19,0.667709,6.9
2026-07-30,T100096,CP_001,Option,JPY,2337144.85,1.532649,358.2
2026-07-30,T100097,CP_006,Option,JPY,3260064.28,0.35533,115.84
2026-07-30,T100098,CP_004,Forward,USD,3407262.77,-0.670599,-228.49
2026-07-30,T100099,CP_005,Spot,GBP,2063850.67,-1.760036,-363.25
2026-07-31,T100000,CP_009,FX-Swap,USD,2341669.32,1.595961,373.72
2026-07-31,T100001,CP_007,Forward,CHF,1603515.6,0.899242,144.19
2026-07-31,T100002,CP_003,FX-Swap,USD,127925.82,1.131085,14.47
2026-07-31,T100003,CP_010,Forward,EUR,173264.71,0.946678,16.4
2026-07-31,T100004,CP_008,Forward,USD,1600722.59,2.069059,331.2
2026-07-31,T100005,CP_010,Option,JPY,3698911.37,1.310478,484.73
2026-07-31,T100006,CP_006,Spot,USD,2769404.95,0.12307,34.08
2026-07-31,T100007,CP_010,FX-Swap,GBP,3929315.67,0.535495,210.41
2026-07-31,T100008,CP_003,Spot,GBP,3714996.22,1.096078,407.19
2026-07-31,T100009,CP_008,Option,CHF,2332105.07,-0.964953,-225.04
2026-07-31,T100010,CP_004,FX-Swap,CHF,2434805.56,-1.035159,-252.04
2026-07-31,T100011,CP_009,Spot,JPY,383383.95,-2.469276,-94.67
2026-07-31,T100012,CP_008,Forward,CHF,3777516.13,-1.189784,-449.44
2026-07-31,T100013,CP_002,FX-Swap,EUR,2003220.58,-1.522623,-305.02
2026-07-31,T100014,CP_008,Option,JPY,2961182.34,1.264753,374.52
2026-07-31,T100015,CP_005,FX-Swap,GBP,4219210.68,0.269764,113.82
2026-07-31,T100016,CP_005,Forward,USD,2968217.99,1.379285,409.4
2026-07-31,T100017,CP_005,Spot,JPY,4821312.69,-1.61401,-778.16
2026-07-31,T100018,CP_007,Spot,USD,4953291.61,-0.423102,-209.57
2026-07-31,T100019,CP_004,Spot,EUR,1260153.4,-0.860302,-108.41
2026-07-31,T100020,CP_002,Option,EUR,3621733.53,1.234808,447.21
2026-07-31,T100021,CP_004,Option,JPY,2810456.48,0.79565,223.61
2026-07-31,T100022,CP_004,FX-Swap,EUR,3890634.92,-0.449865,-175.03
2026-07-31,T100023,CP_002,Spot,GBP,4856438.24,0.513523,249.39
2026-07-31,T100024,CP_009,FX-Swap,EUR,1833433.44,1.599256,293.21
2026-07-31,T100025,CP_005,Spot,GBP,4579934.3,0.089372,40.93
2026-07-31,T100026,CP_007,Spot,JPY,1185343.95,0.275751,32.69
2026-07-31,T100027,CP_010,Option,JPY,3687577.91,-0.076931,-28.37
2026-07-31,T100028,CP_007,Option,JPY,1352660.0,0.437631,59.2
2026-07-31,T100029,CP_008,FX-Swap,JPY,4183390.97,-0.627299,-262.42
2026-07-31,T100030,CP_007,FX-Swap,GBP,3834935.54,1.171887,449.41
2026-07-31,T100031,CP_006,Spot,USD,2929576.1,0.788718,231.06
2026-07-31,T100032,CP_007,Spot,GBP,4238928.77,-0.407852,-172.89
2026-07-31,T100033,CP_007,Spot,EUR,3400451.21,-1.006937,-342.4
2026-07-31,T100034,CP_002,Forward,EUR,4481770.16,-1.671672,-749.2
2026-07-31,T100035,CP_010,FX-Swap,JPY,4736690.3,-0.198667,-94.1
2026-07-31,T100036,CP_001,Spot,CHF,859562.77,-0.417817,-35.91
2026-07-31,T100037,CP_009,FX-Swap,USD,1293399.88,-0.523374,-67.69
2026-07-31,T100038,CP_010,Option,USD,3408890.22,-0.006723,-2.29
2026-07-31,T100039,CP_003,Forward,GBP,3542358.85,-1.243638,-440.54
2026-07-31,T100040,CP_005,Forward,EUR,2786347.27,1.271066,354.16
2026-07-31,T100041,CP_001,Forward,USD,2451732.03,0.760612,186.48
2026-07-31,T100042,CP_003,Option,GBP,4410927.04,-1.501499,-662.3
2026-07-31,T100043,CP_005,FX-Swap,USD,3496201.55,-0.068589,-23.98
2026-07-31,T100044,CP_006,FX-Swap,CHF,2057268.23,-0.118512,-24.38
2026-07-31,T100045,CP_008,Option,USD,3139323.88,1.011257,317.47
2026-07-31,T100046,CP_001,Forward,USD,902593.39,-0.780479,-70.45
2026-07-31,T100047,CP_006,Spot,GBP,529566.42,-1.753858,-92.88
2026-07-31,T100048,CP_003,Option,EUR,457960.06,-0.672607,-30.8
2026-07-31,T100049,CP_001,FX-Swap,JPY,2808223.83,-2.315286,-650.18
2026-07-31,T100050,CP_005,Forward,USD,128674.59,-0.845355,-10.88
2026-07-31,T100051,CP_004,Spot,EUR,2048753.09,-0.326616,-66.92
2026-07-31,T100052,CP_007,Forward,GBP,4289056.18,0.070853,30.39
2026-07-31,T100053,CP_008,Forward,EUR,247126.78,1.951501,48.23
2026-07-31,T100054,CP_001,FX-Swap,CHF,1260799.31,0.630402,79.48
2026-07-31,T100055,CP_006,Option,CHF,977099.54,-1.393844,-136.19
2026-07-31,T100056,CP_010,Spot,GBP,3098248.74,0.054412,16.86
2026-07-31,T100057,CP_003,Option,USD,4355265.16,1.792433,780.65
2026-07-31,T100058,CP_007,Option,USD,3315998.12,-0.540554,-179.25
2026-07-31,T100059,CP_008,Spot,EUR,2858778.93,1.100602,314.64
2026-07-31,T100060,CP_001,Spot,GBP,1446453.78,-2.482667,-359.11
2026-07-31,T100061,CP_010,FX-Swap,CHF,1641950.16,0.55567,91.24
2026-07-31,T100062,CP_006,Forward,EUR,370352.44,0.561366,20.79
2026-07-31,T100063,CP_003,Forward,EUR,1871705.95,0.827121,154.81
2026-07-31,T100064,CP_002,FX-Swap,EUR,3274217.44,1.426085,466.93
2026-07-31,T100065,CP_008,Forward,CHF,821505.77,0.608833,50.02
2026-07-31,T100066,CP_006,Spot,EUR,1025906.56,0.831514,85.31
2026-07-31,T100067,CP_010,Forward,CHF,1937224.97,-0.972712,-188.44
2026-07-31,T100068,CP_009,Spot,JPY,4215281.13,0.07238,30.51
2026-07-31,T100069,CP_004,FX-Swap,JPY,565039.07,1.060866,59.94
2026-07-31,T100070,CP_005,Spot,USD,1993650.26,-0.96359,-192.11
2026-07-31,T100071,CP_001,Spot,GBP,3610792.89,-0.533799,-192.74
2026-07-31,T100072,CP_006,Spot,GBP,3721086.78,-0.913686,-339.99
2026-07-31,T100073,CP_004,Forward,GBP,2065628.54,-1.126328,-232.66
2026-07-31,T100074,CP_004,Spot,CHF,413586.25,1.29589,53.6
2026-07-31,T100075,CP_003,Forward,EUR,2069342.76,-0.128544,-26.6
2026-07-31,T100076,CP_005,Option,EUR,182612.61,-0.341754,-6.24
2026-07-31,T100077,CP_003,Forward,USD,157322.39,1.131343,17.8
2026-07-31,T100078,CP_005,Forward,CHF,3829702.4,-0.966271,-370.05
2026-07-31,T100079,CP_010,Spot,CHF,852934.83,1.253234,106.89
2026-07-31,T100080,CP_005,Forward,CHF,4362474.0,0.999583,436.07
2026-07-31,T100081,CP_009,Option,USD,4415508.03,-0.072862,-32.17
2026-07-31,T100082,CP_005,Spot,CHF,1598432.47,-0.258165,-41.27
2026-07-31,T100083,CP_001,Forward,USD,4002318.57,0.56237,225.08
2026-07-31,T100084,CP_003,Option,GBP,2743800.88,0.517613,142.02
2026-07-31,T100085,CP_009,Forward,EUR,410263.34,-0.686825,-28.18
2026-07-31,T100086,CP_008,Option,JPY,1523337.99,-0.850198,-129.51
2026-07-31,T100087,CP_005,Option,GBP,3238220.04,1.320635,427.65
2026-07-31,T100088,CP_007,Forward,USD,1489823.16,-0.34529,-51.44
2026-07-31,T100089,CP_009,Option,EUR,221966.76,-0.428591,-9.51
2026-07-31,T100090,CP_004,Spot,USD,286021.13,-1.027771,-29.4
2026-07-31,T100091,CP_002,FX-Swap,CHF,4455410.12,2.066525,920.72
2026-07-31,T100092,CP_003,Option,GBP,1656994.39,3.033074,502.58
2026-07-31,T100093,CP_005,FX-Swap,JPY,1540591.93,0.127265,19.61
2026-07-31,T100094,CP_005,Option,USD,3305189.44,-2.24192,-741.0
2026-07-31,T100095,CP_010,Spot,EUR,103322.19,0.661822,6.84
2026-07-31,T100096,CP_001,Option,JPY,2337144.85,1.518898,354.99
2026-07-31,T100097,CP_006,Option,JPY,3260064.28,0.359501,117.2
2026-07-31,T100098,CP_004,Forward,USD,3407262.77,-0.658498,-224.37
2026-07-31,T100099,CP_005,Spot,GBP,2063850.67,-1.792107,-369.86
2026-08-03,T100000,CP_009,FX-Swap,USD,2341669.32,1.621776,379.77
2026-08-03,T100001,CP_007,Forward,CHF,1603515.6,0.881184,141.3
2026-08-03,T100002,CP_003,FX-Swap,USD,127925.82,1.161428,14.86
2026-08-03,T100003,CP_010,Forward,EUR,173264.71,0.931572,16.14
2026-08-03,T100004,CP_008,Forward,USD,1600722.59,2.039158,326.41
2026-08-03,T100005,CP_010,Option,JPY,3698911.37,1.302219,481.68
2026-08-03,T100006,CP_006,Spot,USD,2769404.95,0.108718,30.11
2026-08-03,T100007,CP_010,FX-Swap,GBP,3929315.67,0.566446,222.57
2026-08-03,T100008,CP_003,Spot,GBP,3714996.22,1.082719,402.23
2026-08-03,T100009,CP_008,Option,CHF,2332105.07,-0.991044,-231.12
2026-08-03,T100010,CP_004,FX-Swap,CHF,2434805.56,-1.046029,-254.69
2026-08-03,T100011,CP_009,Spot,JPY,383383.95,-2.435352,-93.37
2026-08-03,T100012,CP_008,Forward,CHF,3777516.13,-1.190661,-449.77
2026-08-03,T100013,CP_002,FX-Swap,EUR,2003220.58,-1.565102,-313.52
2026-08-03,T100014,CP_008,Option,JPY,2961182.34,1.354169,400.99
2026-08-03,T100015,CP_005,FX-Swap,GBP,4219210.68,0.260946,110.1
2026-08-03,T100016,CP_005,Forward,USD,2968217.99,1.379777,409.55
2026-08-03,T100017,CP_005,Spot,JPY,4821312.69,-1.613542,-777.94
2026-08-03,T100018,CP_007,Spot,USD,4953291.61,-0.428994,-212.49
2026-08-03,T100019,CP_004,Spot,EUR,1260153.4,-0.895413,-112.84
2026-08-03,T100020,CP_002,Option,EUR,3621733.53,1.267152,458.93
2026-08-03,T100021,CP_004,Option,JPY,2810456.48,0.833986,234.39
2026-08-03,T100022,CP_004,FX-Swap,EUR,3890634.92,-0.45369,-176.51
2026-08-03,T100023,CP_002,Spot,GBP,4856438.24,0.520203,252.63
2026-08-03,T100024,CP_009,FX-Swap,EUR,1833433.44,1.605474,294.35
2026-08-03,T100025,CP_005,Spot,GBP,4579934.3,0.13058,59.8
2026-08-03,T100026,CP_007,Spot,JPY,1185343.95,0.274213,32.5
2026-08-03,T100027,CP_010,Option,JPY,3687577.91,-0.113637,-41.9
2026-08-03,T100028,CP_007,Option,JPY,1352660.0,0.481466,65.13
2026-08-03,T100029,CP_008,FX-Swap,JPY,4183390.97,-0.647712,-270.96
2026-08-03,T100030,CP_007,FX-Swap,GBP,3834935.54,1.146787,439.79
2026-08-03,T100031,CP_006,Spot,USD,2929576.1,0.781902,229.06
2026-08-03,T100032,CP_007,Spot,GBP,4238928.77,-0.437476,-185.44
2026-08-03,T100033,CP_007,Spot,EUR,3400451.21,-0.988419,-336.11
2026-08-03,T100034,CP_002,Forward,EUR,4481770.16,-1.752345,-785.36
2026-08-03,T100035,CP_010,FX-Swap,JPY,4736690.3,-0.164175,-77.76
2026-08-03,T100036,CP_001,Spot,CHF,859562.77,-0.434571,-37.35
2026-08-03,T100037,CP_009,FX-Swap,USD,1293399.88,-0.522849,-67.63
2026-08-03,T100038,CP_010,Option,USD,3408890.22,0.039705,13.53
2026-08-03,T100039,CP_003,Forward,GBP,3542358.85,-1.238056,-438.56
2026-08-03,T100040,CP_005,Forward,EUR,2786347.27,1.252974,349.12
2026-08-03,T100041,CP_001,Forward,USD,2451732.03,0.769684,188.71
2026-08-03,T100042,CP_003,Option,GBP,4410927.04,-1.494513,-659.22
2026-08-03,T100043,CP_005,FX-Swap,USD,3496201.55,-0.045001,-15.73
2026-08-03,T100044,CP_006,FX-Swap,CHF,2057268.23,-0.131572,-27.07
2026-08-03,T100045,CP_008,Option,USD,3139323.88,0.992983,311.73
2026-08-03,T100046,CP_001,Forward,USD,902593.39,-0.745764,-67.31
2026-08-03,T100047,CP_006,Spot,GBP,529566.42,-1.796218,-95.12
2026-08-03,T100048,CP_003,Option,EUR,457960.06,-0.690591,-31.63
2026-08-03,T100049,CP_001,FX-Swap,JPY,2808223.83,-2.333122,-655.19
2026-08-03,T100050,CP_005,Forward,USD,128674.59,-0.84002,-10.81
2026-08-03,T100051,CP_004,Spot,EUR,2048753.09,-0.352628,-72.24
2026-08-03,T100052,CP_007,Forward,GBP,4289056.18,0.077289,33.15
2026-08-03,T100053,CP_008,Forward,EUR,247126.78,1.92617,47.6
2026-08-03,T100054,CP_001,FX-Swap,CHF,1260799.31,0.61326,77.32
2026-08-03,T100055,CP_006,Option,CHF,977099.54,-1.393121,-136.12
2026-08-03,T100056,CP_010,Spot,GBP,3098248.74,0.0531,16.45
2026-08-03,T100057,CP_003,Option,USD,4355265.16,1.800702,784.25
2026-08-03,T100058,CP_007,Option,USD,3315998.12,-0.489279,-162.24
2026-08-03,T100059,CP_008,Spot,EUR,2858778.93,1.108301,316.84
2026-08-03,T100060,CP_001,Spot,GBP,1446453.78,-2.467376,-356.89
2026-08-03,T100061,CP_010,FX-Swap,CHF,1641950.16,0.543529,89.24
2026-08-03,T100062,CP_006,Forward,EUR,370352.44,0.537604,19.91
2026-08-03,T100063,CP_003,Forward,EUR,1871705.95,0.800024,149.74
2026-08-03,T100064,CP_002,FX-Swap,EUR,3274217.44,1.481247,484.99
2026-08-03,T100065,CP_008,Forward,CHF,821505.77,0.609906,50.1
2026-08-03,T100066,CP_006,Spot,EUR,1025906.56,0.846955,86.89
2026-08-03,T100067,CP_010,Forward,CHF,1937224.97,-0.978303,-189.52
2026-08-03,T100068,CP_009,Spot,JPY,4215281.13,0.052675,22.2
2026-08-03,T100069,CP_004,FX-Swap,JPY,565039.07,1.0582,59.79
2026-08-03,T100070,CP_005,Spot,USD,1993650.26,-1.005812,-200.52
2026-08-03,T100071,CP_001,Spot,GBP,3610792.89,-0.532918,-192.43
2026-08-03,T100072,CP_006,Spot,GBP,3721086.78,-0.920887,-342.67
2026-08-03,T100073,CP_004,Forward,GBP,2065628.54,-1.120442,-231.44
2026-08-03,T100074,CP_004,Spot,CHF,413586.25,1.298255,53.69
2026-08-03,T100075,CP_003,Forward,EUR,2069342.76,-0.128266,-26.54
2026-08-03,T100076,CP_005,Option,EUR,182612.61,-0.354474,-6.47
2026-08-03,T100077,CP_003,Forward,USD,157322.39,1.10628,17.4
2026-08-03,T100078,CP_005,Forward,CHF,3829702.4,-0.998706,-382.47
2026-08-03,T100079,CP_010,Spot,CHF,852934.83,1.2699,108.31
2026-08-03,T100080,CP_005,Forward,CHF,4362474.0,1.013211,442.01
2026-08-03,T100081,CP_009,Option,USD,4415508.03,-0.066646,-29.43
2026-08-03,T100082,CP_005,Spot,CHF,1598432.47,-0.244581,-39.09
2026-08-03,T100083,CP_001,Forward,USD,4002318.57,0.561713,224.82
2026-08-03,T100084,CP_003,Option,GBP,2743800.88,0.532678,146.16
2026-08-03,T100085,CP_009,Forward,EUR,410263.34,-0.662754,-27.19
2026-08-03,T100086,CP_008,Option,JPY,1523337.99,-0.878031,-133.75
2026-08-03,T100087,CP_005,Option,GBP,3238220.04,1.305231,422.66
2026-08-03,T100088,CP_007,Forward,USD,1489823.16,-0.323837,-48.25
2026-08-03,T100089,CP_009,Option,EUR,221966.76,-0.432621,-9.6
2026-08-03,T100090,CP_004,Spot,USD,286021.13,-1.058473,-30.27
2026-08-03,T100091,CP_002,FX-Swap,CHF,4455410.12,2.090738,931.51
2026-08-03,T100092,CP_003,Option,GBP,1656994.39,3.03703,503.23
2026-08-03,T100093,CP_005,FX-Swap,JPY,1540591.93,0.111791,17.22
2026-08-03,T100094,CP_005,Option,USD,3305189.44,-2.231304,-737.49
2026-08-03,T100095,CP_010,Spot,EUR,103322.19,0.650265,6.72
2026-08-03,T100096,CP_001,Option,JPY,2337144.85,1.519757,355.19
2026-08-03,T100097,CP_006,Option,JPY,3260064.28,0.368812,120.23
2026-08-03,T100098,CP_004,Forward,USD,3407262.77,-0.650172,-221.53
2026-08-03,T100099,CP_005,Spot,GBP,2063850.67,-1.796012,-370.67
2026-08-04,T100000,CP_009,FX-Swap,USD,2341669.32,1.613034,377.72
2026-08-04,T100001,CP_007,Forward,CHF,1603515.6,0.893691,143.3
2026-08-04,T100002,CP_003,FX-Swap,USD,127925.82,1.169633,14.96
2026-08-04,T100003,CP_010,Forward,EUR,173264.71,0.927921,16.08
2026-08-04,T100004,CP_008,Forward,USD,1600722.59,2.091013,334.71
2026-08-04,T100005,CP_010,Option,JPY,3698911.37,1.319879,488.21
2026-08-04,T100006,CP_006,Spot,USD,2769404.95,0.11874,32.88
2026-08-04,T100007,CP_010,FX-Swap,GBP,3929315.67,0.603761,237.24
2026-08-04,T100008,CP_003,Spot,GBP,3714996.22,1.065734,395.92
2026-08-04,T100009,CP_008,Option,CHF,2332105.07,-0.960963,-224.11
2026-08-04,T100010,CP_004,FX-Swap,CHF,2434805.56,-1.048699,-255.34
2026-08-04,T100011,CP_009,Spot,JPY,383383.95,-2.417877,-92.7
2026-08-04,T100012,CP_008,Forward,CHF,3777516.13,-1.191357,-450.04
2026-08-04,T100013,CP_002,FX-Swap,EUR,2003220.58,-1.567289,-313.96
2026-08-04,T100014,CP_008,Option,JPY,2961182.34,1.370376,405.79
2026-08-04,T100015,CP_005,FX-Swap,GBP,4219210.68,0.308202,130.04
2026-08-04,T100016,CP_005,Forward,USD,2968217.99,1.422052,422.1
2026-08-04,T100017,CP_005,Spot,JPY,4821312.69,-1.60821,-775.37
2026-08-04,T100018,CP_007,Spot,USD,4953291.61,-0.40014,-198.2
2026-08-04,T100019,CP_004,Spot,EUR,1260153.4,-0.902302,-113.7
2026-08-04,T100020,CP_002,Option,EUR,3621733.53,1.282027,464.32
2026-08-04,T100021,CP_004,Option,JPY,2810456.48,0.823351,231.4
2026-08-04,T100022,CP_004,FX-Swap,EUR,3890634.92,-0.512509,-199.4
2026-08-04,T100023,CP_002,Spot,GBP,4856438.24,0.522566,253.78
2026-08-04,T100024,CP_009,FX-Swap,EUR,1833433.44,1.605504,294.36
2026-08-04,T100025,CP_005,Spot,GBP,4579934.3,0.135354,61.99
2026-08-04,T100026,CP_007,Spot,JPY,1185343.95,0.283724,33.63
2026-08-04,T100027,CP_010,Option,JPY,3687577.91,-0.12187,-44.94
2026-08-04,T100028,CP_007,Option,JPY,1352660.0,0.503926,68.16
2026-08-04,T100029,CP_008,FX-Swap,JPY,4183390.97,-0.593519,-248.29
2026-08-04,T100030,CP_007,FX-Swap,GBP,3834935.54,1.133887,434.84
2026-08-04,T100031,CP_006,Spot,USD,2929576.1,0.77051,225.73
2026-08-04,T100032,CP_007,Spot,GBP,4238928.77,-0.426243,-180.68
2026-08-04,T100033,CP_007,Spot,EUR,3400451.21,-0.963072,-327.49
2026-08-04,T100034,CP_002,Forward,EUR,4481770.16,-1.753629,-785.94
2026-08-04,T100035,CP_010,FX-Swap,JPY,4736690.3,-0.119085,-56.41
2026-08-04,T100036,CP_001,Spot,CHF,859562.77,-0.469378,-40.35
2026-08-04,T100037,CP_009,FX-Swap,USD,1293399.88,-0.550721,-71.23
2026-08-04,T100038,CP_010,Option,USD,3408890.22,0.048818,16.64
2026-08-04,T100039,CP_003,Forward,GBP,3542358.85,-1.313758,-465.38
2026-08-04,T100040,CP_005,Forward,EUR,2786347.27,1.215045,338.55
2026-08-04,T100041,CP_001,Forward,USD,2451732.03,0.770158,188.82
2026-08-04,T100042,CP_003,Option,GBP,4410927.04,-1.496999,-660.32
2026-08-04,T100043,CP_005,FX-Swap,USD,3496201.55,-0.056736,-19.84
2026-08-04,T100044,CP_006,FX-Swap,CHF,2057268.23,-0.146759,-30.19
2026-08-04,T100045,CP_008,Option,USD,3139323.88,1.003731,315.1
2026-08-04,T100046,CP_001,Forward,USD,902593.39,-0.764392,-68.99
2026-08-04,T100047,CP_006,Spot,GBP,529566.42,-1.815415,-96.14
2026-08-04,T100048,CP_003,Option,EUR,457960.06,-0.716915,-32.83
2026-08-04,T100049,CP_001,FX-Swap,JPY,2808223.83,-2.368796,-665.21
2026-08-04,T100050,CP_005,Forward,USD,128674.59,-0.831426,-10.7
2026-08-04,T100051,CP_004,Spot,EUR,2048753.09,-0.35638,-73.01
2026-08-04,T100052,CP_007,Forward,GBP,4289056.18,0.089793,38.51
2026-08-04,T100053,CP_008,Forward,EUR,247126.78,1.904967,47.08
2026-08-04,T100054,CP_001,FX-Swap,CHF,1260799.31,0.595869,75.13
2026-08-04,T100055,CP_006,Option,CHF,977099.54,-1.392264,-136.04
2026-08-04,T100056,CP_010,Spot,GBP,3098248.74,0.055418,17.17
2026-08-04,T100057,CP_003,Option,USD,4355265.16,1.805656,786.41
2026-08-04,T100058,CP_007,Option,USD,3315998.12,-0.4563,-151.31
2026-08-04,T100059,CP_008,Spot,EUR,2858778.93,1.12071,320.39
2026-08-04,T100060,CP_001,Spot,GBP,1446453.78,-2.447965,-354.09
2026-08-04,T100061,CP_010,FX-Swap,CHF,1641950.16,0.53856,88.43
2026-08-04,T100062,CP_006,Forward,EUR,370352.44,0.57423,21.27
2026-08-04,T100063,CP_003,Forward,EUR,1871705.95,0.774743,145.01
2026-08-04,T100064,CP_002,FX-Swap,EUR,3274217.44,1.487501,487.04
2026-08-04,T100065,CP_008,Forward,CHF,821505.77,0.617957,50.77
2026-08-04,T100066,CP_006,Spot,EUR,1025906.56,0.828746,85.02
2026-08-04,T100067,CP_010,Forward,CHF,1937224.97,-0.979955,-189.84
2026-08-04,T100068,CP_009,Spot,JPY,4215281.13,0.036311,15.31
2026-08-04,T100069,CP_004,FX-Swap,JPY,565039.07,1.050036,59.33
2026-08-04,T100070,CP_005,Spot,USD,1993650.26,-1.027318,-204.81
2026-08-04,T100071,CP_001,Spot,GBP,3610792.89,-0.541315,-195.46
2026-08-04,T100072,CP_006,Spot,GBP,3721086.78,-0.940997,-350.15
2026-08-04,T100073,CP_004,Forward,GBP,2065628.54,-1.1311,-233.64
2026-08-04,T100074,CP_004,Spot,CHF,413586.25,1.308649,54.12
2026-08-04,T100075,CP_003,Forward,EUR,2069342.76,-0.112938,-23.37
2026-08-04,T100076,CP_005,Option,EUR,182612.61,-0.318863,-5.82
2026-08-04,T100077,CP_003,Forward,USD,157322.39,1.075585,16.92
2026-08-04,T100078,CP_005,Forward,CHF,3829702.4,-1.009421,-386.58
2026-08-04,T100079,CP_010,Spot,CHF,852934.83,1.248708,106.51
2026-08-04,T100080,CP_005,Forward,CHF,4362474.0,1.031592,450.03
2026-08-04,T100081,CP_009,Option,USD,4415508.03,-0.085141,-37.59
2026-08-04,T100082,CP_005,Spot,CHF,1598432.47,-0.257371,-41.14
2026-08-04,T100083,CP_001,Forward,USD,4002318.57,0.574158,229.8
2026-08-04,T100084,CP_003,Option,GBP,2743800.88,0.542679,148.9
2026-08-04,T100085,CP_009,Forward,EUR,410263.34,-0.669863,-27.48
2026-08-04,T100086,CP_008,Option,JPY,1523337.99,-0.942875,-143.63
2026-08-04,T100087,CP_005,Option,GBP,3238220.04,1.324144,428.79
2026-08-04,T100088,CP_007,Forward,USD,1489823.16,-0.341918,-50.94
2026-08-04,T100089,CP_009,Option,EUR,221966.76,-0.448543,-9.96
2026-08-04,T100090,CP_004,Spot,USD,286021.13,-1.048257,-29.98
2026-08-04,T100091,CP_002,FX-Swap,CHF,4455410.12,2.084089,928.55
2026-08-04,T100092,CP_003,Option,GBP,1656994.39,3.04764,504.99
2026-08-04,T100093,CP_005,FX-Swap,JPY,1540591.93,0.109661,16.89
2026-08-04,T100094,CP_005,Option,USD,3305189.44,-2.228161,-736.45
2026-08-04,T100095,CP_010,Spot,EUR,103322.19,0.658842,6.81
2026-08-04,T100096,CP_001,Option,JPY,2337144.85,1.503178,351.31
2026-08-04,T100097,CP_006,Option,JPY,3260064.28,0.372473,121.43
2026-08-04,T100098,CP_004,Forward,USD,3407262.77,-0.627181,-213.7
2026-08-04,T100099,CP_005,Spot,GBP,2063850.67,-1.791449,-369.73
2026-08-05,T100000,CP_009,FX-Swap,USD,2341669.32,1.631109,381.95
2026-08-05,T100001,CP_007,Forward,CHF,1603515.6,0.864084,138.56
2026-08-05,T100002,CP_003,FX-Swap,USD,127925.82,1.173511,15.01
2026-08-05,T100003,CP_010,Forward,EUR,173264.71,0.91582,15.87
2026-08-05,T100004,CP_008,Forward,USD,1600722.59,2.095619,335.45
2026-08-05,T100005,CP_010,Option,JPY,3698911.37,1.352729,500.36
2026-08-05,T100006,CP_006,Spot,USD,2769404.95,0.118375,32.78
2026-08-05,T100007,CP_010,FX-Swap,GBP,3929315.67,0.613796,241.18
2026-08-05,T100008,CP_003,Spot,GBP,3714996.22,1.06925,397.23
2026-08-05,T100009,CP_008,Option,CHF,2332105.07,-0.923581,-215.39
2026-08-05,T100010,CP_004,FX-Swap,CHF,2434805.56,-1.03365,-251.67
2026-08-05,T100011,CP_009,Spot,JPY,383383.95,-2.458662,-94.26
2026-08-05,T100012,CP_008,Forward,CHF,3777516.13,-1.213601,-458.44
2026-08-05,T100013,CP_002,FX-Swap,EUR,2003220.58,-1.578243,-316.16
2026-08-05,T100014,CP_008,Option,JPY,2961182.34,1.442021,427.01
2026-08-05,T100015,CP_005,FX-Swap,GBP,4219210.68,0.301144,127.06
2026-08-05,T100016,CP_005,Forward,USD,2968217.99,1.453528,431.44
2026-08-05,T100017,CP_005,Spot,JPY,4821312.69,-1.628028,-784.92
2026-08-05,T100018,CP_007,Spot,USD,4953291.61,-0.434525,-215.23
2026-08-05,T100019,CP_004,Spot,EUR,1260153.4,-0.931198,-117.35
2026-08-05,T100020,CP_002,Option,EUR,3621733.53,1.30452,472.46
2026-08-05,T100021,CP_004,Option,JPY,2810456.48,0.829098,233.01
2026-08-05,T100022,CP_004,FX-Swap,EUR,3890634.92,-0.537247,-209.02
2026-08-05,T100023,CP_002,Spot,GBP,4856438.24,0.519312,252.2
2026-08-05,T100024,CP_009,FX-Swap,EUR,1833433.44,1.618068,296.66
2026-08-05,T100025,CP_005,Spot,GBP,4579934.3,0.170674,78.17
2026-08-05,T100026,CP_007,Spot,JPY,1185343.95,0.294305,34.89
2026-08-05,T100027,CP_010,Option,JPY,3687577.91,-0.149284,-55.05
2026-08-05,T100028,CP_007,Option,JPY,1352660.0,0.5181,70.08
2026-08-05,T100029,CP_008,FX-Swap,JPY,4183390.97,-0.567635,-237.46
2026-08-05,T100030,CP_007,FX-Swap,GBP,3834935.54,1.115052,427.62
2026-08-05,T100031,CP_006,Spot,USD,2929576.1,0.756918,221.74
2026-08-05,T100032,CP_007,Spot,GBP,4238928.77,-0.481814,-204.24
2026-08-05,T100033,CP_007,Spot,EUR,3400451.21,-0.956641,-325.3
2026-08-05,T100034,CP_002,Forward,EUR,4481770.16,-1.802083,-807.65
2026-08-05,T100035,CP_010,FX-Swap,JPY,4736690.3,-0.125821,-59.6
2026-08-05,T100036,CP_001,Spot,CHF,859562.77,-0.499737,-42.96
2026-08-05,T100037,CP_009,FX-Swap,USD,1293399.88,-0.577276,-74.66
2026-08-05,T100038,CP_010,Option,USD,3408890.22,0.017321,5.9
2026-08-05,T100039,CP_003,Forward,GBP,3542358.85,-1.309125,-463.74
2026-08-05,T100040,CP_005,Forward,EUR,2786347.27,1.212247,337.77
2026-08-05,T100041,CP_001,Forward,USD,2451732.03,0.772217,189.33
2026-08-05,T100042,CP_003,Option,GBP,4410927.04,-1.53424,-676.74
2026-08-05,T100043,CP_005,FX-Swap,USD,3496201.55,-0.039216,-13.71
2026-08-05,T100044,CP_006,FX-Swap,CHF,2057268.23,-0.155381,-31.97
2026-08-05,T100045,CP_008,Option,USD,3139323.88,0.994914,312.34
2026-08-05,T100046,CP_001,Forward,USD,902593.39,-0.78186,-70.57
2026-08-05,T100047,CP_006,Spot,GBP,529566.42,-1.825733,-96.68
2026-08-05,T100048,CP_003,Option,EUR,457960.06,-0.721053,-33.02
2026-08-05,T100049,CP_001,FX-Swap,JPY,2808223.83,-2.401682,-674.45
2026-08-05,T100050,CP_005,Forward,USD,128674.59,-0.833488,-10.72
2026-08-05,T100051,CP_004,Spot,EUR,2048753.09,-0.342105,-70.09
2026-08-05,T100052,CP_007,Forward,GBP,4289056.18,0.096922,41.57
2026-08-05,T100053,CP_008,Forward,EUR,247126.78,1.897984,46.9
2026-08-05,T100054,CP_001,FX-Swap,CHF,1260799.31,0.600803,75.75
2026-08-05,T100055,CP_006,Option,CHF,977099.54,-1.419886,-138.74
2026-08-05,T100056,CP_010,Spot,GBP,3098248.74,0.071438,22.13
2026-08-05,T100057,CP_003,Option,USD,4355265.16,1.809187,787.95
2026-08-05,T100058,CP_007,Option,USD,3315998.12,-0.391643,-129.87
2026-08-05,T100059,CP_008,Spot,EUR,2858778.93,1.118465,319.74
2026-08-05,T100060,CP_001,Spot,GBP,1446453.78,-2.405962,-348.01
2026-08-05,T100061,CP_010,FX-Swap,CHF,1641950.16,0.512707,84.18
2026-08-05,T100062,CP_006,Forward,EUR,370352.44,0.707393,26.2
2026-08-05,T100063,CP_003,Forward,EUR,1871705.95,0.751735,140.7
2026-08-05,T100064,CP_002,FX-Swap,EUR,3274217.44,1.511328,494.84
2026-08-05,T100065,CP_008,Forward,CHF,821505.77,0.590693,48.53
2026-08-05,T100066,CP_006,Spot,EUR,1025906.56,0.821724,84.3
2026-08-05,T100067,CP_010,Forward,CHF,1937224.97,-0.984381,-190.7
2026-08-05,T100068,CP_009,Spot,JPY,4215281.13,0.023209,9.78
2026-08-05,T100069,CP_004,FX-Swap,JPY,565039.07,1.036602,58.57
2026-08-05,T100070,CP_005,Spot,USD,1993650.26,-1.045037,-208.34
2026-08-05,T100071,CP_001,Spot,GBP,3610792.89,-0.528475,-190.82
2026-08-05,T100072,CP_006,Spot,GBP,3721086.78,-0.959506,-357.04
2026-08-05,T100073,CP_004,Forward,GBP,2065628.54,-1.128224,-233.05
2026-08-05,T100074,CP_004,Spot,CHF,413586.25,1.319928,54.59
2026-08-05,T100075,CP_003,Forward,EUR,2069342.76,-0.073162,-15.14
2026-08-05,T100076,CP_005,Option,EUR,182612.61,-0.324308,-5.92
2026-08-05,T100077,CP_003,Forward,USD,157322.39,1.083568,17.05
2026-08-05,T100078,CP_005,Forward,CHF,3829702.4,-1.03023,-394.55
2026-08-05,T100079,CP_010,Spot,CHF,852934.83,1.283559,109.48
2026-08-05,T100080,CP_005,Forward,CHF,4362474.0,1.036404,452.13
2026-08-05,T100081,CP_009,Option,USD,4415508.03,-0.117188,-51.74
2026-08-05,T100082,CP_005,Spot,CHF,1598432.47,-0.280502,-44.84
2026-08-05,T100083,CP_001,Forward,USD,4002318.57,0.583141,233.39
2026-08-05,T100084,CP_003,Option,GBP,2743800.88,0.548247,150.43
2026-08-05,T100085,CP_009,Forward,EUR,410263.34,-0.65648,-26.93
2026-08-05,T100086,CP_008,Option,JPY,1523337.99,-0.985788,-150.17
2026-08-05,T100087,CP_005,Option,GBP,3238220.04,1.347018,436.19
2026-08-05,T100088,CP_007,Forward,USD,1489823.16,-0.331318,-49.36
2026-08-05,T100089,CP_009,Option,EUR,221966.76,-0.465322,-10.33
2026-08-05,T100090,CP_004,Spot,USD,286021.13,-1.033727,-29.57
2026-08-05,T100091,CP_002,FX-Swap,CHF,4455410.12,2.099713,935.51
2026-08-05,T100092,CP_003,Option,GBP,1656994.39,3.050326,505.44
2026-08-05,T100093,CP_005,FX-Swap,JPY,1540591.93,0.096219,14.82
2026-08-05,T100094,CP_005,Option,USD,3305189.44,-2.230195,-737.12
2026-08-05,T100095,CP_010,Spot,EUR,103322.19,0.654355,6.76
2026-08-05,T100096,CP_001,Option,JPY,2337144.85,1.503499,351.39
2026-08-05,T100097,CP_006,Option,JPY,3260064.28,0.376754,122.82
2026-08-05,T100098,CP_004,Forward,USD,3407262.77,-0.624979,-212.95
2026-08-05,T100099,CP_005,Spot,GBP,2063850.67,-1.806633,-372.86
