report_date,trade_id,bank_id,mtm,pnl,trade_size_usd
2026-01-02,FW202601020002,bank_4,-0.002464,-3583.32,1454477.44
2026-01-02,SP202601020003,bank_2,0.000127,319.95,2516175.48
2026-01-02,SW202601020001,fx_pb_1,-0.000117,-135.3,1152661.24
2026-01-02,SW202601020004,bank_2,-0.00073,-5675.44,7772858.58
2026-01-05,FW202601020002,bank_4,-0.001028,-1494.83,1454477.44
2026-01-05,FW202601050001,bank_2,-0.000576,-1534.5,2665356.39
2026-01-05,SP202601020003,bank_2,0.001265,3182.82,2516175.48
2026-01-05,SW202601020001,fx_pb_1,-0.000866,-998.53,1152661.24
2026-01-05,SW202601020004,bank_2,0.000867,6738.74,7772858.58
2026-01-06,FW202601020002,bank_4,-0.002954,-4296.3,1454477.44
2026-01-06,FW202601050001,bank_2,0.000728,1939.81,2665356.39
2026-01-06,SW202601020001,fx_pb_1,-0.000384,-442.69,1152661.24
2026-01-06,SW202601020004,bank_2,0.000579,4501.73,7772858.58
2026-01-06,SW202601060001,bank_2,0.001012,5505.02,5440294.19
2026-01-07,FW202601020002,bank_4,-0.007263,-10564.17,1454477.44
2026-01-07,FW202601050001,bank_2,0.00056,1491.34,2665356.39
2026-01-07,SP202601070001,fx_pb_1,-0.000122,-283.46,2329701.71
2026-01-07,SW202601020001,fx_pb_1,8e-05,91.83,1152661.24
2026-01-07,SW202601020004,bank_2,0.001563,12151.5,7772858.58
2026-01-07,SW202601060001,bank_2,0.001025,5574.97,5440294.19
2026-01-08,FW202601020002,bank_4,-0.007731,-11245.17,1454477.44
2026-01-08,FW202601050001,bank_2,6.3e-05,168.87,2665356.39
2026-01-08,SP202601070001,fx_pb_1,-0.000479,-1115.68,2329701.71
2026-01-08,SW202601020001,fx_pb_1,0.000601,692.99,1152661.24
2026-01-08,SW202601020004,bank_2,0.000839,6524.06,7772858.58
2026-01-08,SW202601060001,bank_2,0.000767,4170.51,5440294.19
2026-01-08,SW202601080001,bank_4,0.001167,1294.48,1109637.7
2026-01-09,FW202601020002,bank_4,-0.005555,-8079.04,1454477.44
2026-01-09,FW202601050001,bank_2,-0.000285,-760.23,2665356.39
2026-01-09,FW202601090001,bank_4,-0.004328,-9118.81,2107158.8
2026-01-09,SW202601020001,fx_pb_1,0.000966,1113.17,1152661.24
2026-01-09,SW202601020004,bank_2,-0.000476,-3699.79,7772858.58
2026-01-09,SW202601060001,bank_2,0.002139,11634.75,5440294.19
2026-01-09,SW202601080001,bank_4,0.000316,350.77,1109637.7
2026-01-12,FW202601020002,bank_4,-0.00462,-6718.99,1454477.44
2026-01-12,FW202601050001,bank_2,0.000143,380.31,2665356.39
2026-01-12,FW202601090001,bank_4,-0.004345,-9155.46,2107158.8
2026-01-12,SW202601020001,fx_pb_1,-7.7e-05,-89.2,1152661.24
2026-01-12,SW202601020004,bank_2,0.000438,3402.95,7772858.58
2026-01-12,SW202601060001,bank_2,-0.000513,-2791.44,5440294.19
2026-01-12,SW202601080001,bank_4,0.000629,698.01,1109637.7
2026-01-13,FW202601020002,bank_4,-0.006057,-8810.14,1454477.44
2026-01-13,FW202601050001,bank_2,0.000211,561.34,2665356.39
2026-01-13,FW202601090001,bank_4,-0.005979,-12599.16,2107158.8
2026-01-13,SP202601130001,bank_2,0.000561,1517.97,2706806.15
2026-01-13,SW202601020001,fx_pb_1,-4.2e-05,-47.93,1152661.24
2026-01-13,SW202601020004,bank_2,-0.001189,-9245.14,7772858.58
2026-01-13,SW202601060001,bank_2,-0.000282,-1533.94,5440294.19
2026-01-13,SW202601080001,bank_4,0.000191,212.42,1109637.7
2026-01-14,FW202601020002,bank_4,-0.003281,-4771.77,1454477.44
2026-01-14,FW202601050001,bank_2,0.000377,1005.47,2665356.39
2026-01-14,FW202601090001,bank_4,-0.00206,-4340.69,2107158.8
2026-01-14,SP202601130001,bank_2,0.000148,401.51,2706806.15
2026-01-14,SW202601020001,fx_pb_1,-0.001033,-1190.78,1152661.24
2026-01-14,SW202601020004,bank_2,-0.002108,-16388.93,7772858.58
2026-01-14,SW202601060001,bank_2,-0.000114,-620.07,5440294.19
2026-01-14,SW202601080001,bank_4,0.000149,165.83,1109637.7
2026-01-15,FW202601020002,bank_4,-0.002993,-4353.94,1454477.44
2026-01-15,FW202601050001,bank_2,0.001669,4447.93,2665356.39
2026-01-15,FW202601090001,bank_4,-0.001768,-3724.54,2107158.8
2026-01-15,SW202601020001,fx_pb_1,-0.001095,-1261.83,1152661.24
2026-01-15,SW202601020004,bank_2,-0.002809,-21833.13,7772858.58
2026-01-15,SW202601060001,bank_2,-0.001513,-8231.7,5440294.19
2026-01-15,SW202601080001,bank_4,-0.00095,-1054.04,1109637.7
2026-01-16,FW202601020002,bank_4,-0.005173,-7523.7,1454477.44
2026-01-16,FW202601050001,bank_2,0.002664,7101.03,2665356.39
2026-01-16,FW202601090001,bank_4,-0.002459,-5180.49,2107158.8
2026-01-16,SW202601020001,fx_pb_1,-0.000714,-822.55,1152661.24
2026-01-16,SW202601020004,bank_2,-0.002371,-18432.68,7772858.58
2026-01-16,SW202601060001,bank_2,-0.001214,-6606.13,5440294.19
2026-01-16,SW202601080001,bank_4,0.000144,159.97,1109637.7
2026-01-20,FW202601020002,bank_4,-0.00637,-9265.11,1454477.44
2026-01-20,FW202601050001,bank_2,0.002681,7144.81,2665356.39
2026-01-20,FW202601090001,bank_4,-0.003159,-6656.36,2107158.8
2026-01-20,SW202601020001,fx_pb_1,-0.001736,-2000.94,1152661.24
2026-01-20,SW202601020004,bank_2,-0.002347,-18240.63,7772858.58
2026-01-20,SW202601060001,bank_2,-0.003114,-16943.67,5440294.19
2026-01-20,SW202601080001,bank_4,-0.00132,-1464.36,1109637.7
2026-01-21,FW202601020002,bank_4,-0.006404,-9315.0,1454477.44
2026-01-21,FW202601050001,bank_2,0.002587,6896.09,2665356.39
2026-01-21,FW202601090001,bank_4,-0.001625,-3424.18,2107158.8
2026-01-21,SW202601020001,fx_pb_1,-0.002414,-2782.57,1152661.24
2026-01-21,SW202601020004,bank_2,-0.003454,-26846.29,7772858.58
2026-01-21,SW202601060001,bank_2,-0.008123,-44190.96,5440294.19
2026-01-21,SW202601080001,bank_4,-0.001736,-1926.1,1109637.7
2026-01-22,FW202601020002,bank_4,-0.004665,-6784.49,1454477.44
2026-01-22,FW202601050001,bank_2,0.001891,5041.2,2665356.39
2026-01-22,FW202601090001,bank_4,-0.002446,-5154.16,2107158.8
2026-01-22,SW202601020001,fx_pb_1,-0.00342,-3942.63,1152661.24
2026-01-22,SW202601020004,bank_2,-0.005664,-44026.49,7772858.58
2026-01-22,SW202601060001,bank_2,-0.011333,-61656.17,5440294.19
2026-01-22,SW202601080001,bank_4,-0.003818,-4236.33,1109637.7
2026-01-23,FW202601020002,bank_4,-0.003975,-5781.32,1454477.44
2026-01-23,FW202601050001,bank_2,0.002049,5460.21,2665356.39
2026-01-23,FW202601090001,bank_4,-0.000274,-576.49,2107158.8
2026-01-23,FW202601230001,bank_3,-0.002332,-5987.64,2567796.42
2026-01-23,SW202601020001,fx_pb_1,-0.004359,-5024.81,1152661.24
2026-01-23,SW202601020004,bank_2,-0.000165,-1280.55,7772858.58
2026-01-23,SW202601060001,bank_2,-0.01257,-68382.45,5440294.19
2026-01-23,SW202601080001,bank_4,-0.002823,-3132.95,1109637.7
2026-01-26,FW202601020002,bank_4,-0.004892,-7114.96,1454477.44
2026-01-26,FW202601050001,bank_2,0.002541,6773.72,2665356.39
2026-01-26,FW202601090001,bank_4,-0.001111,-2341.22,2107158.8
2026-01-26,FW202601230001,bank_3,-0.002382,-6117.66,2567796.42
2026-01-26,FW202601260001,bank_1,0.000882,529.86,600835.82
2026-01-26,SW202601020001,fx_pb_1,-0.003088,-3559.34,1152661.24
2026-01-26,SW202601020004,bank_2,0.000371,2881.49,7772858.58
2026-01-26,SW202601060001,bank_2,-0.013209,-71862.27,5440294.19
2026-01-26,SW202601080001,bank_4,-0.003911,-4340.13,1109637.7
2026-01-27,FW202601020002,bank_4,-0.004121,-5993.19,1454477.44
2026-01-27,FW202601050001,bank_2,0.002825,7529.26,2665356.39
2026-01-27,FW202601090001,bank_4,-4.9e-05,-103.4,2107158.8
2026-01-27,FW202601230001,bank_3,-0.002213,-5681.87,2567796.42
2026-01-27,FW202601260001,bank_1,0.000263,158.24,600835.82
2026-01-27,SW202601020001,fx_pb_1,-0.003912,-4509.23,1152661.24
2026-01-27,SW202601020004,bank_2,0.001495,11622.03,7772858.58
2026-01-27,SW202601060001,bank_2,-0.013369,-72732.58,5440294.19
2026-01-27,SW202601080001,bank_4,-0.004218,-4680.37,1109637.7
2026-01-28,FW202601020002,bank_4,-0.006703,-9749.67,1454477.44
2026-01-28,FW202601050001,bank_2,0.003155,8409.13,2665356.39
2026-01-28,FW202601090001,bank_4,-0.001569,-3306.93,2107158.8
2026-01-28,FW202601230001,bank_3,-0.001705,-4376.82,2567796.42
2026-01-28,FW202601260001,bank_1,-0.000248,-149.01,600835.82
2026-01-28,FW202601280001,fx_pb_1,-0.001213,-1944.92,1603024.18
2026-01-28,SW202601020001,fx_pb_1,-0.004244,-4892.29,1152661.24
2026-01-28,SW202601020004,bank_2,0.002777,21586.51,7772858.58
2026-01-28,SW202601060001,bank_2,-0.013039,-70933.31,5440294.19
2026-01-28,SW202601080001,bank_4,-0.004809,-5336.16,1109637.7
2026-01-29,FW202601020002,bank_4,-0.004424,-6434.88,1454477.44
2026-01-29,FW202601050001,bank_2,0.002918,7778.2,2665356.39
2026-01-29,FW202601090001,bank_4,-0.002028,-4273.75,2107158.8
2026-01-29,FW202601230001,bank_3,-0.00173,-4442.09,2567796.42
2026-01-29,FW202601260001,bank_1,0.00117,702.77,600835.82
2026-01-29,FW202601280001,fx_pb_1,-0.002396,-3841.52,1603024.18
2026-01-29,SW202601020001,fx_pb_1,-0.004712,-5431.5,1152661.24
2026-01-29,SW202601020004,bank_2,0.002852,22165.34,7772858.58
2026-01-29,SW202601060001,bank_2,-0.014095,-76683.5,5440294.19
2026-01-29,SW202601080001,bank_4,-0.005327,-5911.23,1109637.7
2026-01-30,FW202601020002,bank_4,-0.003758,-5465.53,1454477.44
2026-01-30,FW202601050001,bank_2,0.002203,5870.8,2665356.39
2026-01-30,FW202601090001,bank_4,-0.002789,-5876.52,2107158.8
2026-01-30,FW202601230001,bank_3,-0.002154,-5531.74,2567796.42
2026-01-30,FW202601260001,bank_1,-0.000654,-392.97,600835.82
2026-01-30,FW202601280001,fx_pb_1,-0.001824,-2924.66,1603024.18
2026-01-30,SW202601020001,fx_pb_1,-0.004427,-5102.66,1152661.24
2026-01-30,SW202601020004,bank_2,0.002925,22733.64,7772858.58
2026-01-30,SW202601060001,bank_2,-0.014029,-76319.26,5440294.19
2026-01-30,SW202601080001,bank_4,-0.005482,-6083.08,1109637.7
2026-02-02,FW202601020002,bank_4,-0.003334,-4849.49,1454477.44
2026-02-02,FW202601050001,bank_2,0.002624,6992.87,2665356.39
2026-02-02,FW202601090001,bank_4,-0.005392,-11360.81,2107158.8
2026-02-02,FW202601230001,bank_3,-0.003529,-9061.12,2567796.42
2026-02-02,FW202601260001,bank_1,-0.000827,-496.93,600835.82
2026-02-02,FW202601280001,fx_pb_1,-0.001157,-1855.38,1603024.18
2026-02-02,SW202601020001,fx_pb_1,-0.004,-4610.33,1152661.24
2026-02-02,SW202601020004,bank_2,0.004289,33334.72,7772858.58
2026-02-02,SW202601060001,bank_2,-0.012895,-70150.87,5440294.19
2026-02-02,SW202601080001,bank_4,-0.004111,-4562.25,1109637.7
2026-02-03,FW202601020002,bank_4,-0.004791,-6967.82,1454477.44
2026-02-03,FW202601050001,bank_2,0.003499,9325.72,2665356.39
2026-02-03,FW202601090001,bank_4,-0.006174,-13010.38,2107158.8
2026-02-03,FW202601230001,bank_3,-0.003102,-7966.42,2567796.42
2026-02-03,FW202601260001,bank_1,-0.000229,-137.85,600835.82
2026-02-03,FW202601280001,fx_pb_1,-0.00362,-5803.51,1603024.18
2026-02-03,FW202602030001,fx_pb_1,0.000191,562.08,2938352.75
2026-02-03,SW202601020001,fx_pb_1,-0.005468,-6302.98,1152661.24
2026-02-03,SW202601020004,bank_2,0.004931,38326.03,7772858.58
2026-02-03,SW202601060001,bank_2,-0.009608,-52268.69,5440294.19
2026-02-03,SW202601080001,bank_4,-0.004554,-5052.98,1109637.7
2026-02-04,FW202601020002,bank_4,-0.005662,-8235.39,1454477.44
2026-02-04,FW202601050001,bank_2,0.003638,9697.13,2665356.39
2026-02-04,FW202601090001,bank_4,-0.006363,-13408.26,2107158.8
2026-02-04,FW202601230001,bank_3,-0.002639,-6775.45,2567796.42
2026-02-04,FW202601260001,bank_1,0.001095,658.17,600835.82
2026-02-04,FW202601280001,fx_pb_1,-0.004757,-7626.25,1603024.18
2026-02-04,FW202602030001,fx_pb_1,0.000404,1185.74,2938352.75
2026-02-04,SW202601020001,fx_pb_1,-0.005615,-6471.7,1152661.24
2026-02-04,SW202601020004,bank_2,0.007461,57993.17,7772858.58
2026-02-04,SW202601060001,bank_2,-0.011863,-64536.28,5440294.19
2026-02-04,SW202601080001,bank_4,-0.003778,-4191.9,1109637.7
2026-02-05,FW202601020002,bank_4,-0.00519,-7548.04,1454477.44
2026-02-05,FW202601050001,bank_2,0.003815,10167.33,2665356.39
2026-02-05,FW202601090001,bank_4,-0.006253,-13176.89,2107158.8
2026-02-05,FW202601230001,bank_3,-0.003861,-9914.17,2567796.42
2026-02-05,FW202601260001,bank_1,0.000966,580.67,600835.82
2026-02-05,FW202601280001,fx_pb_1,-0.004676,-7495.75,1603024.18
2026-02-05,FW202602030001,fx_pb_1,-0.000601,-1766.5,2938352.75
2026-02-05,SW202601020001,fx_pb_1,-0.005622,-6480.25,1152661.24
2026-02-05,SW202601020004,bank_2,0.006583,51167.7,7772858.58
2026-02-05,SW202601060001,bank_2,-0.011266,-61292.23,5440294.19
2026-02-05,SW202601080001,bank_4,-0.003599,-3993.89,1109637.7
2026-02-06,FW202601020002,bank_4,-0.005045,-7338.43,1454477.44
2026-02-06,FW202601050001,bank_2,0.004011,10690.18,2665356.39
2026-02-06,FW202601090001,bank_4,-0.002784,-5867.16,2107158.8
2026-02-06,FW202601230001,bank_3,-0.004036,-10363.05,2567796.42
2026-02-06,FW202601260001,bank_1,0.001581,949.66,600835.82
2026-02-06,FW202601280001,fx_pb_1,-0.005094,-8165.78,1603024.18
2026-02-06,FW202602030001,fx_pb_1,-8.9e-05,-261.13,2938352.75
2026-02-06,FW202602060001,bank_3,-0.000197,-234.79,1192781.92
2026-02-06,SW202601020001,fx_pb_1,-0.005191,-5983.44,1152661.24
2026-02-06,SW202601020004,bank_2,0.007881,61257.16,7772858.58
2026-02-06,SW202601060001,bank_2,-0.010578,-57545.57,5440294.19
2026-02-06,SW202601080001,bank_4,-0.005378,-5968.13,1109637.7
2026-02-09,FW202601020002,bank_4,-0.006485,-9431.77,1454477.44
2026-02-09,FW202601050001,bank_2,0.004382,11680.33,2665356.39
2026-02-09,FW202601090001,bank_4,-0.005029,-10596.1,2107158.8
2026-02-09,FW202601230001,bank_3,-0.002239,-5748.89,2567796.42
2026-02-09,FW202601260001,bank_1,0.000301,181.0,600835.82
2026-02-09,FW202601280001,fx_pb_1,-0.003803,-6095.89,1603024.18
2026-02-09,FW202602030001,fx_pb_1,0.00079,2322.38,2938352.75
2026-02-09,FW202602060001,bank_3,0.000922,1099.29,1192781.92
2026-02-09,SW202601020001,fx_pb_1,-0.002988,-3444.3,1152661.24
2026-02-09,SW202601020004,bank_2,0.005668,44057.63,7772858.58
2026-02-09,SW202601060001,bank_2,-0.010099,-54941.97,5440294.19
2026-02-09,SW202601080001,bank_4,-0.005242,-5816.95,1109637.7
2026-02-10,FW202601020002,bank_4,-0.007856,-11425.69,1454477.44
2026-02-10,FW202601050001,bank_2,0.004067,10839.34,2665356.39
2026-02-10,FW202601090001,bank_4,-0.004819,-10154.63,2107158.8
2026-02-10,FW202601230001,bank_3,-0.003392,-8709.94,2567796.42
2026-02-10,FW202601260001,bank_1,-1.1e-05,-6.58,600835.82
2026-02-10,FW202601280001,fx_pb_1,-0.004451,-7134.52,1603024.18
2026-02-10,FW202602030001,fx_pb_1,0.002614,7681.89,2938352.75
2026-02-10,FW202602060001,bank_3,0.001333,1589.56,1192781.92
2026-02-10,FW202602100001,fx_pb_1,0.000474,1027.6,2168195.94
2026-02-10,SW202601020001,fx_pb_1,-0.001966,-2266.48,1152661.24
2026-02-10,SW202601020004,bank_2,0.006027,46849.06,7772858.58
2026-02-10,SW202601060001,bank_2,-0.007655,-41643.27,5440294.19
2026-02-10,SW202601080001,bank_4,-0.005471,-6070.89,1109637.7
2026-02-11,FW202601020002,bank_4,-0.007959,-11576.22,1454477.44
2026-02-11,FW202601050001,bank_2,0.001947,5189.16,2665356.39
2026-02-11,FW202601090001,bank_4,-0.008177,-17229.95,2107158.8
2026-02-11,FW202601230001,bank_3,-0.002032,-5217.16,2567796.42
2026-02-11,FW202601260001,bank_1,-0.000817,-491.17,600835.82
2026-02-11,FW202601280001,fx_pb_1,-0.003348,-5366.59,1603024.18
2026-02-11,FW202602030001,fx_pb_1,0.002766,8127.73,2938352.75
2026-02-11,FW202602060001,bank_3,0.001096,1307.63,1192781.92
2026-02-11,FW202602100001,fx_pb_1,0.000315,682.25,2168195.94
2026-02-11,SP202602110001,bank_3,-0.001658,-205.71,124098.62
2026-02-11,SW202601020001,fx_pb_1,-0.000336,-387.59,1152661.24
2026-02-11,SW202601020004,bank_2,0.006908,53697.48,7772858.58
2026-02-11,SW202601060001,bank_2,-0.006322,-34394.82,5440294.19
2026-02-11,SW202601080001,bank_4,-0.004919,-5457.86,1109637.7
2026-02-12,FW202601020002,bank_4,-0.008418,-12243.26,1454477.44
2026-02-12,FW202601050001,bank_2,0.001204,3210.18,2665356.39
2026-02-12,FW202601090001,bank_4,-0.009806,-20662.3,2107158.8
2026-02-12,FW202601230001,bank_3,-0.003265,-8384.93,2567796.42
2026-02-12,FW202601260001,bank_1,-0.0015,-901.38,600835.82
2026-02-12,FW202601280001,fx_pb_1,-0.001852,-2968.79,1603024.18
2026-02-12,FW202602030001,fx_pb_1,0.002957,8688.9,2938352.75
2026-02-12,FW202602060001,bank_3,-0.001544,-1841.73,1192781.92
2026-02-12,FW202602100001,fx_pb_1,0.000646,1400.06,2168195.94
2026-02-12,SP202602110001,bank_3,-0.00092,-114.19,124098.62
2026-02-12,SW202601020001,fx_pb_1,-0.001254,-1445.89,1152661.24
2026-02-12,SW202601020004,bank_2,0.007294,56692.35,7772858.58
2026-02-12,SW202601060001,bank_2,-0.008012,-43590.06,5440294.19
2026-02-12,SW202601080001,bank_4,-0.00502,-5570.86,1109637.7
2026-02-13,FW202601020002,bank_4,-0.011674,-16980.13,1454477.44
2026-02-13,FW202601050001,bank_2,0.00276,7355.73,2665356.39
2026-02-13,FW202601090001,bank_4,-0.011181,-23559.67,2107158.8
2026-02-13,FW202601230001,bank_3,-0.002623,-6734.3,2567796.42
2026-02-13,FW202601260001,bank_1,-0.000568,-341.31,600835.82
2026-02-13,FW202601280001,fx_pb_1,-0.001502,-2407.68,1603024.18
2026-02-13,FW202602030001,fx_pb_1,0.00234,6876.57,2938352.75
2026-02-13,FW202602060001,bank_3,-0.001882,-2244.85,1192781.92
2026-02-13,FW202602100001,fx_pb_1,0.000386,836.0,2168195.94
2026-02-13,SP202602130001,bank_1,-0.001009,-675.98,670115.66
2026-02-13,SW202601020001,fx_pb_1,-0.001815,-2092.55,1152661.24
2026-02-13,SW202601020004,bank_2,0.00831,64591.33,7772858.58
2026-02-13,SW202601060001,bank_2,-0.005647,-30718.9,5440294.19
2026-02-13,SW202601080001,bank_4,-0.005242,-5816.59,1109637.7
2026-02-17,FW202601020002,bank_4,-0.011676,-16982.62,1454477.44
2026-02-17,FW202601050001,bank_2,0.002064,5501.98,2665356.39
2026-02-17,FW202601090001,bank_4,-0.00733,-15446.28,2107158.8
2026-02-17,FW202601230001,bank_3,-0.005068,-13012.47,2567796.42
2026-02-17,FW202601260001,bank_1,-0.001125,-676.1,600835.82
2026-02-17,FW202601280001,fx_pb_1,-0.001762,-2824.1,1603024.18
2026-02-17,FW202602030001,fx_pb_1,0.002908,8545.64,2938352.75
2026-02-17,FW202602060001,bank_3,-0.004024,-4799.8,1192781.92
2026-02-17,FW202602100001,fx_pb_1,0.000993,2152.99,2168195.94
2026-02-17,SP202602130001,bank_1,-0.004061,-2721.33,670115.66
2026-02-17,SP202602170001,bank_4,0.000844,2426.14,2875652.91
2026-02-17,SW202601020001,fx_pb_1,-0.002249,-2591.84,1152661.24
2026-02-17,SW202601020004,bank_2,0.005514,42856.78,7772858.58
2026-02-17,SW202601060001,bank_2,-0.003629,-19744.68,5440294.19
2026-02-17,SW202601080001,bank_4,-0.005167,-5733.72,1109637.7
2026-02-18,FW202601020002,bank_4,-0.011392,-16569.44,1454477.44
2026-02-18,FW202601050001,bank_2,0.000667,1779.03,2665356.39
2026-02-18,FW202601090001,bank_4,-0.00863,-18185.1,2107158.8
2026-02-18,FW202601230001,bank_3,-0.004629,-11886.86,2567796.42
2026-02-18,FW202601260001,bank_1,-0.000794,-477.2,600835.82
2026-02-18,FW202601280001,fx_pb_1,-0.003218,-5158.05,1603024.18
2026-02-18,FW202602030001,fx_pb_1,0.003524,10354.93,2938352.75
2026-02-18,FW202602060001,bank_3,-0.006782,-8089.13,1192781.92
2026-02-18,FW202602100001,fx_pb_1,-0.0008,-1734.3,2168195.94
2026-02-18,FW202602180001,bank_3,0.000231,383.83,1663137.99
2026-02-18,SP202602170001,bank_4,0.002081,5985.47,2875652.91
2026-02-18,SW202601020001,fx_pb_1,-0.000623,-718.5,1152661.24
2026-02-18,SW202601020004,bank_2,0.004081,31721.86,7772858.58
2026-02-18,SW202601060001,bank_2,-0.003419,-18597.69,5440294.19
2026-02-18,SW202601080001,bank_4,-0.004916,-5455.47,1109637.7
2026-02-19,FW202601020002,bank_4,-0.01087,-15810.21,1454477.44
2026-02-19,FW202601050001,bank_2,0.001722,4591.0,2665356.39
2026-02-19,FW202601090001,bank_4,-0.008064,-16992.19,2107158.8
2026-02-19,FW202601230001,bank_3,-0.004406,-11314.9,2567796.42
2026-02-19,FW202601260001,bank_1,-0.000697,-418.84,600835.82
2026-02-19,FW202601280001,fx_pb_1,-0.004045,-6483.48,1603024.18
2026-02-19,FW202602030001,fx_pb_1,0.00336,9873.31,2938352.75
2026-02-19,FW202602060001,bank_3,-0.007681,-9161.79,1192781.92
2026-02-19,FW202602100001,fx_pb_1,0.000763,1655.0,2168195.94
2026-02-19,FW202602180001,bank_3,0.001587,2639.04,1663137.99
2026-02-19,SP202602190001,bank_1,-0.000338,-3135.29,9273125.4
2026-02-19,SW202601020001,fx_pb_1,-0.001474,-1699.13,1152661.24
2026-02-19,SW202601020004,bank_2,0.005499,42740.45,7772858.58
2026-02-19,SW202601060001,bank_2,-0.002489,-13539.67,5440294.19
2026-02-19,SW202601080001,bank_4,-0.004586,-5088.75,1109637.7
2026-02-20,FW202601020002,bank_4,-0.010593,-15407.45,1454477.44
2026-02-20,FW202601050001,bank_2,0.002655,7077.08,2665356.39
2026-02-20,FW202601090001,bank_4,-0.007304,-15390.54,2107158.8
2026-02-20,FW202601230001,bank_3,-0.003568,-9162.52,2567796.42
2026-02-20,FW202601260001,bank_1,0.000524,314.82,600835.82
2026-02-20,FW202601280001,fx_pb_1,-0.003585,-5746.86,1603024.18
2026-02-20,FW202602030001,fx_pb_1,0.002394,7034.84,2938352.75
2026-02-20,FW202602060001,bank_3,-0.005846,-6972.53,1192781.92
2026-02-20,FW202602100001,fx_pb_1,0.001786,3873.38,2168195.94
2026-02-20,FW202602180001,bank_3,9.9e-05,164.07,1663137.99
2026-02-20,FW202602200001,fx_pb_1,-0.000803,-1255.21,1562467.57
2026-02-20,SP202602190001,bank_1,-0.000862,-7994.71,9273125.4
2026-02-20,SW202601020001,fx_pb_1,-0.000553,-637.81,1152661.24
2026-02-20,SW202601020004,bank_2,0.003011,23406.8,7772858.58
2026-02-20,SW202601060001,bank_2,-0.003963,-21559.94,5440294.19
2026-02-20,SW202601080001,bank_4,-0.005422,-6015.95,1109637.7
2026-02-23,FW202601020002,bank_4,-0.012047,-17521.5,1454477.44
2026-02-23,FW202601050001,bank_2,0.003343,8909.86,2665356.39
2026-02-23,FW202601090001,bank_4,-0.005711,-12033.77,2107158.8
2026-02-23,FW202601230001,bank_3,-0.002364,-6069.14,2567796.42
2026-02-23,FW202601260001,bank_1,-0.000269,-161.77,600835.82
2026-02-23,FW202601280001,fx_pb_1,-0.004514,-7236.28,1603024.18
2026-02-23,FW202602030001,fx_pb_1,0.002921,8583.77,2938352.75
2026-02-23,FW202602060001,bank_3,-0.006102,-7277.96,1192781.92
2026-02-23,FW202602100001,fx_pb_1,0.000493,1069.79,2168195.94
2026-02-23,FW202602180001,bank_3,0.000162,270.12,1663137.99
2026-02-23,FW202602200001,fx_pb_1,-0.000124,-193.23,1562467.57
2026-02-23,SW202601020001,fx_pb_1,-0.001143,-1317.14,1152661.24
2026-02-23,SW202601020004,bank_2,0.001159,9010.33,7772858.58
2026-02-23,SW202601060001,bank_2,-0.004531,-24651.42,5440294.19
2026-02-23,SW202601080001,bank_4,-0.005367,-5955.5,1109637.7
2026-02-23,SW202602230001,fx_pb_1,-0.000739,-1992.37,2694426.83
2026-02-24,FW202601020002,bank_4,-0.014051,-20436.21,1454477.44
2026-02-24,FW202601050001,bank_2,0.004051,10798.02,2665356.39
2026-02-24,FW202601090001,bank_4,-0.004893,-10310.93,2107158.8
2026-02-24,FW202601230001,bank_3,-0.003271,-8399.76,2567796.42
2026-02-24,FW202601260001,bank_1,-0.00034,-204.58,600835.82
2026-02-24,FW202601280001,fx_pb_1,-0.001971,-3159.61,1603024.18
2026-02-24,FW202602030001,fx_pb_1,0.002171,6380.21,2938352.75
2026-02-24,FW202602060001,bank_3,-0.005137,-6127.32,1192781.92
2026-02-24,FW202602100001,fx_pb_1,0.000553,1198.84,2168195.94
2026-02-24,FW202602180001,bank_3,0.000672,1117.75,1663137.99
2026-02-24,FW202602200001,fx_pb_1,-0.000215,-336.21,1562467.57
2026-02-24,SW202601020001,fx_pb_1,-0.000251,-289.47,1152661.24
2026-02-24,SW202601020004,bank_2,0.002289,17794.23,7772858.58
2026-02-24,SW202601060001,bank_2,-0.004717,-25661.52,5440294.19
2026-02-24,SW202601080001,bank_4,-0.005533,-6139.29,1109637.7
2026-02-24,SW202602230001,fx_pb_1,-0.001729,-4658.12,2694426.83
2026-02-25,FW202601020002,bank_4,-0.013334,-19393.77,1454477.44
2026-02-25,FW202601050001,bank_2,0.004442,11840.56,2665356.39
2026-02-25,FW202601090001,bank_4,-0.005184,-10922.48,2107158.8
2026-02-25,FW202601230001,bank_3,-0.003075,-7896.88,2567796.42
2026-02-25,FW202601260001,bank_1,0.000537,322.64,600835.82
2026-02-25,FW202601280001,fx_pb_1,-0.002411,-3865.35,1603024.18
2026-02-25,FW202602030001,fx_pb_1,0.001604,4711.9,2938352.75
2026-02-25,FW202602060001,bank_3,-0.003111,-3710.27,1192781.92
2026-02-25,FW202602100001,fx_pb_1,0.000873,1893.56,2168195.94
2026-02-25,FW202602180001,bank_3,0.000556,923.9,1663137.99
2026-02-25,FW202602200001,fx_pb_1,-8.9e-05,-139.65,1562467.57
2026-02-25,SP202602250001,fx_pb_1,-0.000881,-101.59,115264.56
2026-02-25,SW202601020001,fx_pb_1,0.000514,592.68,1152661.24
2026-02-25,SW202601020004,bank_2,0.001965,15275.13,7772858.58
2026-02-25,SW202601060001,bank_2,-0.003701,-20136.9,5440294.19
2026-02-25,SW202601080001,bank_4,-0.005473,-6073.51,1109637.7
2026-02-25,SW202602230001,fx_pb_1,-0.00037,-995.62,2694426.83
2026-02-26,FW202601020002,bank_4,-0.014535,-21140.7,1454477.44
2026-02-26,FW202601050001,bank_2,0.004151,11065.18,2665356.39
2026-02-26,FW202601090001,bank_4,-0.002306,-4859.94,2107158.8
2026-02-26,FW202601230001,bank_3,-0.002309,-5929.09,2567796.42
2026-02-26,FW202601260001,bank_1,-0.000143,-86.17,600835.82
2026-02-26,FW202601280001,fx_pb_1,-0.002801,-4490.42,1603024.18
2026-02-26,FW202602030001,fx_pb_1,0.00287,8433.06,2938352.75
2026-02-26,FW202602060001,bank_3,-0.002176,-2595.0,1192781.92
2026-02-26,FW202602100001,fx_pb_1,7.9e-05,171.52,2168195.94
2026-02-26,FW202602180001,bank_3,0.001007,1674.49,1663137.99
2026-02-26,FW202602200001,fx_pb_1,0.000814,1271.63,1562467.57
2026-02-26,SP202602250001,fx_pb_1,-0.001399,-161.21,115264.56
2026-02-26,SW202601020001,fx_pb_1,0.000746,860.18,1152661.24
2026-02-26,SW202601020004,bank_2,0.002416,18778.61,7772858.58
2026-02-26,SW202601060001,bank_2,-0.005967,-32460.42,5440294.19
2026-02-26,SW202601080001,bank_4,-0.008381,-9299.57,1109637.7
2026-02-26,SW202602230001,fx_pb_1,0.000393,1059.54,2694426.83
2026-02-26,SW202602260001,fx_pb_1,-0.000643,-5519.15,8586244.64
2026-02-27,FW202601020002,bank_4,-0.016311,-23723.49,1454477.44
2026-02-27,FW202601050001,bank_2,0.00497,13247.48,2665356.39
2026-02-27,FW202601090001,bank_4,-0.005398,-11374.14,2107158.8
2026-02-27,FW202601230001,bank_3,-0.003931,-10093.92,2567796.42
2026-02-27,FW202601260001,bank_1,-0.001149,-690.28,600835.82
2026-02-27,FW202601280001,fx_pb_1,-0.00274,-4392.42,1603024.18
2026-02-27,FW202602030001,fx_pb_1,0.003853,11322.13,2938352.75
2026-02-27,FW202602060001,bank_3,-0.000291,-346.72,1192781.92
2026-02-27,FW202602100001,fx_pb_1,0.000558,1210.44,2168195.94
2026-02-27,FW202602180001,bank_3,0.001053,1750.71,1663137.99
2026-02-27,FW202602200001,fx_pb_1,0.000551,861.42,1562467.57
2026-02-27,FW202602270001,bank_2,-8e-05,-64.03,797431.69
2026-02-27,SW202601020001,fx_pb_1,0.000684,788.93,1152661.24
2026-02-27,SW202601020004,bank_2,0.000593,4609.11,7772858.58
2026-02-27,SW202601060001,bank_2,-0.00668,-36341.31,5440294.19
2026-02-27,SW202601080001,bank_4,-0.008945,-9925.77,1109637.7
2026-02-27,SW202602230001,fx_pb_1,4.1e-05,109.97,2694426.83
2026-02-27,SW202602260001,fx_pb_1,-0.00169,-14511.0,8586244.64
2026-03-02,FW202601020002,bank_4,-0.018215,-26493.95,1454477.44
2026-03-02,FW202601050001,bank_2,0.005352,14264.39,2665356.39
2026-03-02,FW202601090001,bank_4,-0.004271,-8999.19,2107158.8
2026-03-02,FW202601230001,bank_3,-0.005201,-13355.59,2567796.42
2026-03-02,FW202601260001,bank_1,-0.002341,-1406.4,600835.82
2026-03-02,FW202601280001,fx_pb_1,-0.000672,-1077.54,1603024.18
2026-03-02,FW202602030001,fx_pb_1,0.004467,13125.6,2938352.75
2026-03-02,FW202602060001,bank_3,0.001411,1682.96,1192781.92
2026-03-02,FW202602100001,fx_pb_1,-2.6e-05,-57.36,2168195.94
2026-03-02,FW202602180001,bank_3,-0.000269,-446.81,1663137.99
2026-03-02,FW202602200001,fx_pb_1,5.4e-05,84.62,1562467.57
2026-03-02,FW202602270001,bank_2,-0.001182,-942.42,797431.69
2026-03-02,SP202603020001,bank_1,-0.000723,-1988.21,2749124.08
2026-03-02,SW202601020001,fx_pb_1,0.000584,673.15,1152661.24
2026-03-02,SW202601020004,bank_2,0.000635,4935.24,7772858.58
2026-03-02,SW202601060001,bank_2,-0.006035,-32831.64,5440294.19
2026-03-02,SW202601080001,bank_4,-0.008251,-9156.11,1109637.7
2026-03-02,SW202602230001,fx_pb_1,-0.000129,-347.42,2694426.83
2026-03-02,SW202602260001,fx_pb_1,-0.001689,-14505.25,8586244.64
2026-03-03,FW202601020002,bank_4,-0.018518,-26933.79,1454477.44
2026-03-03,FW202601050001,bank_2,0.005983,15948.04,2665356.39
2026-03-03,FW202601090001,bank_4,-0.005391,-11359.72,2107158.8
2026-03-03,FW202601230001,bank_3,-0.006099,-15659.81,2567796.42
2026-03-03,FW202601260001,bank_1,-0.00234,-1405.98,600835.82
2026-03-03,FW202601280001,fx_pb_1,-0.000849,-1361.39,1603024.18
2026-03-03,FW202602030001,fx_pb_1,0.003745,11004.35,2938352.75
2026-03-03,FW202602060001,bank_3,0.000489,583.19,1192781.92
2026-03-03,FW202602100001,fx_pb_1,-0.000377,-818.03,2168195.94
2026-03-03,FW202602180001,bank_3,-0.001092,-1815.69,1663137.99
2026-03-03,FW202602200001,fx_pb_1,-0.001179,-1842.66,1562467.57
2026-03-03,FW202602270001,bank_2,-0.001888,-1505.85,797431.69
2026-03-03,SP202603020001,bank_1,0.001347,3703.79,2749124.08
2026-03-03,SW202601020001,fx_pb_1,0.000729,840.48,1152661.24
2026-03-03,SW202601020004,bank_2,0.001059,8232.72,7772858.58
2026-03-03,SW202601060001,bank_2,-0.007224,-39302.06,5440294.19
2026-03-03,SW202601080001,bank_4,-0.007308,-8109.68,1109637.7
2026-03-03,SW202602230001,fx_pb_1,-0.001574,-4241.97,2694426.83
2026-03-03,SW202602260001,fx_pb_1,-0.001813,-15563.29,8586244.64
2026-03-04,FW202601020002,bank_4,-0.018755,-27278.43,1454477.44
2026-03-04,FW202601050001,bank_2,0.006613,17626.45,2665356.39
2026-03-04,FW202601090001,bank_4,-0.004093,-8624.84,2107158.8
2026-03-04,FW202601230001,bank_3,-0.005929,-15224.71,2567796.42
2026-03-04,FW202601260001,bank_1,-0.001914,-1149.75,600835.82
2026-03-04,FW202601280001,fx_pb_1,-0.001585,-2541.25,1603024.18
2026-03-04,FW202602030001,fx_pb_1,0.00343,10079.86,2938352.75
2026-03-04,FW202602060001,bank_3,3.9e-05,46.56,1192781.92
2026-03-04,FW202602100001,fx_pb_1,-0.000142,-307.9,2168195.94
2026-03-04,FW202602180001,bank_3,-0.000235,-391.56,1663137.99
2026-03-04,FW202602200001,fx_pb_1,-0.001496,-2337.07,1562467.57
2026-03-04,FW202602270001,bank_2,-0.001678,-1337.94,797431.69
2026-03-04,SW202601020001,fx_pb_1,0.000114,131.76,1152661.24
2026-03-04,SW202601020004,bank_2,0.001633,12694.85,7772858.58
2026-03-04,SW202601060001,bank_2,-0.009396,-51115.92,5440294.19
2026-03-04,SW202601080001,bank_4,-0.007767,-8618.22,1109637.7
2026-03-04,SW202602230001,fx_pb_1,-0.003219,-8673.08,2694426.83
2026-03-04,SW202602260001,fx_pb_1,-0.001787,-15345.21,8586244.64
2026-03-05,FW202601020002,bank_4,-0.021083,-30664.44,1454477.44
2026-03-05,FW202601050001,bank_2,0.006481,17272.85,2665356.39
2026-03-05,FW202601090001,bank_4,-0.002929,-6172.4,2107158.8
2026-03-05,FW202601230001,bank_3,-0.004669,-11989.4,2567796.42
2026-03-05,FW202601260001,bank_1,-0.003992,-2398.55,600835.82
2026-03-05,FW202601280001,fx_pb_1,-0.000123,-196.66,1603024.18
2026-03-05,FW202602030001,fx_pb_1,0.00395,11607.56,2938352.75
2026-03-05,FW202602060001,bank_3,0.00141,1681.51,1192781.92
2026-03-05,FW202602100001,fx_pb_1,0.001577,3418.3,2168195.94
2026-03-05,FW202602180001,bank_3,4.3e-05,71.54,1663137.99
2026-03-05,FW202602200001,fx_pb_1,-0.001984,-3100.22,1562467.57
2026-03-05,FW202602270001,bank_2,-0.001013,-807.72,797431.69
2026-03-05,SW202601020001,fx_pb_1,0.00072,830.46,1152661.24
2026-03-05,SW202601020004,bank_2,0.002853,22173.62,7772858.58
2026-03-05,SW202601060001,bank_2,-0.010129,-55105.67,5440294.19
2026-03-05,SW202601080001,bank_4,-0.008834,-9802.07,1109637.7
2026-03-05,SW202602230001,fx_pb_1,-0.003825,-10305.61,2694426.83
2026-03-05,SW202602260001,fx_pb_1,-0.001255,-10772.44,8586244.64
2026-03-06,FW202601020002,bank_4,-0.021206,-30843.87,1454477.44
2026-03-06,FW202601050001,bank_2,0.004706,12544.41,2665356.39
2026-03-06,FW202601090001,bank_4,-0.002059,-4338.62,2107158.8
2026-03-06,FW202601230001,bank_3,-0.004032,-10353.25,2567796.42
2026-03-06,FW202601260001,bank_1,-0.005715,-3433.5,600835.82
2026-03-06,FW202601280001,fx_pb_1,-0.002405,-3854.48,1603024.18
2026-03-06,FW202602030001,fx_pb_1,0.004082,11994.38,2938352.75
2026-03-06,FW202602060001,bank_3,0.001185,1413.1,1192781.92
2026-03-06,FW202602100001,fx_pb_1,0.002477,5371.34,2168195.94
2026-03-06,FW202602180001,bank_3,0.000286,476.3,1663137.99
2026-03-06,FW202602200001,fx_pb_1,-0.000431,-673.93,1562467.57
2026-03-06,FW202602270001,bank_2,-0.001679,-1338.65,797431.69
2026-03-06,SP202603060001,bank_1,0.000482,3137.82,6505188.3
2026-03-06,SW202601020001,fx_pb_1,0.000678,781.98,1152661.24
2026-03-06,SW202601020004,bank_2,0.004576,35571.98,7772858.58
2026-03-06,SW202601060001,bank_2,-0.011593,-63070.0,5440294.19
2026-03-06,SW202601080001,bank_4,-0.009474,-10512.78,1109637.7
2026-03-06,SW202602230001,fx_pb_1,-0.00522,-14065.93,2694426.83
2026-03-06,SW202602260001,fx_pb_1,-0.001296,-11127.47,8586244.64
2026-03-09,FW202601020002,bank_4,-0.023389,-34018.69,1454477.44
2026-03-09,FW202601050001,bank_2,0.004897,13053.28,2665356.39
2026-03-09,FW202601090001,bank_4,-0.002631,-5544.5,2107158.8
2026-03-09,FW202601230001,bank_3,-0.004406,-11314.16,2567796.42
2026-03-09,FW202601260001,bank_1,-0.005253,-3156.41,600835.82
2026-03-09,FW202601280001,fx_pb_1,-0.002212,-3545.85,1603024.18
2026-03-09,FW202602030001,fx_pb_1,0.004971,14606.49,2938352.75
2026-03-09,FW202602060001,bank_3,0.002039,2431.65,1192781.92
2026-03-09,FW202602100001,fx_pb_1,0.00311,6744.05,2168195.94
2026-03-09,FW202602180001,bank_3,0.00127,2112.11,1663137.99
2026-03-09,FW202602200001,fx_pb_1,-0.000694,-1084.65,1562467.57
2026-03-09,FW202602270001,bank_2,-0.000293,-233.48,797431.69
2026-03-09,SP202603060001,bank_1,-0.000118,-769.09,6505188.3
2026-03-09,SW202601020001,fx_pb_1,0.000658,758.37,1152661.24
2026-03-09,SW202601020004,bank_2,0.005107,39694.24,7772858.58
2026-03-09,SW202601060001,bank_2,-0.011621,-63222.44,5440294.19
2026-03-09,SW202601080001,bank_4,-0.009029,-10018.77,1109637.7
2026-03-09,SW202602230001,fx_pb_1,-0.004465,-12030.46,2694426.83
2026-03-09,SW202602260001,fx_pb_1,-0.000898,-7713.56,8586244.64
2026-03-10,FW202601020002,bank_4,-0.02766,-40230.52,1454477.44
2026-03-10,FW202601050001,bank_2,0.003884,10351.55,2665356.39
2026-03-10,FW202601090001,bank_4,-0.00245,-5161.49,2107158.8
2026-03-10,FW202601230001,bank_3,-0.006413,-16468.15,2567796.42
2026-03-10,FW202601260001,bank_1,-0.00541,-3250.79,600835.82
2026-03-10,FW202601280001,fx_pb_1,-0.002268,-3636.2,1603024.18
2026-03-10,FW202602030001,fx_pb_1,0.00652,19158.58,2938352.75
2026-03-10,FW202602060001,bank_3,0.001642,1958.49,1192781.92
2026-03-10,FW202602100001,fx_pb_1,0.004389,9515.41,2168195.94
2026-03-10,FW202602180001,bank_3,0.001841,3061.04,1663137.99
2026-03-10,FW202602200001,fx_pb_1,-0.000426,-665.74,1562467.57
2026-03-10,FW202602270001,bank_2,-0.001658,-1322.38,797431.69
2026-03-10,SW202601020001,fx_pb_1,0.000468,539.09,1152661.24
2026-03-10,SW202601020004,bank_2,0.006331,49211.79,7772858.58
2026-03-10,SW202601060001,bank_2,-0.011804,-64216.2,5440294.19
2026-03-10,SW202601080001,bank_4,-0.009373,-10400.53,1109637.7
2026-03-10,SW202602230001,fx_pb_1,-0.003653,-9843.54,2694426.83
2026-03-10,SW202602260001,fx_pb_1,-0.001424,-12223.06,8586244.64
2026-03-11,FW202601020002,bank_4,-0.026503,-38548.19,1454477.44
2026-03-11,FW202601050001,bank_2,0.003049,8128.0,2665356.39
2026-03-11,FW202601090001,bank_4,-0.001734,-3654.63,2107158.8
2026-03-11,FW202601230001,bank_3,-0.006468,-16607.65,2567796.42
2026-03-11,FW202601260001,bank_1,-0.005313,-3191.98,600835.82
2026-03-11,FW202601280001,fx_pb_1,-0.00385,-6171.8,1603024.18
2026-03-11,FW202602030001,fx_pb_1,0.006183,18168.21,2938352.75
2026-03-11,FW202602060001,bank_3,0.001995,2379.71,1192781.92
2026-03-11,FW202602100001,fx_pb_1,0.003758,8148.43,2168195.94
2026-03-11,FW202602180001,bank_3,0.000717,1192.24,1663137.99
2026-03-11,FW202602200001,fx_pb_1,-5.5e-05,-85.87,1562467.57
2026-03-11,FW202602270001,bank_2,-0.000286,-227.79,797431.69
2026-03-11,SW202601020001,fx_pb_1,-0.000461,-531.37,1152661.24
2026-03-11,SW202601020004,bank_2,0.005239,40720.94,7772858.58
2026-03-11,SW202601060001,bank_2,-0.011838,-64404.56,5440294.19
2026-03-11,SW202601080001,bank_4,-0.009388,-10417.6,1109637.7
2026-03-11,SW202602230001,fx_pb_1,-0.00408,-10993.62,2694426.83
2026-03-11,SW202602260001,fx_pb_1,-0.001041,-8938.64,8586244.64
2026-03-12,FW202601020002,bank_4,-0.024765,-36020.3,1454477.44
2026-03-12,FW202601050001,bank_2,0.001887,5030.18,2665356.39
2026-03-12,FW202601090001,bank_4,-0.000957,-2016.47,2107158.8
2026-03-12,FW202601230001,bank_3,-0.006016,-15448.63,2567796.42
2026-03-12,FW202601260001,bank_1,-0.003533,-2122.96,600835.82
2026-03-12,FW202601280001,fx_pb_1,-0.003145,-5041.21,1603024.18
2026-03-12,FW202602030001,fx_pb_1,0.005367,15770.83,2938352.75
2026-03-12,FW202602060001,bank_3,0.002036,2428.88,1192781.92
2026-03-12,FW202602100001,fx_pb_1,0.004996,10831.45,2168195.94
2026-03-12,FW202602180001,bank_3,0.000237,393.68,1663137.99
2026-03-12,FW202602200001,fx_pb_1,5e-05,77.83,1562467.57
2026-03-12,FW202602270001,bank_2,-0.000302,-240.58,797431.69
2026-03-12,SW202601020001,fx_pb_1,-0.000453,-522.19,1152661.24
2026-03-12,SW202601020004,bank_2,0.00549,42674.1,7772858.58
2026-03-12,SW202601060001,bank_2,-0.014003,-76179.97,5440294.19
2026-03-12,SW202601080001,bank_4,-0.009428,-10461.6,1109637.7
2026-03-12,SW202602230001,fx_pb_1,-0.004565,-12298.83,2694426.83
2026-03-12,SW202602260001,fx_pb_1,-0.001627,-13968.63,8586244.64
2026-03-13,FW202601020002,bank_4,-0.025018,-36388.79,1454477.44
2026-03-13,FW202601050001,bank_2,0.001671,4454.43,2665356.39
2026-03-13,FW202601090001,bank_4,-0.002711,-5712.48,2107158.8
2026-03-13,FW202601230001,bank_3,-0.006544,-16804.21,2567796.42
2026-03-13,FW202601260001,bank_1,-0.005672,-3407.9,600835.82
2026-03-13,FW202601280001,fx_pb_1,-0.004913,-7875.79,1603024.18
2026-03-13,FW202602030001,fx_pb_1,0.004742,13932.88,2938352.75
2026-03-13,FW202602060001,bank_3,0.003649,4352.56,1192781.92
2026-03-13,FW202602100001,fx_pb_1,0.004049,8779.19,2168195.94
2026-03-13,FW202602180001,bank_3,0.000419,697.38,1663137.99
2026-03-13,FW202602200001,fx_pb_1,-0.001489,-2326.75,1562467.57
2026-03-13,FW202602270001,bank_2,-0.000608,-484.61,797431.69
2026-03-13,SW202601020001,fx_pb_1,-0.000534,-615.73,1152661.24
2026-03-13,SW202601020004,bank_2,0.006687,51980.6,7772858.58
2026-03-13,SW202601060001,bank_2,-0.014944,-81299.87,5440294.19
2026-03-13,SW202601080001,bank_4,-0.009684,-10746.14,1109637.7
2026-03-13,SW202602230001,fx_pb_1,-0.004874,-13132.16,2694426.83
2026-03-13,SW202602260001,fx_pb_1,-0.003317,-28482.6,8586244.64
2026-03-16,FW202601020002,bank_4,-0.024095,-35045.9,1454477.44
2026-03-16,FW202601050001,bank_2,0.001016,2706.74,2665356.39
2026-03-16,FW202601090001,bank_4,-0.00447,-9418.6,2107158.8
2026-03-16,FW202601230001,bank_3,-0.00669,-17179.82,2567796.42
2026-03-16,FW202601260001,bank_1,-0.003995,-2400.21,600835.82
2026-03-16,FW202601280001,fx_pb_1,-0.004018,-6441.63,1603024.18
2026-03-16,FW202602030001,fx_pb_1,0.0044,12929.68,2938352.75
2026-03-16,FW202602060001,bank_3,0.002144,2557.04,1192781.92
2026-03-16,FW202602100001,fx_pb_1,0.00428,9280.3,2168195.94
2026-03-16,FW202602180001,bank_3,-0.001543,-2565.53,1663137.99
2026-03-16,FW202602200001,fx_pb_1,0.000291,454.43,1562467.57
2026-03-16,FW202602270001,bank_2,-0.0001,-79.81,797431.69
2026-03-16,SW202601020001,fx_pb_1,-0.002734,-3151.39,1152661.24
2026-03-16,SW202601020004,bank_2,0.007184,55839.59,7772858.58
2026-03-16,SW202601060001,bank_2,-0.01388,-75513.32,5440294.19
2026-03-16,SW202601080001,bank_4,-0.008267,-9173.83,1109637.7
2026-03-16,SW202602230001,fx_pb_1,-0.005044,-13589.59,2694426.83
2026-03-16,SW202602260001,fx_pb_1,-0.003755,-32244.99,8586244.64
2026-03-17,FW202601020002,bank_4,-0.024755,-36005.42,1454477.44
2026-03-17,FW202601050001,bank_2,0.001515,4038.61,2665356.39
2026-03-17,FW202601090001,bank_4,-0.005823,-12269.65,2107158.8
2026-03-17,FW202601230001,bank_3,-0.005794,-14877.66,2567796.42
2026-03-17,FW202601260001,bank_1,-0.003084,-1852.88,600835.82
2026-03-17,FW202601280001,fx_pb_1,-0.002296,-3679.77,1603024.18
2026-03-17,FW202602030001,fx_pb_1,0.00274,8051.37,2938352.75
2026-03-17,FW202602060001,bank_3,0.000352,419.83,1192781.92
2026-03-17,FW202602100001,fx_pb_1,0.003815,8270.69,2168195.94
2026-03-17,FW202602180001,bank_3,-0.001721,-2861.72,1663137.99
2026-03-17,FW202602200001,fx_pb_1,-0.001459,-2279.89,1562467.57
2026-03-17,FW202602270001,bank_2,-0.001642,-1309.39,797431.69
2026-03-17,SW202601020001,fx_pb_1,-0.003705,-4270.74,1152661.24
2026-03-17,SW202601020004,bank_2,0.007563,58787.8,7772858.58
2026-03-17,SW202601060001,bank_2,-0.013072,-71116.46,5440294.19
2026-03-17,SW202601080001,bank_4,-0.009054,-10047.21,1109637.7
2026-03-17,SW202602230001,fx_pb_1,-0.003277,-8829.17,2694426.83
2026-03-17,SW202602260001,fx_pb_1,-0.004276,-36714.1,8586244.64
2026-03-18,FW202601020002,bank_4,-0.024087,-35033.53,1454477.44
2026-03-18,FW202601050001,bank_2,0.001589,4235.0,2665356.39
2026-03-18,FW202601090001,bank_4,-0.004697,-9898.06,2107158.8
2026-03-18,FW202601230001,bank_3,-0.004993,-12820.64,2567796.42
2026-03-18,FW202601260001,bank_1,-0.002589,-1555.82,600835.82
2026-03-18,FW202601280001,fx_pb_1,-0.002752,-4411.61,1603024.18
2026-03-18,FW202602030001,fx_pb_1,0.003302,9701.11,2938352.75
2026-03-18,FW202602060001,bank_3,9.4e-05,111.97,1192781.92
2026-03-18,FW202602100001,fx_pb_1,0.00444,9626.55,2168195.94
2026-03-18,FW202602180001,bank_3,-0.002173,-3614.73,1663137.99
2026-03-18,FW202602200001,fx_pb_1,0.000228,356.28,1562467.57
2026-03-18,FW202602270001,bank_2,-0.001007,-803.41,797431.69
2026-03-18,SW202601020001,fx_pb_1,-0.003171,-3655.19,1152661.24
2026-03-18,SW202601020004,bank_2,0.00706,54873.59,7772858.58
2026-03-18,SW202601060001,bank_2,-0.014856,-80821.17,5440294.19
2026-03-18,SW202601080001,bank_4,-0.008439,-9363.74,1109637.7
2026-03-18,SW202602230001,fx_pb_1,-0.002857,-7697.75,2694426.83
2026-03-18,SW202602260001,fx_pb_1,-0.00424,-36404.13,8586244.64
2026-03-19,FW202601020002,bank_4,-0.024916,-36240.36,1454477.44
2026-03-19,FW202601050001,bank_2,0.000426,1134.27,2665356.39
2026-03-19,FW202601090001,bank_4,-0.004165,-8776.39,2107158.8
2026-03-19,FW202601230001,bank_3,-0.006138,-15760.74,2567796.42
2026-03-19,FW202601260001,bank_1,-0.001435,-862.34,600835.82
2026-03-19,FW202601280001,fx_pb_1,-0.002902,-4651.23,1603024.18
2026-03-19,FW202602030001,fx_pb_1,0.005431,15957.59,2938352.75
2026-03-19,FW202602060001,bank_3,-0.000219,-261.41,1192781.92
2026-03-19,FW202602100001,fx_pb_1,0.005552,12038.35,2168195.94
2026-03-19,FW202602180001,bank_3,0.000198,330.01,1663137.99
2026-03-19,FW202602200001,fx_pb_1,0.001959,3060.72,1562467.57
2026-03-19,FW202602270001,bank_2,-0.002692,-2146.82,797431.69
2026-03-19,FW202603190001,fx_pb_1,0.000467,653.27,1399551.3
2026-03-19,SW202601020001,fx_pb_1,-0.003634,-4189.01,1152661.24
2026-03-19,SW202601020004,bank_2,0.007456,57956.97,7772858.58
2026-03-19,SW202601060001,bank_2,-0.014696,-79948.39,5440294.19
2026-03-19,SW202601080001,bank_4,-0.008089,-8976.31,1109637.7
2026-03-19,SW202602230001,fx_pb_1,-0.002908,-7834.13,2694426.83
2026-03-19,SW202602260001,fx_pb_1,-0.006085,-52244.28,8586244.64
2026-03-20,FW202601020002,bank_4,-0.024001,-34909.1,1454477.44
2026-03-20,FW202601050001,bank_2,0.001999,5328.35,2665356.39
2026-03-20,FW202601090001,bank_4,-0.00436,-9186.92,2107158.8
2026-03-20,FW202601230001,bank_3,-0.007437,-19097.76,2567796.42
2026-03-20,FW202601260001,bank_1,-0.002498,-1500.73,600835.82
2026-03-20,FW202601280001,fx_pb_1,-0.001639,-2627.13,1603024.18
2026-03-20,FW202602030001,fx_pb_1,0.006073,17846.08,2938352.75
2026-03-20,FW202602060001,bank_3,-0.002758,-3289.45,1192781.92
2026-03-20,FW202602100001,fx_pb_1,0.006693,14510.71,2168195.94
2026-03-20,FW202602180001,bank_3,0.000943,1568.66,1663137.99
2026-03-20,FW202602200001,fx_pb_1,0.001731,2704.89,1562467.57
2026-03-20,FW202602270001,bank_2,-0.003249,-2591.1,797431.69
2026-03-20,FW202603190001,fx_pb_1,-0.000869,-1216.67,1399551.3
2026-03-20,FW202603200001,fx_pb_1,-0.000451,-134.82,299003.04
2026-03-20,SW202601020001,fx_pb_1,-0.002926,-3372.86,1152661.24
2026-03-20,SW202601020004,bank_2,0.008592,66781.7,7772858.58
2026-03-20,SW202601060001,bank_2,-0.012737,-69293.79,5440294.19
2026-03-20,SW202601080001,bank_4,-0.008442,-9367.16,1109637.7
2026-03-20,SW202602230001,fx_pb_1,-0.001443,-3888.65,2694426.83
2026-03-20,SW202602260001,fx_pb_1,-0.005964,-51210.21,8586244.64
2026-03-23,FW202601020002,bank_4,-0.023585,-34304.02,1454477.44
2026-03-23,FW202601050001,bank_2,0.001078,2872.16,2665356.39
2026-03-23,FW202601090001,bank_4,-0.005849,-12323.74,2107158.8
2026-03-23,FW202601230001,bank_3,-0.00678,-17409.03,2567796.42
2026-03-23,FW202601260001,bank_1,-0.002046,-1229.41,600835.82
2026-03-23,FW202601280001,fx_pb_1,-0.002851,-4570.8,1603024.18
2026-03-23,FW202602030001,fx_pb_1,0.006337,18619.32,2938352.75
2026-03-23,FW202602060001,bank_3,-0.002204,-2629.19,1192781.92
2026-03-23,FW202602100001,fx_pb_1,0.006052,13121.27,2168195.94
2026-03-23,FW202602180001,bank_3,0.001109,1843.88,1663137.99
2026-03-23,FW202602270001,bank_2,-0.00495,-3947.0,797431.69
2026-03-23,FW202603190001,fx_pb_1,-0.000935,-1308.24,1399551.3
2026-03-23,FW202603200001,fx_pb_1,-0.000662,-197.84,299003.04
2026-03-23,SP202603230001,bank_4,0.000937,2746.75,2932463.82
2026-03-23,SW202601020001,fx_pb_1,-0.002513,-2896.3,1152661.24
2026-03-23,SW202601020004,bank_2,0.008568,66593.97,7772858.58
2026-03-23,SW202601060001,bank_2,-0.01559,-84814.32,5440294.19
2026-03-23,SW202601080001,bank_4,-0.008379,-9297.95,1109637.7
2026-03-23,SW202602230001,fx_pb_1,-0.00153,-4121.91,2694426.83
2026-03-23,SW202602260001,fx_pb_1,-0.004967,-42648.16,8586244.64
2026-03-24,FW202601020002,bank_4,-0.022816,-33184.64,1454477.44
2026-03-24,FW202601050001,bank_2,0.001294,3448.08,2665356.39
2026-03-24,FW202601090001,bank_4,-0.005522,-11636.19,2107158.8
2026-03-24,FW202601230001,bank_3,-0.004711,-12097.2,2567796.42
2026-03-24,FW202601260001,bank_1,-0.002985,-1793.39,600835.82
2026-03-24,FW202601280001,fx_pb_1,-0.004012,-6432.01,1603024.18
2026-03-24,FW202602030001,fx_pb_1,0.00724,21272.56,2938352.75
2026-03-24,FW202602060001,bank_3,-0.004109,-4901.43,1192781.92
2026-03-24,FW202602100001,fx_pb_1,0.00616,13356.47,2168195.94
2026-03-24,FW202602180001,bank_3,6.4e-05,106.57,1663137.99
2026-03-24,FW202602270001,bank_2,-0.007841,-6253.06,797431.69
2026-03-24,FW202603190001,fx_pb_1,-0.002174,-3042.04,1399551.3
2026-03-24,FW202603200001,fx_pb_1,-0.000397,-118.72,299003.04
2026-03-24,SP202603230001,bank_4,0.000455,1333.69,2932463.82
2026-03-24,SW202601020001,fx_pb_1,-0.002575,-2968.47,1152661.24
2026-03-24,SW202601020004,bank_2,0.008364,65009.66,7772858.58
2026-03-24,SW202601060001,bank_2,-0.016323,-88802.42,5440294.19
2026-03-24,SW202601080001,bank_4,-0.008945,-9925.99,1109637.7
2026-03-24,SW202602230001,fx_pb_1,-0.001989,-5359.32,2694426.83
2026-03-24,SW202602260001,fx_pb_1,-0.005625,-48299.63,8586244.64
2026-03-24,SW202603240001,fx_pb_1,0.000176,942.21,5347700.5
2026-03-25,FW202601020002,bank_4,-0.021384,-31103.04,1454477.44
2026-03-25,FW202601050001,bank_2,-0.000602,-1604.33,2665356.39
2026-03-25,FW202601090001,bank_4,-0.003298,-6950.0,2107158.8
2026-03-25,FW202601230001,bank_3,-0.005327,-13677.55,2567796.42
2026-03-25,FW202601260001,bank_1,-0.003424,-2057.22,600835.82
2026-03-25,FW202601280001,fx_pb_1,-0.004168,-6681.33,1603024.18
2026-03-25,FW202602030001,fx_pb_1,0.007326,21525.17,2938352.75
2026-03-25,FW202602060001,bank_3,-0.001311,-1563.16,1192781.92
2026-03-25,FW202602100001,fx_pb_1,0.005546,12024.63,2168195.94
2026-03-25,FW202602180001,bank_3,-0.000348,-578.23,1663137.99
2026-03-25,FW202602270001,bank_2,-0.010064,-8025.04,797431.69
2026-03-25,FW202603190001,fx_pb_1,-0.003325,-4653.38,1399551.3
2026-03-25,FW202603200001,fx_pb_1,-0.00128,-382.6,299003.04
2026-03-25,SW202601020001,fx_pb_1,-0.00334,-3849.61,1152661.24
2026-03-25,SW202601020004,bank_2,0.00681,52931.56,7772858.58
2026-03-25,SW202601060001,bank_2,-0.013835,-75267.28,5440294.19
2026-03-25,SW202601080001,bank_4,-0.008817,-9783.95,1109637.7
2026-03-25,SW202602230001,fx_pb_1,-0.001741,-4691.84,2694426.83
2026-03-25,SW202602260001,fx_pb_1,-0.005568,-47809.58,8586244.64
2026-03-25,SW202603240001,fx_pb_1,0.001086,5808.44,5347700.5
2026-03-25,SW202603250001,bank_3,-0.000434,-877.3,2020639.98
2026-03-26,FW202601020002,bank_4,-0.02497,-36318.53,1454477.44
2026-03-26,FW202601050001,bank_2,0.001071,2854.02,2665356.39
2026-03-26,FW202601090001,bank_4,-0.003333,-7024.17,2107158.8
2026-03-26,FW202601230001,bank_3,-0.004115,-10566.81,2567796.42
2026-03-26,FW202601260001,bank_1,-0.004089,-2456.76,600835.82
2026-03-26,FW202601280001,fx_pb_1,-0.006097,-9772.98,1603024.18
2026-03-26,FW202602030001,fx_pb_1,0.006502,19105.39,2938352.75
2026-03-26,FW202602060001,bank_3,-0.002374,-2832.07,1192781.92
2026-03-26,FW202602100001,fx_pb_1,0.005252,11387.23,2168195.94
2026-03-26,FW202602180001,bank_3,-0.000422,-701.02,1663137.99
2026-03-26,FW202602270001,bank_2,-0.008381,-6683.2,797431.69
2026-03-26,FW202603190001,fx_pb_1,-0.004278,-5986.85,1399551.3
2026-03-26,FW202603200001,fx_pb_1,-9.3e-05,-27.7,299003.04
2026-03-26,SP202603260001,fx_pb_1,-0.000806,-1856.7,2303862.05
2026-03-26,SW202601020001,fx_pb_1,-0.003159,-3641.24,1152661.24
2026-03-26,SW202601020004,bank_2,0.006834,53123.2,7772858.58
2026-03-26,SW202601060001,bank_2,-0.013252,-72096.18,5440294.19
2026-03-26,SW202601080001,bank_4,-0.009564,-10612.87,1109637.7
2026-03-26,SW202602230001,fx_pb_1,-0.000983,-2648.44,2694426.83
2026-03-26,SW202602260001,fx_pb_1,-0.005853,-50251.02,8586244.64
2026-03-26,SW202603240001,fx_pb_1,0.000347,1855.97,5347700.5
2026-03-26,SW202603250001,bank_3,-0.000873,-1763.06,2020639.98
2026-03-27,FW202601020002,bank_4,-0.023572,-34284.68,1454477.44
2026-03-27,FW202601050001,bank_2,0.001538,4099.52,2665356.39
2026-03-27,FW202601090001,bank_4,-0.003876,-8167.4,2107158.8
2026-03-27,FW202601230001,bank_3,-0.004569,-11732.64,2567796.42
2026-03-27,FW202601260001,bank_1,-0.00486,-2920.27,600835.82
2026-03-27,FW202601280001,fx_pb_1,-0.005278,-8460.76,1603024.18
2026-03-27,FW202602030001,fx_pb_1,0.006816,20028.93,2938352.75
2026-03-27,FW202602060001,bank_3,0.000325,387.67,1192781.92
2026-03-27,FW202602100001,fx_pb_1,0.007686,16664.6,2168195.94
2026-03-27,FW202602180001,bank_3,-0.000302,-501.45,1663137.99
2026-03-27,FW202602270001,bank_2,-0.010939,-8723.48,797431.69
2026-03-27,FW202603190001,fx_pb_1,-0.002809,-3931.44,1399551.3
2026-03-27,FW202603200001,fx_pb_1,-0.001863,-556.96,299003.04
2026-03-27,FW202603270001,fx_pb_1,-0.000582,-1449.42,2492028.56
2026-03-27,SP202603260001,fx_pb_1,0.000482,1110.27,2303862.05
2026-03-27,SW202601020001,fx_pb_1,-0.004481,-5165.08,1152661.24
2026-03-27,SW202601020004,bank_2,0.008488,65972.97,7772858.58
2026-03-27,SW202601060001,bank_2,-0.011954,-65035.79,5440294.19
2026-03-27,SW202601080001,bank_4,-0.009678,-10738.83,1109637.7
2026-03-27,SW202602230001,fx_pb_1,-0.001686,-4543.48,2694426.83
2026-03-27,SW202602260001,fx_pb_1,-0.00604,-51860.81,8586244.64
2026-03-27,SW202603240001,fx_pb_1,0.00102,5453.33,5347700.5
2026-03-27,SW202603250001,bank_3,-0.002183,-4411.63,2020639.98
2026-03-30,FW202601020002,bank_4,-0.024008,-34918.47,1454477.44
2026-03-30,FW202601050001,bank_2,0.002156,5745.44,2665356.39
2026-03-30,FW202601090001,bank_4,-0.003184,-6709.57,2107158.8
2026-03-30,FW202601230001,bank_3,-0.003926,-10080.54,2567796.42
2026-03-30,FW202601260001,bank_1,-0.004863,-2921.62,600835.82
2026-03-30,FW202601280001,fx_pb_1,-0.006166,-9884.55,1603024.18
2026-03-30,FW202602030001,fx_pb_1,0.005026,14769.56,2938352.75
2026-03-30,FW202602060001,bank_3,0.002373,2830.62,1192781.92
2026-03-30,FW202602100001,fx_pb_1,0.007719,16736.21,2168195.94
2026-03-30,FW202602180001,bank_3,-0.000504,-837.72,1663137.99
2026-03-30,FW202602270001,bank_2,-0.010656,-8497.74,797431.69
2026-03-30,FW202603190001,fx_pb_1,-0.003879,-5429.14,1399551.3
2026-03-30,FW202603200001,fx_pb_1,0.000665,198.76,299003.04
2026-03-30,FW202603270001,fx_pb_1,7.2e-05,180.37,2492028.56
2026-03-30,SW202601020001,fx_pb_1,-0.004357,-5021.78,1152661.24
2026-03-30,SW202601020004,bank_2,0.007535,58569.27,7772858.58
2026-03-30,SW202601060001,bank_2,-0.011542,-62789.84,5440294.19
2026-03-30,SW202601080001,bank_4,-0.009169,-10174.48,1109637.7
2026-03-30,SW202602230001,fx_pb_1,-0.003272,-8816.68,2694426.83
2026-03-30,SW202602260001,fx_pb_1,-0.006693,-57466.67,8586244.64
2026-03-30,SW202603240001,fx_pb_1,0.000764,4083.18,5347700.5
2026-03-30,SW202603250001,bank_3,-0.0025,-5052.09,2020639.98
2026-03-31,FW202601020002,bank_4,-0.025024,-36396.54,1454477.44
2026-03-31,FW202601050001,bank_2,0.002245,5983.22,2665356.39
2026-03-31,FW202601090001,bank_4,-0.000441,-929.08,2107158.8
2026-03-31,FW202601230001,bank_3,-0.001998,-5130.81,2567796.42
2026-03-31,FW202601260001,bank_1,-0.004912,-2951.06,600835.82
2026-03-31,FW202601280001,fx_pb_1,-0.005186,-8313.34,1603024.18
2026-03-31,FW202602030001,fx_pb_1,0.00442,12986.08,2938352.75
2026-03-31,FW202602060001,bank_3,0.000169,201.32,1192781.92
2026-03-31,FW202602100001,fx_pb_1,0.006325,13714.12,2168195.94
2026-03-31,FW202602180001,bank_3,-0.00155,-2578.33,1663137.99
2026-03-31,FW202602270001,bank_2,-0.011004,-8774.87,797431.69
2026-03-31,FW202603190001,fx_pb_1,-0.003726,-5214.6,1399551.3
2026-03-31,FW202603200001,fx_pb_1,-0.0004,-119.52,299003.04
2026-03-31,FW202603270001,fx_pb_1,0.000386,962.86,2492028.56
2026-03-31,SW202601020001,fx_pb_1,-0.004948,-5703.26,1152661.24
2026-03-31,SW202601020004,bank_2,0.008083,62825.02,7772858.58
2026-03-31,SW202601060001,bank_2,-0.012737,-69292.6,5440294.19
2026-03-31,SW202601080001,bank_4,-0.008541,-9477.88,1109637.7
2026-03-31,SW202602230001,fx_pb_1,-0.004291,-11562.99,2694426.83
2026-03-31,SW202602260001,fx_pb_1,-0.006897,-59223.45,8586244.64
2026-03-31,SW202603240001,fx_pb_1,-0.000659,-3523.68,5347700.5
2026-03-31,SW202603250001,bank_3,-0.00153,-3091.97,2020639.98
2026-04-01,FW202601020002,bank_4,-0.023244,-33807.46,1454477.44
2026-04-01,FW202601050001,bank_2,0.000456,1215.36,2665356.39
2026-04-01,FW202601090001,bank_4,-0.001167,-2459.16,2107158.8
2026-04-01,FW202601230001,bank_3,-0.002814,-7226.52,2567796.42
2026-04-01,FW202601260001,bank_1,-0.00424,-2547.54,600835.82
2026-04-01,FW202601280001,fx_pb_1,-0.007158,-11473.73,1603024.18
2026-04-01,FW202602030001,fx_pb_1,0.0049,14396.86,2938352.75
2026-04-01,FW202602060001,bank_3,0.000233,278.24,1192781.92
2026-04-01,FW202602100001,fx_pb_1,0.006013,13037.47,2168195.94
2026-04-01,FW202602180001,bank_3,-0.001981,-3294.93,1663137.99
2026-04-01,FW202602270001,bank_2,-0.011817,-9423.16,797431.69
2026-04-01,FW202603190001,fx_pb_1,-0.004471,-6256.73,1399551.3
2026-04-01,FW202603200001,fx_pb_1,-0.000782,-233.75,299003.04
2026-04-01,FW202603270001,fx_pb_1,0.000365,910.72,2492028.56
2026-04-01,SP202604010001,bank_1,0.000885,4576.19,5172342.72
2026-04-01,SW202601020001,fx_pb_1,-0.004154,-4788.45,1152661.24
2026-04-01,SW202601020004,bank_2,0.007202,55979.61,7772858.58
2026-04-01,SW202601060001,bank_2,-0.014076,-76577.28,5440294.19
2026-04-01,SW202601080001,bank_4,-0.007783,-8636.17,1109637.7
2026-04-01,SW202602230001,fx_pb_1,-0.005383,-14503.69,2694426.83
2026-04-01,SW202602260001,fx_pb_1,-0.006516,-55946.6,8586244.64
2026-04-01,SW202603240001,fx_pb_1,-0.001663,-8892.18,5347700.5
2026-04-01,SW202603250001,bank_3,-0.000966,-1951.58,2020639.98
2026-04-02,FW202601020002,bank_4,-0.0199,-28943.75,1454477.44
2026-04-02,FW202601050001,bank_2,0.001963,5231.46,2665356.39
2026-04-02,FW202601090001,bank_4,-0.003249,-6846.11,2107158.8
2026-04-02,FW202601230001,bank_3,-0.003385,-8690.77,2567796.42
2026-04-02,FW202601260001,bank_1,-0.003566,-2142.86,600835.82
2026-04-02,FW202601280001,fx_pb_1,-0.00327,-5241.25,1603024.18
2026-04-02,FW202602030001,fx_pb_1,0.005104,14996.86,2938352.75
2026-04-02,FW202602060001,bank_3,-0.000242,-288.56,1192781.92
2026-04-02,FW202602100001,fx_pb_1,0.006593,14295.27,2168195.94
2026-04-02,FW202602180001,bank_3,-0.003322,-5525.42,1663137.99
2026-04-02,FW202602270001,bank_2,-0.012014,-9580.37,797431.69
2026-04-02,FW202603190001,fx_pb_1,-0.005448,-7624.79,1399551.3
2026-04-02,FW202603200001,fx_pb_1,-0.001058,-316.23,299003.04
2026-04-02,FW202603270001,fx_pb_1,-0.000413,-1029.52,2492028.56
2026-04-02,SP202604010001,bank_1,0.000334,1727.17,5172342.72
2026-04-02,SW202601020001,fx_pb_1,-0.003653,-4210.34,1152661.24
2026-04-02,SW202601020004,bank_2,0.007463,58007.74,7772858.58
2026-04-02,SW202601060001,bank_2,-0.013147,-71525.06,5440294.19
2026-04-02,SW202601080001,bank_4,-0.00767,-8511.26,1109637.7
2026-04-02,SW202602230001,fx_pb_1,-0.007245,-19521.33,2694426.83
2026-04-02,SW202602260001,fx_pb_1,-0.005294,-45453.96,8586244.64
2026-04-02,SW202603240001,fx_pb_1,-0.001473,-7875.62,5347700.5
2026-04-02,SW202603250001,bank_3,-7.3e-05,-147.66,2020639.98
2026-04-03,FW202601020002,bank_4,-0.01937,-28172.91,1454477.44
2026-04-03,FW202601050001,bank_2,0.00409,10900.16,2665356.39
2026-04-03,FW202601090001,bank_4,-0.002556,-5385.14,2107158.8
2026-04-03,FW202601230001,bank_3,-0.00339,-8705.24,2567796.42
2026-04-03,FW202601260001,bank_1,-0.003183,-1912.19,600835.82
2026-04-03,FW202601280001,fx_pb_1,-0.001939,-3107.72,1603024.18
2026-04-03,FW202602030001,fx_pb_1,0.005343,15698.92,2938352.75
2026-04-03,FW202602060001,bank_3,0.0015,1789.21,1192781.92
2026-04-03,FW202602100001,fx_pb_1,0.006391,13855.86,2168195.94
2026-04-03,FW202602180001,bank_3,-0.004411,-7335.46,1663137.99
2026-04-03,FW202602270001,bank_2,-0.011704,-9332.9,797431.69
2026-04-03,FW202603190001,fx_pb_1,-0.005262,-7364.22,1399551.3
2026-04-03,FW202603200001,fx_pb_1,-0.001241,-371.1,299003.04
2026-04-03,FW202603270001,fx_pb_1,-0.001242,-3095.98,2492028.56
2026-04-03,SW202601020001,fx_pb_1,-0.003051,-3516.82,1152661.24
2026-04-03,SW202601020004,bank_2,0.008486,65959.61,7772858.58
2026-04-03,SW202601060001,bank_2,-0.014618,-79526.53,5440294.19
2026-04-03,SW202601080001,bank_4,-0.007885,-8749.35,1109637.7
2026-04-03,SW202602230001,fx_pb_1,-0.008182,-22045.55,2694426.83
2026-04-03,SW202602260001,fx_pb_1,-0.005606,-48131.15,8586244.64
2026-04-03,SW202603240001,fx_pb_1,-0.001289,-6891.74,5347700.5
2026-04-03,SW202603250001,bank_3,-0.000816,-1649.06,2020639.98
2026-04-06,FW202601020002,bank_4,-0.019081,-27752.67,1454477.44
2026-04-06,FW202601050001,bank_2,0.004971,13249.96,2665356.39
2026-04-06,FW202601090001,bank_4,-0.002723,-5738.84,2107158.8
2026-04-06,FW202601230001,bank_3,-0.004513,-11588.66,2567796.42
2026-04-06,FW202601260001,bank_1,-0.004054,-2435.83,600835.82
2026-04-06,FW202601280001,fx_pb_1,-0.003039,-4871.87,1603024.18
2026-04-06,FW202602060001,bank_3,0.00243,2898.87,1192781.92
2026-04-06,FW202602100001,fx_pb_1,0.006791,14724.04,2168195.94
2026-04-06,FW202602180001,bank_3,-0.002381,-3959.95,1663137.99
2026-04-06,FW202602270001,bank_2,-0.011653,-9292.55,797431.69
2026-04-06,FW202603190001,fx_pb_1,-0.005505,-7704.93,1399551.3
2026-04-06,FW202603200001,fx_pb_1,-0.001017,-303.97,299003.04
2026-04-06,FW202603270001,fx_pb_1,-0.001205,-3003.67,2492028.56
2026-04-06,SP202604060001,bank_4,-0.000413,-278.11,672915.05
2026-04-06,SW202601020001,fx_pb_1,-0.002283,-2632.09,1152661.24
2026-04-06,SW202601020004,bank_2,0.008749,68001.23,7772858.58
2026-04-06,SW202601060001,bank_2,-0.014881,-80956.21,5440294.19
2026-04-06,SW202601080001,bank_4,-0.007848,-8708.14,1109637.7
2026-04-06,SW202602230001,fx_pb_1,-0.009471,-25519.17,2694426.83
2026-04-06,SW202602260001,fx_pb_1,-0.006617,-56818.87,8586244.64
2026-04-06,SW202603240001,fx_pb_1,-0.00277,-14812.54,5347700.5
2026-04-06,SW202603250001,bank_3,-0.000867,-1751.92,2020639.98
2026-04-07,FW202601020002,bank_4,-0.02105,-30616.05,1454477.44
2026-04-07,FW202601050001,bank_2,0.004129,11003.99,2665356.39
2026-04-07,FW202601090001,bank_4,-0.002589,-5455.83,2107158.8
2026-04-07,FW202601230001,bank_3,-0.002717,-6977.53,2567796.42
2026-04-07,FW202601260001,bank_1,-0.00379,-2276.89,600835.82
2026-04-07,FW202601280001,fx_pb_1,-0.002497,-4002.2,1603024.18
2026-04-07,FW202602060001,bank_3,0.002752,3282.3,1192781.92
2026-04-07,FW202602100001,fx_pb_1,0.006774,14686.57,2168195.94
2026-04-07,FW202602180001,bank_3,-0.002412,-4010.74,1663137.99
2026-04-07,FW202602270001,bank_2,-0.00928,-7399.88,797431.69
2026-04-07,FW202603190001,fx_pb_1,-0.006406,-8965.18,1399551.3
2026-04-07,FW202603200001,fx_pb_1,-0.001739,-520.01,299003.04
2026-04-07,FW202603270001,fx_pb_1,-0.001784,-4446.09,2492028.56
2026-04-07,SP202604060001,bank_4,-0.00054,-363.3,672915.05
2026-04-07,SP202604070001,fx_pb_1,0.00082,2255.24,2750009.88
2026-04-07,SW202601020001,fx_pb_1,-0.001114,-1284.1,1152661.24
2026-04-07,SW202601020004,bank_2,0.008818,68542.0,7772858.58
2026-04-07,SW202601060001,bank_2,-0.01486,-80841.73,5440294.19
2026-04-07,SW202601080001,bank_4,-0.00854,-9476.18,1109637.7
2026-04-07,SW202602230001,fx_pb_1,-0.00775,-20881.04,2694426.83
2026-04-07,SW202602260001,fx_pb_1,-0.006069,-52113.64,8586244.64
2026-04-07,SW202603240001,fx_pb_1,-0.001447,-7736.35,5347700.5
2026-04-07,SW202603250001,bank_3,-0.00163,-3294.27,2020639.98
2026-04-08,FW202601020002,bank_4,-0.018824,-27379.4,1454477.44
2026-04-08,FW202601050001,bank_2,0.004269,11379.12,2665356.39
2026-04-08,FW202601090001,bank_4,-0.002842,-5988.65,2107158.8
2026-04-08,FW202601230001,bank_3,-0.003208,-8236.49,2567796.42
2026-04-08,FW202601260001,bank_1,-0.003343,-2008.72,600835.82
2026-04-08,FW202601280001,fx_pb_1,0.000216,346.33,1603024.18
2026-04-08,FW202602060001,bank_3,0.001947,2322.3,1192781.92
2026-04-08,FW202602100001,fx_pb_1,0.007503,16268.02,2168195.94
2026-04-08,FW202602180001,bank_3,-0.002585,-4299.31,1663137.99
2026-04-08,FW202602270001,bank_2,-0.011117,-8864.76,797431.69
2026-04-08,FW202603190001,fx_pb_1,-0.006863,-9604.91,1399551.3
2026-04-08,FW202603200001,fx_pb_1,-0.001797,-537.18,299003.04
2026-04-08,FW202603270001,fx_pb_1,-0.001547,-3855.64,2492028.56
2026-04-08,SP202604070001,fx_pb_1,-0.001202,-3304.34,2750009.88
2026-04-08,SP202604080001,bank_2,-1.4e-05,-5.34,389395.9
2026-04-08,SW202601020001,fx_pb_1,-0.002343,-2700.98,1152661.24
2026-04-08,SW202601020004,bank_2,0.009421,73227.47,7772858.58
2026-04-08,SW202601060001,bank_2,-0.01591,-86555.8,5440294.19
2026-04-08,SW202601080001,bank_4,-0.0084,-9321.47,1109637.7
2026-04-08,SW202602230001,fx_pb_1,-0.007031,-18944.65,2694426.83
2026-04-08,SW202602260001,fx_pb_1,-0.006011,-51612.94,8586244.64
2026-04-08,SW202603240001,fx_pb_1,-0.002225,-11897.74,5347700.5
2026-04-08,SW202603250001,bank_3,-0.001944,-3928.57,2020639.98
2026-04-09,FW202601020002,bank_4,-0.019029,-27676.83,1454477.44
2026-04-09,FW202601050001,bank_2,0.003807,10147.06,2665356.39
2026-04-09,FW202601090001,bank_4,-0.003118,-6570.22,2107158.8
2026-04-09,FW202601230001,bank_3,-0.004474,-11488.19,2567796.42
2026-04-09,FW202601260001,bank_1,-0.003223,-1936.24,600835.82
2026-04-09,FW202601280001,fx_pb_1,0.002746,4401.61,1603024.18
2026-04-09,FW202602060001,bank_3,0.004416,5266.8,1192781.92
2026-04-09,FW202602100001,fx_pb_1,0.008174,17723.76,2168195.94
2026-04-09,FW202602180001,bank_3,-0.002305,-3833.35,1663137.99
2026-04-09,FW202602270001,bank_2,-0.011437,-9120.25,797431.69
2026-04-09,FW202603190001,fx_pb_1,-0.006786,-9497.51,1399551.3
2026-04-09,FW202603200001,fx_pb_1,-0.001308,-391.14,299003.04
2026-04-09,FW202603270001,fx_pb_1,-0.000725,-1807.44,2492028.56
2026-04-09,SP202604080001,bank_2,0.000277,107.86,389395.9
2026-04-09,SW202601020001,fx_pb_1,-0.001515,-1746.31,1152661.24
2026-04-09,SW202601020004,bank_2,0.009969,77484.88,7772858.58
2026-04-09,SW202601060001,bank_2,-0.015794,-85923.85,5440294.19
2026-04-09,SW202602230001,fx_pb_1,-0.008102,-21830.16,2694426.83
2026-04-09,SW202602260001,fx_pb_1,-0.007314,-62802.43,8586244.64
2026-04-09,SW202603240001,fx_pb_1,-0.002637,-14101.97,5347700.5
2026-04-09,SW202603250001,bank_3,-0.000419,-846.13,2020639.98
2026-04-10,FW202601020002,bank_4,-0.017122,-24903.13,1454477.44
2026-04-10,FW202601050001,bank_2,0.00475,12659.81,2665356.39
2026-04-10,FW202601090001,bank_4,-0.004339,-9141.94,2107158.8
2026-04-10,FW202601230001,bank_3,-0.005782,-14847.92,2567796.42
2026-04-10,FW202601260001,bank_1,-0.002376,-1427.47,600835.82
2026-04-10,FW202601280001,fx_pb_1,0.004224,6771.26,1603024.18
2026-04-10,FW202602060001,bank_3,0.003938,4697.48,1192781.92
2026-04-10,FW202602100001,fx_pb_1,0.006953,15075.16,2168195.94
2026-04-10,FW202602180001,bank_3,-0.001397,-2322.96,1663137.99
2026-04-10,FW202602270001,bank_2,-0.011972,-9547.03,797431.69
2026-04-10,FW202603190001,fx_pb_1,-0.007064,-9886.25,1399551.3
2026-04-10,FW202603200001,fx_pb_1,-0.000489,-146.1,299003.04
2026-04-10,FW202603270001,fx_pb_1,0.000877,2184.84,2492028.56
2026-04-10,SW202601020001,fx_pb_1,-0.001289,-1485.5,1152661.24
2026-04-10,SW202601020004,bank_2,0.009804,76205.51,7772858.58
2026-04-10,SW202601060001,bank_2,-0.015794,-85925.97,5440294.19
2026-04-10,SW202602230001,fx_pb_1,-0.007262,-19566.86,2694426.83
2026-04-10,SW202602260001,fx_pb_1,-0.006284,-53956.51,8586244.64
2026-04-10,SW202603240001,fx_pb_1,-0.003822,-20440.0,5347700.5
2026-04-10,SW202603250001,bank_3,0.00068,1374.13,2020639.98
2026-04-13,FW202601020002,bank_4,-0.01608,-23387.54,1454477.44
2026-04-13,FW202601050001,bank_2,0.005429,14471.05,2665356.39
2026-04-13,FW202601090001,bank_4,-0.004492,-9464.37,2107158.8
2026-04-13,FW202601230001,bank_3,-0.006582,-16902.25,2567796.42
2026-04-13,FW202601260001,bank_1,-0.002162,-1299.0,600835.82
2026-04-13,FW202601280001,fx_pb_1,0.003527,5653.6,1603024.18
2026-04-13,FW202602060001,bank_3,0.002929,3493.81,1192781.92
2026-04-13,FW202602100001,fx_pb_1,0.007773,16854.06,2168195.94
2026-04-13,FW202602180001,bank_3,-0.000716,-1190.13,1663137.99
2026-04-13,FW202602270001,bank_2,-0.009781,-7799.75,797431.69
2026-04-13,FW202603190001,fx_pb_1,-0.005987,-8378.71,1399551.3
2026-04-13,FW202603200001,fx_pb_1,0.000793,237.16,299003.04
2026-04-13,FW202603270001,fx_pb_1,0.001772,4416.26,2492028.56
2026-04-13,SP202604130001,fx_pb_1,0.001478,4972.95,3363733.07
2026-04-13,SW202601020001,fx_pb_1,0.000292,336.28,1152661.24
2026-04-13,SW202601020004,bank_2,0.007604,59101.53,7772858.58
2026-04-13,SW202601060001,bank_2,-0.016986,-92411.53,5440294.19
2026-04-13,SW202602230001,fx_pb_1,-0.006018,-16213.88,2694426.83
2026-04-13,SW202602260001,fx_pb_1,-0.006036,-51829.03,8586244.64
2026-04-13,SW202603240001,fx_pb_1,-0.006088,-32557.62,5347700.5
2026-04-13,SW202603250001,bank_3,0.000259,523.45,2020639.98
2026-04-14,FW202601020002,bank_4,-0.013339,-19401.79,1454477.44
2026-04-14,FW202601050001,bank_2,0.004483,11949.89,2665356.39
2026-04-14,FW202601090001,bank_4,-0.004271,-8999.5,2107158.8
2026-04-14,FW202601230001,bank_3,-0.006219,-15968.16,2567796.42
2026-04-14,FW202601260001,bank_1,-0.001343,-806.68,600835.82
2026-04-14,FW202601280001,fx_pb_1,0.000845,1354.9,1603024.18
2026-04-14,FW202602060001,bank_3,0.001706,2034.9,1192781.92
2026-04-14,FW202602100001,fx_pb_1,0.008493,18414.33,2168195.94
2026-04-14,FW202602180001,bank_3,-0.00031,-514.86,1663137.99
2026-04-14,FW202602270001,bank_2,-0.008735,-6965.88,797431.69
2026-04-14,FW202603190001,fx_pb_1,-0.006986,-9776.74,1399551.3
2026-04-14,FW202603200001,fx_pb_1,0.001464,437.88,299003.04
2026-04-14,FW202603270001,fx_pb_1,0.003321,8276.51,2492028.56
2026-04-14,SP202604130001,fx_pb_1,0.001856,6241.58,3363733.07
2026-04-14,SP202604140001,fx_pb_1,0.000315,3100.28,9856994.76
2026-04-14,SW202601020001,fx_pb_1,-0.001276,-1470.63,1152661.24
2026-04-14,SW202601020004,bank_2,0.007072,54966.9,7772858.58
2026-04-14,SW202601060001,bank_2,-0.017686,-96218.57,5440294.19
2026-04-14,SW202602230001,fx_pb_1,-0.004518,-12173.12,2694426.83
2026-04-14,SW202602260001,fx_pb_1,-0.005821,-49977.41,8586244.64
2026-04-14,SW202603240001,fx_pb_1,-0.005502,-29421.53,5347700.5
2026-04-14,SW202603250001,bank_3,0.000339,684.53,2020639.98
2026-04-15,FW202601020002,bank_4,-0.013489,-19620.08,1454477.44
2026-04-15,FW202601050001,bank_2,0.005118,13640.38,2665356.39
2026-04-15,FW202601090001,bank_4,-0.004675,-9851.22,2107158.8
2026-04-15,FW202601230001,bank_3,-0.006166,-15832.3,2567796.42
2026-04-15,FW202601260001,bank_1,-0.000604,-362.75,600835.82
2026-04-15,FW202601280001,fx_pb_1,-0.000968,-1551.29,1603024.18
2026-04-15,FW202602060001,bank_3,0.00429,5116.47,1192781.92
2026-04-15,FW202602100001,fx_pb_1,0.008989,19489.86,2168195.94
2026-04-15,FW202602180001,bank_3,-0.002513,-4179.99,1663137.99
2026-04-15,FW202602270001,bank_2,-0.009652,-7697.2,797431.69
2026-04-15,FW202603190001,fx_pb_1,-0.00695,-9727.0,1399551.3
2026-04-15,FW202603200001,fx_pb_1,0.00102,305.12,299003.04
2026-04-15,FW202603270001,fx_pb_1,0.002912,7255.56,2492028.56
2026-04-15,SP202604140001,fx_pb_1,-3.7e-05,-368.41,9856994.76
2026-04-15,SW202601020001,fx_pb_1,-0.001359,-1567.03,1152661.24
2026-04-15,SW202601020004,bank_2,0.00742,57674.58,7772858.58
2026-04-15,SW202601060001,bank_2,-0.017173,-93424.15,5440294.19
2026-04-15,SW202602230001,fx_pb_1,-0.004991,-13448.07,2694426.83
2026-04-15,SW202602260001,fx_pb_1,-0.006647,-57072.81,8586244.64
2026-04-15,SW202603240001,fx_pb_1,-0.003632,-19420.8,5347700.5
2026-04-15,SW202603250001,bank_3,-0.000264,-532.97,2020639.98
2026-04-16,FW202601020002,bank_4,-0.013459,-19576.51,1454477.44
2026-04-16,FW202601050001,bank_2,0.005227,13930.81,2665356.39
2026-04-16,FW202601090001,bank_4,-0.005332,-11235.05,2107158.8
2026-04-16,FW202601230001,bank_3,-0.005253,-13487.83,2567796.42
2026-04-16,FW202601260001,bank_1,-0.001262,-758.2,600835.82
2026-04-16,FW202601280001,fx_pb_1,-0.001573,-2521.53,1603024.18
2026-04-16,FW202602060001,bank_3,0.004625,5516.8,1192781.92
2026-04-16,FW202602100001,fx_pb_1,0.009015,19545.52,2168195.94
2026-04-16,FW202602180001,bank_3,-0.001847,-3071.05,1663137.99
2026-04-16,FW202602270001,bank_2,-0.010736,-8561.01,797431.69
2026-04-16,FW202603190001,fx_pb_1,-0.007256,-10154.67,1399551.3
2026-04-16,FW202603200001,fx_pb_1,0.000369,110.43,299003.04
2026-04-16,FW202603270001,fx_pb_1,0.003907,9735.3,2492028.56
2026-04-16,SW202601020001,fx_pb_1,-0.001062,-1224.28,1152661.24
2026-04-16,SW202601020004,bank_2,0.006018,46777.61,7772858.58
2026-04-16,SW202601060001,bank_2,-0.017032,-92659.69,5440294.19
2026-04-16,SW202602230001,fx_pb_1,-0.005364,-14453.03,2694426.83
2026-04-16,SW202602260001,fx_pb_1,-0.006463,-55494.78,8586244.64
2026-04-16,SW202603240001,fx_pb_1,-0.003874,-20719.62,5347700.5
2026-04-16,SW202603250001,bank_3,-0.000823,-1662.79,2020639.98
2026-04-17,FW202601020002,bank_4,-0.010817,-15733.13,1454477.44
2026-04-17,FW202601050001,bank_2,0.006302,16796.9,2665356.39
2026-04-17,FW202601090001,bank_4,-0.004994,-10522.65,2107158.8
2026-04-17,FW202601230001,bank_3,-0.006651,-17078.2,2567796.42
2026-04-17,FW202601260001,bank_1,-0.002007,-1205.63,600835.82
2026-04-17,FW202601280001,fx_pb_1,-0.000877,-1405.72,1603024.18
2026-04-17,FW202602060001,bank_3,0.00304,3626.65,1192781.92
2026-04-17,FW202602100001,fx_pb_1,0.009551,20707.61,2168195.94
2026-04-17,FW202602180001,bank_3,-0.001409,-2343.48,1663137.99
2026-04-17,FW202602270001,bank_2,-0.011676,-9310.66,797431.69
2026-04-17,FW202603190001,fx_pb_1,-0.005365,-7508.17,1399551.3
2026-04-17,FW202603200001,fx_pb_1,-0.000547,-163.45,299003.04
2026-04-17,FW202603270001,fx_pb_1,0.002956,7365.82,2492028.56
2026-04-17,SW202601020001,fx_pb_1,-0.000974,-1122.92,1152661.24
2026-04-17,SW202601020004,bank_2,0.005324,41381.43,7772858.58
2026-04-17,SW202601060001,bank_2,-0.016261,-88466.96,5440294.19
2026-04-17,SW202602230001,fx_pb_1,-0.004559,-12283.04,2694426.83
2026-04-17,SW202602260001,fx_pb_1,-0.005303,-45530.25,8586244.64
2026-04-17,SW202603240001,fx_pb_1,-0.001875,-10026.2,5347700.5
2026-04-17,SW202603250001,bank_3,-0.001671,-3376.44,2020639.98
2026-04-20,FW202601020002,bank_4,-0.010398,-15123.25,1454477.44
2026-04-20,FW202601050001,bank_2,0.006965,18565.03,2665356.39
2026-04-20,FW202601090001,bank_4,-0.004719,-9944.34,2107158.8
2026-04-20,FW202601230001,bank_3,-0.005919,-15199.08,2567796.42
2026-04-20,FW202601260001,bank_1,-0.000656,-394.36,600835.82
2026-04-20,FW202601280001,fx_pb_1,-0.000297,-476.79,1603024.18
2026-04-20,FW202602060001,bank_3,0.004226,5040.34,1192781.92
2026-04-20,FW202602100001,fx_pb_1,0.010097,21893.1,2168195.94
2026-04-20,FW202602180001,bank_3,0.000811,1348.33,1663137.99
2026-04-20,FW202602270001,bank_2,-0.014182,-11308.8,797431.69
2026-04-20,FW202603190001,fx_pb_1,-0.004822,-6748.26,1399551.3
2026-04-20,FW202603200001,fx_pb_1,-0.00028,-83.8,299003.04
2026-04-20,FW202603270001,fx_pb_1,0.001853,4616.85,2492028.56
2026-04-20,SP202604200001,bank_3,0.000409,523.41,1279536.82
2026-04-20,SW202601020001,fx_pb_1,-0.001189,-1370.24,1152661.24
2026-04-20,SW202601020004,bank_2,0.004679,36365.43,7772858.58
2026-04-20,SW202601060001,bank_2,-0.016427,-89366.66,5440294.19
2026-04-20,SW202602230001,fx_pb_1,-0.004473,-12051.19,2694426.83
2026-04-20,SW202602260001,fx_pb_1,-0.00443,-38038.92,8586244.64
2026-04-20,SW202603240001,fx_pb_1,-0.002899,-15504.53,5347700.5
2026-04-20,SW202603250001,bank_3,-0.002363,-4775.02,2020639.98
2026-04-21,FW202601020002,bank_4,-0.00875,-12726.71,1454477.44
2026-04-21,FW202601050001,bank_2,0.007714,20560.61,2665356.39
2026-04-21,FW202601090001,bank_4,-0.005072,-10688.46,2107158.8
2026-04-21,FW202601230001,bank_3,-0.007826,-20095.88,2567796.42
2026-04-21,FW202601260001,bank_1,-0.000699,-420.14,600835.82
2026-04-21,FW202601280001,fx_pb_1,0.000703,1126.93,1603024.18
2026-04-21,FW202602060001,bank_3,0.003721,4438.67,1192781.92
2026-04-21,FW202602100001,fx_pb_1,0.010276,22279.97,2168195.94
2026-04-21,FW202602180001,bank_3,-0.001541,-2563.31,1663137.99
2026-04-21,FW202602270001,bank_2,-0.013567,-10818.87,797431.69
2026-04-21,FW202603190001,fx_pb_1,-0.006321,-8846.2,1399551.3
2026-04-21,FW202603200001,fx_pb_1,-0.002951,-882.4,299003.04
2026-04-21,FW202603270001,fx_pb_1,0.002152,5361.78,2492028.56
2026-04-21,FW202604210001,bank_2,-0.000231,-401.62,1735023.62
2026-04-21,SP202604200001,bank_3,0.000512,654.59,1279536.82
2026-04-21,SW202601020001,fx_pb_1,-0.00119,-1372.17,1152661.24
2026-04-21,SW202601020004,bank_2,0.004523,35153.97,7772858.58
2026-04-21,SW202601060001,bank_2,-0.017393,-94623.15,5440294.19
2026-04-21,SW202602230001,fx_pb_1,-0.004587,-12359.25,2694426.83
2026-04-21,SW202602260001,fx_pb_1,-0.004705,-40402.05,8586244.64
2026-04-21,SW202603240001,fx_pb_1,-0.001534,-8203.09,5347700.5
2026-04-21,SW202603250001,bank_3,-0.002599,-5250.7,2020639.98
2026-04-22,FW202601020002,bank_4,-0.005271,-7667.21,1454477.44
2026-04-22,FW202601050001,bank_2,0.006749,17988.39,2665356.39
2026-04-22,FW202601090001,bank_4,-0.006628,-13967.24,2107158.8
2026-04-22,FW202601230001,bank_3,-0.007969,-20464.04,2567796.42
2026-04-22,FW202601260001,bank_1,-0.000631,-379.06,600835.82
2026-04-22,FW202601280001,fx_pb_1,0.00035,561.09,1603024.18
2026-04-22,FW202602060001,bank_3,0.003957,4719.75,1192781.92
2026-04-22,FW202602100001,fx_pb_1,0.009636,20892.47,2168195.94
2026-04-22,FW202602180001,bank_3,-0.002185,-3634.68,1663137.99
2026-04-22,FW202602270001,bank_2,-0.01325,-10566.11,797431.69
2026-04-22,FW202603190001,fx_pb_1,-0.007001,-9798.79,1399551.3
2026-04-22,FW202603200001,fx_pb_1,-0.001949,-582.78,299003.04
2026-04-22,FW202603270001,fx_pb_1,0.002635,6567.05,2492028.56
2026-04-22,FW202604210001,bank_2,-0.000605,-1049.32,1735023.62
2026-04-22,SP202604220001,fx_pb_1,-0.000715,-1138.9,1593752.95
2026-04-22,SW202601020001,fx_pb_1,-0.001683,-1939.38,1152661.24
2026-04-22,SW202601020004,bank_2,0.003525,27396.36,7772858.58
2026-04-22,SW202601060001,bank_2,-0.017497,-95188.1,5440294.19
2026-04-22,SW202602230001,fx_pb_1,-0.004134,-11139.08,2694426.83
2026-04-22,SW202602260001,fx_pb_1,-0.004469,-38369.42,8586244.64
2026-04-22,SW202603240001,fx_pb_1,-0.000562,-3003.08,5347700.5
2026-04-22,SW202603250001,bank_3,-0.002273,-4593.05,2020639.98
2026-04-23,FW202601020002,bank_4,-0.004707,-6846.66,1454477.44
2026-04-23,FW202601050001,bank_2,0.00527,14047.68,2665356.39
2026-04-23,FW202601090001,bank_4,-0.001397,-2943.1,2107158.8
2026-04-23,FW202601230001,bank_3,-0.009002,-23116.16,2567796.42
2026-04-23,FW202601260001,bank_1,-0.002574,-1546.44,600835.82
2026-04-23,FW202601280001,fx_pb_1,-0.000798,-1278.55,1603024.18
2026-04-23,FW202602060001,bank_3,0.005965,7114.82,1192781.92
2026-04-23,FW202602100001,fx_pb_1,0.008503,18437.18,2168195.94
2026-04-23,FW202602180001,bank_3,-0.000771,-1282.33,1663137.99
2026-04-23,FW202602270001,bank_2,-0.011957,-9535.25,797431.69
2026-04-23,FW202603190001,fx_pb_1,-0.007811,-10931.29,1399551.3
2026-04-23,FW202603200001,fx_pb_1,1e-05,3.1,299003.04
2026-04-23,FW202603270001,fx_pb_1,0.003368,8392.9,2492028.56
2026-04-23,FW202604210001,bank_2,-0.000381,-660.93,1735023.62
2026-04-23,SP202604220001,fx_pb_1,-0.001904,-3034.07,1593752.95
2026-04-23,SW202601020001,fx_pb_1,-0.001043,-1201.69,1152661.24
2026-04-23,SW202601020004,bank_2,0.005007,38918.23,7772858.58
2026-04-23,SW202601060001,bank_2,-0.017506,-95239.33,5440294.19
2026-04-23,SW202602230001,fx_pb_1,-0.003809,-10262.02,2694426.83
2026-04-23,SW202602260001,fx_pb_1,-0.00491,-42159.98,8586244.64
2026-04-23,SW202603240001,fx_pb_1,-0.000579,-3094.46,5347700.5
2026-04-23,SW202603250001,bank_3,-0.002056,-4154.41,2020639.98
2026-04-24,FW202601020002,bank_4,-0.0055,-7999.07,1454477.44
2026-04-24,FW202601050001,bank_2,0.005749,15323.83,2665356.39
2026-04-24,FW202601090001,bank_4,-0.002692,-5673.52,2107158.8
2026-04-24,FW202601230001,bank_3,-0.009326,-23947.8,2567796.42
2026-04-24,FW202601260001,bank_1,-0.002024,-1216.23,600835.82
2026-04-24,FW202601280001,fx_pb_1,0.002944,4719.57,1603024.18
2026-04-24,FW202602060001,bank_3,0.008264,9857.7,1192781.92
2026-04-24,FW202602100001,fx_pb_1,0.009344,20260.02,2168195.94
2026-04-24,FW202602180001,bank_3,-0.001104,-1836.1,1663137.99
2026-04-24,FW202602270001,bank_2,-0.011059,-8818.63,797431.69
2026-04-24,FW202603190001,fx_pb_1,-0.005792,-8105.79,1399551.3
2026-04-24,FW202603200001,fx_pb_1,0.001231,367.99,299003.04
2026-04-24,FW202603270001,fx_pb_1,0.003999,9965.99,2492028.56
2026-04-24,FW202604210001,bank_2,0.000982,1703.03,1735023.62
2026-04-24,SW202601020001,fx_pb_1,-0.001855,-2138.43,1152661.24
2026-04-24,SW202601020004,bank_2,0.003476,27022.34,7772858.58
2026-04-24,SW202601060001,bank_2,-0.017845,-97079.64,5440294.19
2026-04-24,SW202602230001,fx_pb_1,-0.004119,-11098.37,2694426.83
2026-04-24,SW202602260001,fx_pb_1,-0.003058,-26257.96,8586244.64
2026-04-24,SW202603240001,fx_pb_1,-0.001609,-8603.71,5347700.5
2026-04-24,SW202603250001,bank_3,-0.002454,-4959.14,2020639.98
2026-04-24,SW202604240001,fx_pb_1,-0.000739,-1495.12,2023827.86
2026-04-27,FW202601020002,bank_4,-0.004645,-6755.71,1454477.44
2026-04-27,FW202601050001,bank_2,0.006242,16638.0,2665356.39
2026-04-27,FW202601090001,bank_4,-0.004039,-8509.97,2107158.8
2026-04-27,FW202601230001,bank_3,-0.009839,-25264.06,2567796.42
2026-04-27,FW202601260001,bank_1,-0.002439,-1465.42,600835.82
2026-04-27,FW202601280001,fx_pb_1,0.002189,3509.06,1603024.18
2026-04-27,FW202602060001,bank_3,0.008678,10350.99,1192781.92
2026-04-27,FW202602100001,fx_pb_1,0.010835,23491.51,2168195.94
2026-04-27,FW202602180001,bank_3,-0.000253,-421.3,1663137.99
2026-04-27,FW202602270001,bank_2,-0.012329,-9831.24,797431.69
2026-04-27,FW202603190001,fx_pb_1,-0.006695,-9370.1,1399551.3
2026-04-27,FW202603200001,fx_pb_1,0.001771,529.6,299003.04
2026-04-27,FW202603270001,fx_pb_1,0.005138,12804.19,2492028.56
2026-04-27,FW202604210001,bank_2,0.000505,875.44,1735023.62
2026-04-27,SW202601020001,fx_pb_1,-0.000911,-1049.69,1152661.24
2026-04-27,SW202601020004,bank_2,0.00341,26505.5,7772858.58
2026-04-27,SW202601060001,bank_2,-0.015613,-84941.98,5440294.19
2026-04-27,SW202602230001,fx_pb_1,-0.003926,-10579.2,2694426.83
2026-04-27,SW202602260001,fx_pb_1,-0.002107,-18087.29,8586244.64
2026-04-27,SW202603240001,fx_pb_1,-0.00074,-3958.44,5347700.5
2026-04-27,SW202603250001,bank_3,-0.003152,-6368.38,2020639.98
2026-04-27,SW202604240001,fx_pb_1,-0.001323,-2677.92,2023827.86
2026-04-28,FW202601020002,bank_4,-0.005637,-8199.62,1454477.44
2026-04-28,FW202601050001,bank_2,0.006618,17638.8,2665356.39
2026-04-28,FW202601090001,bank_4,-0.005915,-12463.29,2107158.8
2026-04-28,FW202601230001,bank_3,-0.009592,-24630.33,2567796.42
2026-04-28,FW202601280001,fx_pb_1,0.003398,5446.31,1603024.18
2026-04-28,FW202602060001,bank_3,0.009206,10980.44,1192781.92
2026-04-28,FW202602100001,fx_pb_1,0.009595,20804.39,2168195.94
2026-04-28,FW202602180001,bank_3,-0.001432,-2382.21,1663137.99
2026-04-28,FW202602270001,bank_2,-0.010805,-8615.96,797431.69
2026-04-28,FW202603190001,fx_pb_1,-0.007646,-10700.79,1399551.3
2026-04-28,FW202603200001,fx_pb_1,0.002965,886.52,299003.04
2026-04-28,FW202603270001,fx_pb_1,0.005059,12607.68,2492028.56
2026-04-28,FW202604210001,bank_2,0.000634,1100.38,1735023.62
2026-04-28,SP202604280001,fx_pb_1,-1.5e-05,-17.77,1168986.44
2026-04-28,SW202601020001,fx_pb_1,-0.000694,-800.05,1152661.24
2026-04-28,SW202601020004,bank_2,0.002618,20352.99,7772858.58
2026-04-28,SW202601060001,bank_2,-0.015452,-84061.88,5440294.19
2026-04-28,SW202602230001,fx_pb_1,-0.004245,-11437.34,2694426.83
2026-04-28,SW202602260001,fx_pb_1,-0.003014,-25878.79,8586244.64
2026-04-28,SW202603240001,fx_pb_1,-0.000735,-3928.15,5347700.5
2026-04-28,SW202603250001,bank_3,-0.003838,-7755.13,2020639.98
2026-04-28,SW202604240001,fx_pb_1,-0.002809,-5685.4,2023827.86
2026-04-29,FW202601020002,bank_4,-0.005705,-8297.86,1454477.44
2026-04-29,FW202601050001,bank_2,0.006413,17094.1,2665356.39
2026-04-29,FW202601090001,bank_4,-0.004645,-9787.77,2107158.8
2026-04-29,FW202601230001,bank_3,-0.01086,-27885.62,2567796.42
2026-04-29,FW202602060001,bank_3,0.010676,12733.69,1192781.92
2026-04-29,FW202602100001,fx_pb_1,0.009328,20225.93,2168195.94
2026-04-29,FW202602180001,bank_3,-0.001991,-3310.92,1663137.99
2026-04-29,FW202602270001,bank_2,-0.012682,-10113.05,797431.69
2026-04-29,FW202603190001,fx_pb_1,-0.007018,-9822.45,1399551.3
2026-04-29,FW202603200001,fx_pb_1,0.003777,1129.36,299003.04
2026-04-29,FW202603270001,fx_pb_1,0.004658,11607.6,2492028.56
2026-04-29,FW202604210001,bank_2,0.001049,1820.85,1735023.62
2026-04-29,SP202604280001,fx_pb_1,0.000956,1117.0,1168986.44
2026-04-29,SP202604290001,fx_pb_1,-0.002419,-17310.76,7155774.03
2026-04-29,SW202601020001,fx_pb_1,-0.001856,-2139.06,1152661.24
2026-04-29,SW202601020004,bank_2,0.003019,23462.94,7772858.58
2026-04-29,SW202601060001,bank_2,-0.015427,-83930.1,5440294.19
2026-04-29,SW202602230001,fx_pb_1,-0.005757,-15510.66,2694426.83
2026-04-29,SW202602260001,fx_pb_1,-0.002599,-22315.78,8586244.64
2026-04-29,SW202603240001,fx_pb_1,-0.001322,-7071.57,5347700.5
2026-04-29,SW202603250001,bank_3,-0.003169,-6403.37,2020639.98
2026-04-29,SW202604240001,fx_pb_1,-0.002379,-4814.67,2023827.86
2026-04-30,FW202601020002,bank_4,-0.005675,-8253.98,1454477.44
2026-04-30,FW202601050001,bank_2,0.008881,23670.06,2665356.39
2026-04-30,FW202601090001,bank_4,-0.005112,-10771.98,2107158.8
2026-04-30,FW202601230001,bank_3,-0.011015,-28285.16,2567796.42
2026-04-30,FW202602060001,bank_3,0.011388,13583.02,1192781.92
2026-04-30,FW202602100001,fx_pb_1,0.010122,21946.1,2168195.94
2026-04-30,FW202602180001,bank_3,-0.001721,-2862.3,1663137.99
2026-04-30,FW202602270001,bank_2,-0.011833,-9435.97,797431.69
2026-04-30,FW202603190001,fx_pb_1,-0.004798,-6714.64,1399551.3
2026-04-30,FW202603200001,fx_pb_1,0.002503,748.55,299003.04
2026-04-30,FW202603270001,fx_pb_1,0.005113,12740.66,2492028.56
2026-04-30,FW202604210001,bank_2,0.000843,1463.26,1735023.62
2026-04-30,SP202604290001,fx_pb_1,-0.004802,-34364.17,7155774.03
2026-04-30,SW202601020001,fx_pb_1,-0.001496,-1723.82,1152661.24
2026-04-30,SW202601020004,bank_2,0.001757,13657.39,7772858.58
2026-04-30,SW202601060001,bank_2,-0.014984,-81515.1,5440294.19
2026-04-30,SW202602230001,fx_pb_1,-0.005566,-14998.15,2694426.83
2026-04-30,SW202602260001,fx_pb_1,-0.003709,-31850.65,8586244.64
2026-04-30,SW202603240001,fx_pb_1,-0.001356,-7250.23,5347700.5
2026-04-30,SW202603250001,bank_3,-0.003619,-7312.1,2020639.98
2026-04-30,SW202604240001,fx_pb_1,-0.001595,-3227.52,2023827.86
2026-04-30,SW202604300001,bank_1,-0.00023,-949.3,4125691.18
2026-05-01,FW202601020002,bank_4,-0.003663,-5328.21,1454477.44
2026-05-01,FW202601050001,bank_2,0.009001,23992.13,2665356.39
2026-05-01,FW202601090001,bank_4,-0.004428,-9330.53,2107158.8
2026-05-01,FW202601230001,bank_3,-0.010793,-27713.78,2567796.42
2026-05-01,FW202602060001,bank_3,0.011757,14023.54,1192781.92
2026-05-01,FW202602100001,fx_pb_1,0.011584,25116.68,2168195.94
2026-05-01,FW202602180001,bank_3,-0.002693,-4479.46,1663137.99
2026-05-01,FW202602270001,bank_2,-0.011569,-9225.73,797431.69
2026-05-01,FW202603190001,fx_pb_1,-0.004164,-5827.81,1399551.3
2026-05-01,FW202603200001,fx_pb_1,0.004357,1302.78,299003.04
2026-05-01,FW202603270001,fx_pb_1,0.005834,14538.1,2492028.56
2026-05-01,FW202604210001,bank_2,0.000811,1407.93,1735023.62
2026-05-01,FW202605010001,fx_pb_1,0.000494,954.6,1931970.31
2026-05-01,SW202601020001,fx_pb_1,-0.001405,-1619.56,1152661.24
2026-05-01,SW202601020004,bank_2,0.002964,23039.94,7772858.58
2026-05-01,SW202601060001,bank_2,-0.016464,-89571.54,5440294.19
2026-05-01,SW202602230001,fx_pb_1,-0.004772,-12857.23,2694426.83
2026-05-01,SW202602260001,fx_pb_1,-0.003081,-26451.19,8586244.64
2026-05-01,SW202603240001,fx_pb_1,-0.000436,-2331.73,5347700.5
2026-05-01,SW202603250001,bank_3,-0.003442,-6954.22,2020639.98
2026-05-01,SW202604240001,fx_pb_1,-0.002136,-4322.97,2023827.86
2026-05-01,SW202604300001,bank_1,0.000449,1853.92,4125691.18
2026-05-04,FW202601020002,bank_4,-0.001628,-2368.37,1454477.44
2026-05-04,FW202601050001,bank_2,0.008178,21798.28,2665356.39
2026-05-04,FW202601090001,bank_4,-0.002446,-5154.21,2107158.8
2026-05-04,FW202601230001,bank_3,-0.011625,-29851.78,2567796.42
2026-05-04,FW202602060001,bank_3,0.011467,13678.1,1192781.92
2026-05-04,FW202602100001,fx_pb_1,0.01094,23720.32,2168195.94
2026-05-04,FW202602180001,bank_3,8.1e-05,134.56,1663137.99
2026-05-04,FW202602270001,bank_2,-0.013685,-10912.69,797431.69
2026-05-04,FW202603190001,fx_pb_1,-0.004201,-5879.19,1399551.3
2026-05-04,FW202603200001,fx_pb_1,0.006056,1810.77,299003.04
2026-05-04,FW202603270001,fx_pb_1,0.005916,14742.39,2492028.56
2026-05-04,FW202604210001,bank_2,0.000742,1286.98,1735023.62
2026-05-04,FW202605010001,fx_pb_1,0.000443,855.62,1931970.31
2026-05-04,FW202605040001,fx_pb_1,-0.000569,-948.9,1667275.52
2026-05-04,SW202601020001,fx_pb_1,-0.001981,-2283.03,1152661.24
2026-05-04,SW202601020004,bank_2,0.002526,19635.53,7772858.58
2026-05-04,SW202601060001,bank_2,-0.01604,-87261.4,5440294.19
2026-05-04,SW202602230001,fx_pb_1,-0.003689,-9939.67,2694426.83
2026-05-04,SW202602260001,fx_pb_1,-0.002473,-21233.16,8586244.64
2026-05-04,SW202603240001,fx_pb_1,-0.002215,-11844.08,5347700.5
2026-05-04,SW202603250001,bank_3,-0.004271,-8630.35,2020639.98
2026-05-04,SW202604240001,fx_pb_1,-0.002401,-4859.81,2023827.86
2026-05-04,SW202604300001,bank_1,0.00102,4209.27,4125691.18
2026-05-05,FW202601020002,bank_4,-0.001929,-2805.96,1454477.44
2026-05-05,FW202601050001,bank_2,0.009377,24992.41,2665356.39
2026-05-05,FW202601090001,bank_4,-0.00309,-6511.42,2107158.8
2026-05-05,FW202601230001,bank_3,-0.011078,-28446.91,2567796.42
2026-05-05,FW202602060001,bank_3,0.012264,14628.82,1192781.92
2026-05-05,FW202602100001,fx_pb_1,0.011789,25560.2,2168195.94
2026-05-05,FW202602180001,bank_3,-0.000311,-516.41,1663137.99
2026-05-05,FW202602270001,bank_2,-0.013191,-10518.86,797431.69
2026-05-05,FW202603190001,fx_pb_1,-0.003304,-4624.77,1399551.3
2026-05-05,FW202603200001,fx_pb_1,0.004245,1269.26,299003.04
2026-05-05,FW202603270001,fx_pb_1,0.005891,14680.69,2492028.56
2026-05-05,FW202604210001,bank_2,0.000824,1430.24,1735023.62
2026-05-05,FW202605010001,fx_pb_1,0.000528,1019.23,1931970.31
2026-05-05,FW202605040001,fx_pb_1,-0.001622,-2703.62,1667275.52
2026-05-05,SW202601020001,fx_pb_1,-0.000938,-1081.31,1152661.24
2026-05-05,SW202601020004,bank_2,0.004295,33386.21,7772858.58
2026-05-05,SW202601060001,bank_2,-0.019295,-104972.31,5440294.19
2026-05-05,SW202602230001,fx_pb_1,-0.003515,-9472.25,2694426.83
2026-05-05,SW202602260001,fx_pb_1,-0.001806,-15505.72,8586244.64
2026-05-05,SW202603240001,fx_pb_1,8.5e-05,452.41,5347700.5
2026-05-05,SW202603250001,bank_3,-0.005028,-10159.95,2020639.98
2026-05-05,SW202604240001,fx_pb_1,-0.003615,-7315.76,2023827.86
2026-05-05,SW202604300001,bank_1,0.001795,7404.91,4125691.18
2026-05-05,SW202605050001,fx_pb_1,0.000379,539.09,1423057.53
2026-05-06,FW202601020002,bank_4,-0.003116,-4532.59,1454477.44
2026-05-06,FW202601090001,bank_4,-0.005155,-10861.81,2107158.8
2026-05-06,FW202601230001,bank_3,-0.010075,-25869.89,2567796.42
2026-05-06,FW202602060001,bank_3,0.010676,12734.69,1192781.92
2026-05-06,FW202602100001,fx_pb_1,0.011149,24173.38,2168195.94
2026-05-06,FW202602180001,bank_3,0.000502,834.27,1663137.99
2026-05-06,FW202602270001,bank_2,-0.013037,-10396.14,797431.69
2026-05-06,FW202603190001,fx_pb_1,-0.003105,-4345.18,1399551.3
2026-05-06,FW202603200001,fx_pb_1,0.003465,1036.0,299003.04
2026-05-06,FW202603270001,fx_pb_1,0.006171,15378.19,2492028.56
2026-05-06,FW202604210001,bank_2,-0.000516,-895.0,1735023.62
2026-05-06,FW202605010001,fx_pb_1,-7e-05,-135.3,1931970.31
2026-05-06,FW202605040001,fx_pb_1,-0.000984,-1640.72,1667275.52
2026-05-06,FW202605060001,fx_pb_1,0.000709,1493.65,2105986.13
2026-05-06,SW202601020001,fx_pb_1,-0.000964,-1111.73,1152661.24
2026-05-06,SW202601020004,bank_2,0.004,31088.51,7772858.58
2026-05-06,SW202601060001,bank_2,-0.01942,-105650.48,5440294.19
2026-05-06,SW202602230001,fx_pb_1,-0.003727,-10041.29,2694426.83
2026-05-06,SW202602260001,fx_pb_1,-0.002646,-22722.82,8586244.64
2026-05-06,SW202603240001,fx_pb_1,-0.00069,-3690.66,5347700.5
2026-05-06,SW202603250001,bank_3,-0.006045,-12214.07,2020639.98
2026-05-06,SW202604240001,fx_pb_1,-0.002794,-5655.2,2023827.86
2026-05-06,SW202604300001,bank_1,0.002658,10967.67,4125691.18
2026-05-06,SW202605050001,fx_pb_1,-9.1e-05,-129.18,1423057.53
2026-05-07,FW202601020002,bank_4,-0.005856,-8517.21,1454477.44
2026-05-07,FW202601090001,bank_4,-0.002184,-4601.94,2107158.8
2026-05-07,FW202601230001,bank_3,-0.008347,-21433.4,2567796.42
2026-05-07,FW202602100001,fx_pb_1,0.011293,24486.43,2168195.94
2026-05-07,FW202602180001,bank_3,0.001335,2220.92,1663137.99
2026-05-07,FW202602270001,bank_2,-0.011424,-9110.17,797431.69
2026-05-07,FW202603190001,fx_pb_1,-0.004451,-6228.99,1399551.3
2026-05-07,FW202603200001,fx_pb_1,0.003301,986.96,299003.04
2026-05-07,FW202603270001,fx_pb_1,0.0057,14205.69,2492028.56
2026-05-07,FW202604210001,bank_2,-8.3e-05,-144.29,1735023.62
2026-05-07,FW202605010001,fx_pb_1,-0.000643,-1241.69,1931970.31
2026-05-07,FW202605040001,fx_pb_1,-0.001325,-2209.46,1667275.52
2026-05-07,FW202605060001,fx_pb_1,-0.001006,-2119.15,2105986.13
2026-05-07,SW202601020001,fx_pb_1,-0.001049,-1209.06,1152661.24
2026-05-07,SW202601020004,bank_2,0.002887,22442.68,7772858.58
2026-05-07,SW202601060001,bank_2,-0.01852,-100755.76,5440294.19
2026-05-07,SW202602230001,fx_pb_1,-0.004147,-11173.58,2694426.83
2026-05-07,SW202602260001,fx_pb_1,-0.002326,-19972.78,8586244.64
2026-05-07,SW202603240001,fx_pb_1,0.000454,2427.83,5347700.5
2026-05-07,SW202603250001,bank_3,-0.00695,-14043.43,2020639.98
2026-05-07,SW202604240001,fx_pb_1,-0.002336,-4727.38,2023827.86
2026-05-07,SW202604300001,bank_1,0.002495,10295.14,4125691.18
2026-05-07,SW202605050001,fx_pb_1,0.000604,859.23,1423057.53
2026-05-07,SW202605070001,bank_1,4.4e-05,124.07,2847387.13
2026-05-08,FW202601020002,bank_4,-0.004472,-6504.34,1454477.44
2026-05-08,FW202601090001,bank_4,-0.003234,-6814.33,2107158.8
2026-05-08,FW202601230001,bank_3,-0.009643,-24762.01,2567796.42
2026-05-08,FW202602100001,fx_pb_1,0.011511,24958.57,2168195.94
2026-05-08,FW202602180001,bank_3,0.001763,2932.03,1663137.99
2026-05-08,FW202602270001,bank_2,-0.011573,-9228.95,797431.69
2026-05-08,FW202603190001,fx_pb_1,-0.004832,-6763.0,1399551.3
2026-05-08,FW202603200001,fx_pb_1,0.004132,1235.56,299003.04
2026-05-08,FW202603270001,fx_pb_1,0.006176,15391.03,2492028.56
2026-05-08,FW202604210001,bank_2,0.000403,699.81,1735023.62
2026-05-08,FW202605010001,fx_pb_1,-0.000861,-1663.05,1931970.31
2026-05-08,FW202605040001,fx_pb_1,-0.00133,-2218.11,1667275.52
2026-05-08,FW202605060001,fx_pb_1,-0.000276,-581.78,2105986.13
2026-05-08,SW202601020001,fx_pb_1,-0.001378,-1588.87,1152661.24
2026-05-08,SW202601020004,bank_2,0.002962,23023.76,7772858.58
2026-05-08,SW202601060001,bank_2,-0.018155,-98766.69,5440294.19
2026-05-08,SW202602230001,fx_pb_1,-0.006604,-17794.29,2694426.83
2026-05-08,SW202602260001,fx_pb_1,-0.002746,-23578.84,8586244.64
2026-05-08,SW202603240001,fx_pb_1,-0.001487,-7950.59,5347700.5
2026-05-08,SW202603250001,bank_3,-0.007926,-16014.91,2020639.98
2026-05-08,SW202604240001,fx_pb_1,-0.002251,-4556.14,2023827.86
2026-05-08,SW202604300001,bank_1,0.003693,15237.38,4125691.18
2026-05-08,SW202605050001,fx_pb_1,0.000449,639.58,1423057.53
2026-05-08,SW202605070001,bank_1,-0.000511,-1456.24,2847387.13
2026-05-11,FW202601020002,bank_4,-0.005409,-7867.97,1454477.44
2026-05-11,FW202601090001,bank_4,-0.001603,-3376.89,2107158.8
2026-05-11,FW202601230001,bank_3,-0.010412,-26735.63,2567796.42
2026-05-11,FW202602100001,fx_pb_1,0.01204,26105.26,2168195.94
2026-05-11,FW202602180001,bank_3,0.001917,3188.71,1663137.99
2026-05-11,FW202602270001,bank_2,-0.01052,-8388.92,797431.69
2026-05-11,FW202603190001,fx_pb_1,-0.003398,-4756.36,1399551.3
2026-05-11,FW202603200001,fx_pb_1,0.006917,2068.25,299003.04
2026-05-11,FW202603270001,fx_pb_1,0.005289,13181.11,2492028.56
2026-05-11,FW202604210001,bank_2,0.000268,465.28,1735023.62
2026-05-11,FW202605010001,fx_pb_1,-0.000811,-1566.58,1931970.31
2026-05-11,FW202605040001,fx_pb_1,-0.001923,-3205.82,1667275.52
2026-05-11,FW202605060001,fx_pb_1,0.000768,1616.71,2105986.13
2026-05-11,FW202605110001,bank_4,-0.00054,-866.28,1603854.78
2026-05-11,SW202601020001,fx_pb_1,-0.001709,-1969.47,1152661.24
2026-05-11,SW202601020004,bank_2,0.00223,17333.78,7772858.58
2026-05-11,SW202601060001,bank_2,-0.01928,-104890.68,5440294.19
2026-05-11,SW202602230001,fx_pb_1,-0.00486,-13096.23,2694426.83
2026-05-11,SW202602260001,fx_pb_1,-0.00237,-20347.07,8586244.64
2026-05-11,SW202603240001,fx_pb_1,-0.002101,-11233.02,5347700.5
2026-05-11,SW202603250001,bank_3,-0.008273,-16716.91,2020639.98
2026-05-11,SW202604240001,fx_pb_1,-0.001289,-2608.44,2023827.86
2026-05-11,SW202604300001,bank_1,0.003192,13169.6,4125691.18
2026-05-11,SW202605050001,fx_pb_1,0.000552,785.63,1423057.53
2026-05-11,SW202605070001,bank_1,-0.00057,-1622.55,2847387.13
2026-05-12,FW202601020002,bank_4,-0.003247,-4722.17,1454477.44
2026-05-12,FW202601090001,bank_4,-0.000578,-1218.32,2107158.8
2026-05-12,FW202601230001,bank_3,-0.011009,-28268.62,2567796.42
2026-05-12,FW202602180001,bank_3,0.002112,3512.83,1663137.99
2026-05-12,FW202602270001,bank_2,-0.007404,-5903.93,797431.69
2026-05-12,FW202603190001,fx_pb_1,-0.003368,-4714.32,1399551.3
2026-05-12,FW202603200001,fx_pb_1,0.00458,1369.38,299003.04
2026-05-12,FW202603270001,fx_pb_1,0.005129,12780.9,2492028.56
2026-05-12,FW202604210001,bank_2,0.000302,523.23,1735023.62
2026-05-12,FW202605010001,fx_pb_1,-0.000989,-1910.11,1931970.31
2026-05-12,FW202605040001,fx_pb_1,-0.002544,-4241.31,1667275.52
2026-05-12,FW202605060001,fx_pb_1,0.000699,1471.77,2105986.13
2026-05-12,FW202605110001,bank_4,-0.002256,-3618.47,1603854.78
2026-05-12,SP202605120001,bank_2,0.000224,2047.19,9154400.17
2026-05-12,SW202601020001,fx_pb_1,-0.001076,-1240.78,1152661.24
2026-05-12,SW202601020004,bank_2,0.001944,15113.71,7772858.58
2026-05-12,SW202601060001,bank_2,-0.01818,-98902.91,5440294.19
2026-05-12,SW202602230001,fx_pb_1,-0.006816,-18365.56,2694426.83
2026-05-12,SW202602260001,fx_pb_1,-0.002384,-20468.37,8586244.64
2026-05-12,SW202603240001,fx_pb_1,-0.006244,-33391.76,5347700.5
2026-05-12,SW202603250001,bank_3,-0.008283,-16736.31,2020639.98
2026-05-12,SW202604240001,fx_pb_1,-0.00038,-769.1,2023827.86
2026-05-12,SW202604300001,bank_1,0.00388,16007.21,4125691.18
2026-05-12,SW202605050001,fx_pb_1,0.00063,896.48,1423057.53
2026-05-12,SW202605070001,bank_1,4.3e-05,123.59,2847387.13
2026-05-13,FW202601020002,bank_4,-0.005243,-7625.82,1454477.44
2026-05-13,FW202601090001,bank_4,-0.00155,-3266.8,2107158.8
2026-05-13,FW202601230001,bank_3,-0.010453,-26841.88,2567796.42
2026-05-13,FW202602180001,bank_3,0.00102,1696.89,1663137.99
2026-05-13,FW202602270001,bank_2,-0.007605,-6064.74,797431.69
2026-05-13,FW202603190001,fx_pb_1,-0.003275,-4582.85,1399551.3
2026-05-13,FW202603200001,fx_pb_1,0.003035,907.46,299003.04
2026-05-13,FW202603270001,fx_pb_1,0.00514,12809.09,2492028.56
2026-05-13,FW202604210001,bank_2,0.000274,474.7,1735023.62
2026-05-13,FW202605010001,fx_pb_1,-0.001391,-2688.3,1931970.31
2026-05-13,FW202605040001,fx_pb_1,-0.002247,-3746.56,1667275.52
2026-05-13,FW202605060001,fx_pb_1,0.00059,1241.53,2105986.13
2026-05-13,FW202605110001,bank_4,-0.002272,-3643.45,1603854.78
2026-05-13,SP202605120001,bank_2,-0.000292,-2673.93,9154400.17
2026-05-13,SW202601020001,fx_pb_1,8e-06,9.28,1152661.24
2026-05-13,SW202601020004,bank_2,0.001417,11017.69,7772858.58
2026-05-13,SW202601060001,bank_2,-0.017584,-95663.15,5440294.19
2026-05-13,SW202602230001,fx_pb_1,-0.007173,-19326.25,2694426.83
2026-05-13,SW202602260001,fx_pb_1,-0.003695,-31727.83,8586244.64
2026-05-13,SW202603240001,fx_pb_1,-0.005014,-26813.58,5347700.5
2026-05-13,SW202603250001,bank_3,-0.008124,-16415.75,2020639.98
2026-05-13,SW202604240001,fx_pb_1,-0.001574,-3184.58,2023827.86
2026-05-13,SW202604300001,bank_1,0.003401,14030.52,4125691.18
2026-05-13,SW202605050001,fx_pb_1,0.000227,323.67,1423057.53
2026-05-13,SW202605070001,bank_1,-9.3e-05,-264.06,2847387.13
2026-05-13,SW202605130001,fx_pb_1,0.000915,6640.06,7257797.65
2026-05-14,FW202601020002,bank_4,-0.007616,-11077.41,1454477.44
2026-05-14,FW202601090001,bank_4,-0.005274,-11113.21,2107158.8
2026-05-14,FW202601230001,bank_3,-0.009768,-25081.17,2567796.42
2026-05-14,FW202602180001,bank_3,-0.000337,-561.21,1663137.99
2026-05-14,FW202602270001,bank_2,-0.00777,-6195.96,797431.69
2026-05-14,FW202603190001,fx_pb_1,-0.004341,-6075.48,1399551.3
2026-05-14,FW202603200001,fx_pb_1,0.004949,1479.65,299003.04
2026-05-14,FW202603270001,fx_pb_1,0.0049,12210.17,2492028.56
2026-05-14,FW202604210001,bank_2,0.000953,1653.56,1735023.62
2026-05-14,FW202605010001,fx_pb_1,-0.001592,-3075.69,1931970.31
2026-05-14,FW202605040001,fx_pb_1,-0.002449,-4083.59,1667275.52
2026-05-14,FW202605060001,fx_pb_1,0.002036,4287.83,2105986.13
2026-05-14,FW202605110001,bank_4,-0.004962,-7957.69,1603854.78
2026-05-14,SP202605140001,bank_2,-0.002419,-1987.1,821414.35
2026-05-14,SW202601020001,fx_pb_1,-0.000837,-964.46,1152661.24
2026-05-14,SW202601020004,bank_2,0.002359,18334.52,7772858.58
2026-05-14,SW202601060001,bank_2,-0.017442,-94890.55,5440294.19
2026-05-14,SW202602230001,fx_pb_1,-0.010692,-28809.94,2694426.83
2026-05-14,SW202602260001,fx_pb_1,-0.004428,-38021.34,8586244.64
2026-05-14,SW202603240001,fx_pb_1,-0.0059,-31551.89,5347700.5
2026-05-14,SW202603250001,bank_3,-0.009332,-18857.36,2020639.98
2026-05-14,SW202604240001,fx_pb_1,-0.002883,-5835.48,2023827.86
2026-05-14,SW202604300001,bank_1,0.00372,15346.44,4125691.18
2026-05-14,SW202605050001,fx_pb_1,-0.000671,-954.34,1423057.53
2026-05-14,SW202605070001,bank_1,0.000293,835.08,2847387.13
2026-05-14,SW202605130001,fx_pb_1,-0.001858,-13483.82,7257797.65
2026-05-15,FW202601020002,bank_4,-0.01079,-15694.44,1454477.44
2026-05-15,FW202601090001,bank_4,-0.00527,-11105.22,2107158.8
2026-05-15,FW202601230001,bank_3,-0.010209,-26214.41,2567796.42
2026-05-15,FW202602180001,bank_3,-0.000193,-320.3,1663137.99
2026-05-15,FW202602270001,bank_2,-0.008752,-6979.11,797431.69
2026-05-15,FW202603190001,fx_pb_1,-0.005557,-7777.04,1399551.3
2026-05-15,FW202603200001,fx_pb_1,0.004685,1400.77,299003.04
2026-05-15,FW202603270001,fx_pb_1,0.005225,13019.81,2492028.56
2026-05-15,FW202604210001,bank_2,0.000588,1019.52,1735023.62
2026-05-15,FW202605010001,fx_pb_1,-0.001187,-2293.14,1931970.31
2026-05-15,FW202605040001,fx_pb_1,-0.001839,-3066.44,1667275.52
2026-05-15,FW202605060001,fx_pb_1,0.001679,3534.96,2105986.13
2026-05-15,FW202605110001,bank_4,-0.005632,-9032.17,1603854.78
2026-05-15,SP202605140001,bank_2,-0.001616,-1327.33,821414.35
2026-05-15,SW202601020001,fx_pb_1,4.8e-05,54.81,1152661.24
2026-05-15,SW202601020004,bank_2,0.003333,25907.25,7772858.58
2026-05-15,SW202601060001,bank_2,-0.017213,-93644.01,5440294.19
2026-05-15,SW202602230001,fx_pb_1,-0.009611,-25895.37,2694426.83
2026-05-15,SW202602260001,fx_pb_1,-0.004838,-41541.77,8586244.64
2026-05-15,SW202603240001,fx_pb_1,-0.006245,-33398.44,5347700.5
2026-05-15,SW202603250001,bank_3,-0.008577,-17330.26,2020639.98
2026-05-15,SW202604240001,fx_pb_1,-0.003577,-7239.75,2023827.86
2026-05-15,SW202604300001,bank_1,0.002899,11961.58,4125691.18
2026-05-15,SW202605050001,fx_pb_1,-0.000588,-836.12,1423057.53
2026-05-15,SW202605070001,bank_1,-6.2e-05,-177.1,2847387.13
2026-05-15,SW202605130001,fx_pb_1,-0.001872,-13586.21,7257797.65
2026-05-18,FW202601020002,bank_4,-0.010046,-14610.97,1454477.44
2026-05-18,FW202601090001,bank_4,-0.004263,-8982.03,2107158.8
2026-05-18,FW202601230001,bank_3,-0.010592,-27197.56,2567796.42
2026-05-18,FW202602180001,bank_3,-3.4e-05,-55.78,1663137.99
2026-05-18,FW202602270001,bank_2,-0.00942,-7511.81,797431.69
2026-05-18,FW202603190001,fx_pb_1,-0.006525,-9131.69,1399551.3
2026-05-18,FW202603200001,fx_pb_1,0.002191,655.02,299003.04
2026-05-18,FW202603270001,fx_pb_1,0.006288,15669.07,2492028.56
2026-05-18,FW202604210001,bank_2,0.00183,3174.35,1735023.62
2026-05-18,FW202605010001,fx_pb_1,-0.001237,-2390.74,1931970.31
2026-05-18,FW202605040001,fx_pb_1,-0.002804,-4674.26,1667275.52
2026-05-18,FW202605060001,fx_pb_1,-0.001268,-2669.38,2105986.13
2026-05-18,FW202605110001,bank_4,-0.005833,-9355.19,1603854.78
2026-05-18,SP202605180001,bank_4,-0.000751,-3507.03,4669869.74
2026-05-18,SW202601020001,fx_pb_1,-0.000777,-895.57,1152661.24
2026-05-18,SW202601020004,bank_2,0.003488,27111.04,7772858.58
2026-05-18,SW202601060001,bank_2,-0.018204,-99037.52,5440294.19
2026-05-18,SW202602230001,fx_pb_1,-0.008064,-21729.05,2694426.83
2026-05-18,SW202602260001,fx_pb_1,-0.005528,-47468.69,8586244.64
2026-05-18,SW202603240001,fx_pb_1,-0.005736,-30673.48,5347700.5
2026-05-18,SW202603250001,bank_3,-0.009947,-20099.06,2020639.98
2026-05-18,SW202604240001,fx_pb_1,-0.004947,-10012.32,2023827.86
2026-05-18,SW202604300001,bank_1,0.005028,20744.62,4125691.18
2026-05-18,SW202605050001,fx_pb_1,-0.002233,-3177.09,1423057.53
2026-05-18,SW202605070001,bank_1,3.1e-05,88.45,2847387.13
2026-05-18,SW202605130001,fx_pb_1,-0.000784,-5691.4,7257797.65
2026-05-19,FW202601020002,bank_4,-0.009324,-13561.42,1454477.44
2026-05-19,FW202601090001,bank_4,-0.002213,-4664.04,2107158.8
2026-05-19,FW202601230001,bank_3,-0.009134,-23453.8,2567796.42
2026-05-19,FW202602180001,bank_3,-0.000949,-1578.05,1663137.99
2026-05-19,FW202602270001,bank_2,-0.007727,-6162.11,797431.69
2026-05-19,FW202603190001,fx_pb_1,-0.00553,-7738.98,1399551.3
2026-05-19,FW202603200001,fx_pb_1,0.004773,1427.02,299003.04
2026-05-19,FW202603270001,fx_pb_1,0.005742,14309.5,2492028.56
2026-05-19,FW202604210001,bank_2,0.001399,2427.59,1735023.62
2026-05-19,FW202605010001,fx_pb_1,-0.001382,-2670.67,1931970.31
2026-05-19,FW202605040001,fx_pb_1,-0.004456,-7428.99,1667275.52
2026-05-19,FW202605060001,fx_pb_1,-0.002902,-6111.61,2105986.13
2026-05-19,FW202605110001,bank_4,-0.006459,-10359.41,1603854.78
2026-05-19,SP202605180001,bank_4,-0.001955,-9127.41,4669869.74
2026-05-19,SW202601020001,fx_pb_1,-0.000153,-176.8,1152661.24
2026-05-19,SW202601020004,bank_2,0.007006,54459.75,7772858.58
2026-05-19,SW202601060001,bank_2,-0.01775,-96565.56,5440294.19
2026-05-19,SW202602230001,fx_pb_1,-0.008206,-22109.45,2694426.83
2026-05-19,SW202602260001,fx_pb_1,-0.005745,-49325.18,8586244.64
2026-05-19,SW202603240001,fx_pb_1,-0.006564,-35100.85,5347700.5
2026-05-19,SW202603250001,bank_3,-0.009516,-19228.69,2020639.98
2026-05-19,SW202604240001,fx_pb_1,-0.004008,-8111.9,2023827.86
2026-05-19,SW202604300001,bank_1,0.006864,28318.3,4125691.18
2026-05-19,SW202605050001,fx_pb_1,-0.001423,-2024.31,1423057.53
2026-05-19,SW202605070001,bank_1,8.6e-05,243.81,2847387.13
2026-05-19,SW202605130001,fx_pb_1,-0.001601,-11618.25,7257797.65
2026-05-20,FW202601020002,bank_4,-0.009265,-13475.88,1454477.44
2026-05-20,FW202601090001,bank_4,-0.00232,-4888.3,2107158.8
2026-05-20,FW202601230001,bank_3,-0.010063,-25838.81,2567796.42
2026-05-20,FW202602180001,bank_3,-0.001424,-2368.65,1663137.99
2026-05-20,FW202602270001,bank_2,-0.009163,-7306.52,797431.69
2026-05-20,FW202603190001,fx_pb_1,-0.006419,-8983.6,1399551.3
2026-05-20,FW202603200001,fx_pb_1,0.003429,1025.4,299003.04
2026-05-20,FW202603270001,fx_pb_1,0.004932,12290.64,2492028.56
2026-05-20,FW202604210001,bank_2,0.001468,2546.95,1735023.62
2026-05-20,FW202605010001,fx_pb_1,-0.001652,-3190.85,1931970.31
2026-05-20,FW202605040001,fx_pb_1,-0.004193,-6990.31,1667275.52
2026-05-20,FW202605060001,fx_pb_1,-0.002252,-4742.55,2105986.13
2026-05-20,FW202605110001,bank_4,-0.007387,-11848.14,1603854.78
2026-05-20,SW202601020001,fx_pb_1,0.000443,510.47,1152661.24
2026-05-20,SW202601020004,bank_2,0.005825,45274.19,7772858.58
2026-05-20,SW202601060001,bank_2,-0.017758,-96610.5,5440294.19
2026-05-20,SW202602230001,fx_pb_1,-0.008876,-23915.7,2694426.83
2026-05-20,SW202602260001,fx_pb_1,-0.00776,-66631.97,8586244.64
2026-05-20,SW202603240001,fx_pb_1,-0.006191,-33106.9,5347700.5
2026-05-20,SW202603250001,bank_3,-0.009535,-19266.23,2020639.98
2026-05-20,SW202604240001,fx_pb_1,-0.004499,-9105.68,2023827.86
2026-05-20,SW202604300001,bank_1,0.007519,31020.52,4125691.18
2026-05-20,SW202605050001,fx_pb_1,-0.002064,-2936.78,1423057.53
2026-05-20,SW202605070001,bank_1,-0.000125,-355.55,2847387.13
2026-05-20,SW202605130001,fx_pb_1,-0.000896,-6505.83,7257797.65
2026-05-21,FW202601020002,bank_4,-0.011525,-16763.44,1454477.44
2026-05-21,FW202601090001,bank_4,0.001559,3285.76,2107158.8
2026-05-21,FW202601230001,bank_3,-0.009886,-25385.88,2567796.42
2026-05-21,FW202602180001,bank_3,0.00231,3841.31,1663137.99
2026-05-21,FW202602270001,bank_2,-0.009578,-7637.53,797431.69
2026-05-21,FW202603190001,fx_pb_1,-0.006022,-8428.29,1399551.3
2026-05-21,FW202603200001,fx_pb_1,0.00195,583.17,299003.04
2026-05-21,FW202603270001,fx_pb_1,0.004798,11957.83,2492028.56
2026-05-21,FW202604210001,bank_2,0.001138,1973.88,1735023.62
2026-05-21,FW202605010001,fx_pb_1,-0.001721,-3324.51,1931970.31
2026-05-21,FW202605040001,fx_pb_1,-0.004165,-6943.47,1667275.52
2026-05-21,FW202605060001,fx_pb_1,-0.004442,-9354.24,2105986.13
2026-05-21,FW202605110001,bank_4,-0.008364,-13415.32,1603854.78
2026-05-21,SW202601020001,fx_pb_1,0.000687,792.12,1152661.24
2026-05-21,SW202601020004,bank_2,0.005772,44868.49,7772858.58
2026-05-21,SW202601060001,bank_2,-0.015501,-84330.98,5440294.19
2026-05-21,SW202602230001,fx_pb_1,-0.00851,-22928.41,2694426.83
2026-05-21,SW202602260001,fx_pb_1,-0.007183,-61675.42,8586244.64
2026-05-21,SW202603240001,fx_pb_1,-0.004167,-22282.51,5347700.5
2026-05-21,SW202603250001,bank_3,-0.010976,-22177.91,2020639.98
2026-05-21,SW202604240001,fx_pb_1,-0.004147,-8393.09,2023827.86
2026-05-21,SW202604300001,bank_1,0.008642,35653.09,4125691.18
2026-05-21,SW202605050001,fx_pb_1,-0.002403,-3419.5,1423057.53
2026-05-21,SW202605070001,bank_1,-8.5e-05,-241.44,2847387.13
2026-05-21,SW202605130001,fx_pb_1,-0.000589,-4275.73,7257797.65
2026-05-22,FW202601020002,bank_4,-0.013509,-19649.08,1454477.44
2026-05-22,FW202601090001,bank_4,0.005441,11465.97,2107158.8
2026-05-22,FW202601230001,bank_3,-0.008452,-21702.16,2567796.42
2026-05-22,FW202602180001,bank_3,0.003051,5073.89,1663137.99
2026-05-22,FW202602270001,bank_2,-0.009189,-7327.31,797431.69
2026-05-22,FW202603190001,fx_pb_1,-0.006176,-8644.0,1399551.3
2026-05-22,FW202603200001,fx_pb_1,0.001187,355.04,299003.04
2026-05-22,FW202603270001,fx_pb_1,0.006456,16087.9,2492028.56
2026-05-22,FW202604210001,bank_2,0.001074,1864.15,1735023.62
2026-05-22,FW202605010001,fx_pb_1,-0.001454,-2808.56,1931970.31
2026-05-22,FW202605040001,fx_pb_1,-0.004854,-8092.68,1667275.52
2026-05-22,FW202605060001,fx_pb_1,-0.004248,-8946.13,2105986.13
2026-05-22,FW202605110001,bank_4,-0.00803,-12878.57,1603854.78
2026-05-22,SP202605220001,bank_4,0.000643,6103.04,9494568.01
2026-05-22,SW202601020001,fx_pb_1,0.000662,762.49,1152661.24
2026-05-22,SW202601020004,bank_2,0.006285,48852.24,7772858.58
2026-05-22,SW202601060001,bank_2,-0.018516,-100734.4,5440294.19
2026-05-22,SW202602230001,fx_pb_1,-0.009652,-26005.68,2694426.83
2026-05-22,SW202602260001,fx_pb_1,-0.005899,-50648.25,8586244.64
2026-05-22,SW202603240001,fx_pb_1,-0.004811,-25725.13,5347700.5
2026-05-22,SW202603250001,bank_3,-0.011688,-23617.31,2020639.98
2026-05-22,SW202604240001,fx_pb_1,-0.002198,-4448.03,2023827.86
2026-05-22,SW202604300001,bank_1,0.0092,37955.75,4125691.18
2026-05-22,SW202605050001,fx_pb_1,0.000222,315.98,1423057.53
2026-05-22,SW202605070001,bank_1,2.3e-05,66.25,2847387.13
2026-05-22,SW202605130001,fx_pb_1,-0.00227,-16477.89,7257797.65
2026-05-26,FW202601020002,bank_4,-0.01217,-17701.01,1454477.44
2026-05-26,FW202601090001,bank_4,0.001164,2452.3,2107158.8
2026-05-26,FW202601230001,bank_3,-0.008213,-21090.28,2567796.42
2026-05-26,FW202602180001,bank_3,0.002779,4622.19,1663137.99
2026-05-26,FW202602270001,bank_2,-0.011356,-9055.74,797431.69
2026-05-26,FW202603190001,fx_pb_1,-0.005502,-7700.28,1399551.3
2026-05-26,FW202603200001,fx_pb_1,0.000403,120.55,299003.04
2026-05-26,FW202603270001,fx_pb_1,0.005786,14417.63,2492028.56
2026-05-26,FW202604210001,bank_2,0.000895,1552.74,1735023.62
2026-05-26,FW202605010001,fx_pb_1,-0.001402,-2708.75,1931970.31
2026-05-26,FW202605040001,fx_pb_1,-0.004853,-8090.49,1667275.52
2026-05-26,FW202605060001,fx_pb_1,-0.006107,-12861.18,2105986.13
2026-05-26,FW202605110001,bank_4,-0.005755,-9229.75,1603854.78
2026-05-26,FW202605260001,bank_1,0.000522,1180.2,2260023.69
2026-05-26,SP202605220001,bank_4,0.001339,12713.25,9494568.01
2026-05-26,SW202601020001,fx_pb_1,-0.000505,-582.14,1152661.24
2026-05-26,SW202601020004,bank_2,0.007836,60906.19,7772858.58
2026-05-26,SW202601060001,bank_2,-0.018511,-100703.95,5440294.19
2026-05-26,SW202602230001,fx_pb_1,-0.007774,-20946.45,2694426.83
2026-05-26,SW202602260001,fx_pb_1,-0.005909,-50738.11,8586244.64
2026-05-26,SW202603240001,fx_pb_1,-0.004044,-21623.9,5347700.5
2026-05-26,SW202603250001,bank_3,-0.01129,-22813.29,2020639.98
2026-05-26,SW202604240001,fx_pb_1,-0.001824,-3690.58,2023827.86
2026-05-26,SW202604300001,bank_1,0.010387,42852.61,4125691.18
2026-05-26,SW202605050001,fx_pb_1,0.000393,559.63,1423057.53
2026-05-26,SW202605070001,bank_1,0.000581,1653.15,2847387.13
2026-05-26,SW202605130001,fx_pb_1,-0.000805,-5844.27,7257797.65
2026-05-27,FW202601020002,bank_4,-0.011808,-17174.29,1454477.44
2026-05-27,FW202601090001,bank_4,-0.000885,-1865.28,2107158.8
2026-05-27,FW202601230001,bank_3,-0.008064,-20706.84,2567796.42
2026-05-27,FW202602180001,bank_3,0.002921,4858.2,1663137.99
2026-05-27,FW202602270001,bank_2,-0.009837,-7844.03,797431.69
2026-05-27,FW202603190001,fx_pb_1,-0.006183,-8653.68,1399551.3
2026-05-27,FW202603200001,fx_pb_1,-0.00083,-248.12,299003.04
2026-05-27,FW202603270001,fx_pb_1,0.006183,15408.17,2492028.56
2026-05-27,FW202604210001,bank_2,0.001312,2275.95,1735023.62
2026-05-27,FW202605010001,fx_pb_1,-0.001537,-2968.87,1931970.31
2026-05-27,FW202605040001,fx_pb_1,-0.005575,-9295.69,1667275.52
2026-05-27,FW202605060001,fx_pb_1,-0.005635,-11868.03,2105986.13
2026-05-27,FW202605110001,bank_4,-0.005122,-8215.45,1603854.78
2026-05-27,FW202605260001,bank_1,-0.00205,-4633.29,2260023.69
2026-05-27,FW202605270001,fx_pb_1,-0.000225,-93.77,416607.0
2026-05-27,SW202601020001,fx_pb_1,-0.000782,-901.42,1152661.24
2026-05-27,SW202601020004,bank_2,0.008015,62303.28,7772858.58
2026-05-27,SW202601060001,bank_2,-0.016999,-92477.21,5440294.19
2026-05-27,SW202602230001,fx_pb_1,-0.007572,-20402.62,2694426.83
2026-05-27,SW202602260001,fx_pb_1,-0.006503,-55838.33,8586244.64
2026-05-27,SW202603240001,fx_pb_1,-0.00689,-36845.95,5347700.5
2026-05-27,SW202603250001,bank_3,-0.010607,-21432.25,2020639.98
2026-05-27,SW202604240001,fx_pb_1,-0.001464,-2963.05,2023827.86
2026-05-27,SW202604300001,bank_1,0.009575,39504.1,4125691.18
2026-05-27,SW202605050001,fx_pb_1,0.000763,1085.74,1423057.53
2026-05-27,SW202605070001,bank_1,0.001327,3778.13,2847387.13
2026-05-27,SW202605130001,fx_pb_1,-0.000849,-6159.86,7257797.65
2026-05-28,FW202601020002,bank_4,-0.012253,-17821.73,1454477.44
2026-05-28,FW202601090001,bank_4,-0.002685,-5657.31,2107158.8
2026-05-28,FW202601230001,bank_3,-0.007604,-19526.54,2567796.42
2026-05-28,FW202602180001,bank_3,0.002112,3512.98,1663137.99
2026-05-28,FW202603190001,fx_pb_1,-0.006567,-9191.04,1399551.3
2026-05-28,FW202603200001,fx_pb_1,-0.001604,-479.57,299003.04
2026-05-28,FW202604210001,bank_2,0.001186,2058.41,1735023.62
2026-05-28,FW202605010001,fx_pb_1,-0.001411,-2725.34,1931970.31
2026-05-28,FW202605040001,fx_pb_1,-0.005871,-9788.69,1667275.52
2026-05-28,FW202605060001,fx_pb_1,-0.005964,-12560.21,2105986.13
2026-05-28,FW202605110001,bank_4,-0.004812,-7717.49,1603854.78
2026-05-28,FW202605260001,bank_1,-0.001414,-3195.1,2260023.69
2026-05-28,FW202605270001,fx_pb_1,-0.004432,-1846.35,416607.0
2026-05-28,SW202601020001,fx_pb_1,0.000724,834.68,1152661.24
2026-05-28,SW202601020004,bank_2,0.005496,42717.81,7772858.58
2026-05-28,SW202601060001,bank_2,-0.018452,-100382.73,5440294.19
2026-05-28,SW202602230001,fx_pb_1,-0.00968,-26081.13,2694426.83
2026-05-28,SW202602260001,fx_pb_1,-0.005716,-49077.36,8586244.64
2026-05-28,SW202603240001,fx_pb_1,-0.00682,-36473.47,5347700.5
2026-05-28,SW202603250001,bank_3,-0.010971,-22168.47,2020639.98
2026-05-28,SW202604240001,fx_pb_1,-0.001178,-2384.86,2023827.86
2026-05-28,SW202604300001,bank_1,0.009011,37174.99,4125691.18
2026-05-28,SW202605050001,fx_pb_1,0.000925,1316.84,1423057.53
2026-05-28,SW202605070001,bank_1,0.00134,3814.54,2847387.13
2026-05-28,SW202605130001,fx_pb_1,0.001435,10416.32,7257797.65
2026-05-29,FW202601020002,bank_4,-0.012328,-17930.86,1454477.44
2026-05-29,FW202601090001,bank_4,-0.002799,-5898.68,2107158.8
2026-05-29,FW202601230001,bank_3,-0.008377,-21511.62,2567796.42
2026-05-29,FW202602180001,bank_3,0.002428,4037.55,1663137.99
2026-05-29,FW202603190001,fx_pb_1,-0.005913,-8276.05,1399551.3
2026-05-29,FW202603200001,fx_pb_1,-0.00356,-1064.53,299003.04
2026-05-29,FW202604210001,bank_2,0.001461,2534.14,1735023.62
2026-05-29,FW202605010001,fx_pb_1,-0.002306,-4455.35,1931970.31
2026-05-29,FW202605040001,fx_pb_1,-0.006159,-10267.98,1667275.52
2026-05-29,FW202605060001,fx_pb_1,-0.005136,-10816.28,2105986.13
2026-05-29,FW202605110001,bank_4,-0.006951,-11149.15,1603854.78
2026-05-29,FW202605260001,bank_1,8.4e-05,189.41,2260023.69
2026-05-29,FW202605270001,fx_pb_1,-0.004665,-1943.66,416607.0
2026-05-29,SW202601020001,fx_pb_1,0.001171,1349.96,1152661.24
2026-05-29,SW202601020004,bank_2,0.006239,48496.46,7772858.58
2026-05-29,SW202601060001,bank_2,-0.01977,-107554.7,5440294.19
2026-05-29,SW202602230001,fx_pb_1,-0.009154,-24665.23,2694426.83
2026-05-29,SW202602260001,fx_pb_1,-0.006713,-57635.78,8586244.64
2026-05-29,SW202603240001,fx_pb_1,-0.00564,-30160.93,5347700.5
2026-05-29,SW202603250001,bank_3,-0.011666,-23573.01,2020639.98
2026-05-29,SW202604240001,fx_pb_1,-0.000534,-1080.42,2023827.86
2026-05-29,SW202604300001,bank_1,0.009179,37869.75,4125691.18
2026-05-29,SW202605050001,fx_pb_1,0.002629,3740.8,1423057.53
2026-05-29,SW202605070001,bank_1,0.001273,3624.45,2847387.13
2026-05-29,SW202605130001,fx_pb_1,0.001047,7601.2,7257797.65
2026-06-01,FW202601020002,bank_4,-0.011114,-16165.02,1454477.44
2026-06-01,FW202601090001,bank_4,-0.001233,-2597.12,2107158.8
2026-06-01,FW202601230001,bank_3,-0.008459,-21720.94,2567796.42
2026-06-01,FW202602180001,bank_3,0.002761,4591.8,1663137.99
2026-06-01,FW202603190001,fx_pb_1,-0.006521,-9125.83,1399551.3
2026-06-01,FW202603200001,fx_pb_1,-0.002064,-617.16,299003.04
2026-06-01,FW202604210001,bank_2,0.001006,1745.22,1735023.62
2026-06-01,FW202605010001,fx_pb_1,-0.001734,-3349.07,1931970.31
2026-06-01,FW202605040001,fx_pb_1,-0.007511,-12523.1,1667275.52
2026-06-01,FW202605060001,fx_pb_1,-0.007077,-14903.18,2105986.13
2026-06-01,FW202605110001,bank_4,-0.006956,-11155.75,1603854.78
2026-06-01,FW202605260001,bank_1,0.000624,1410.89,2260023.69
2026-06-01,FW202605270001,fx_pb_1,-0.002678,-1115.71,416607.0
2026-06-01,SW202601020001,fx_pb_1,0.000297,342.06,1152661.24
2026-06-01,SW202601020004,bank_2,0.004911,38172.58,7772858.58
2026-06-01,SW202601060001,bank_2,-0.020657,-112380.23,5440294.19
2026-06-01,SW202602230001,fx_pb_1,-0.010558,-28448.65,2694426.83
2026-06-01,SW202602260001,fx_pb_1,-0.007108,-61027.56,8586244.64
2026-06-01,SW202603240001,fx_pb_1,-0.005772,-30866.32,5347700.5
2026-06-01,SW202603250001,bank_3,-0.011964,-24174.46,2020639.98
2026-06-01,SW202604240001,fx_pb_1,-0.001401,-2836.11,2023827.86
2026-06-01,SW202604300001,bank_1,0.009021,37218.09,4125691.18
2026-06-01,SW202605050001,fx_pb_1,0.003252,4627.45,1423057.53
2026-06-01,SW202605070001,bank_1,0.001388,3953.07,2847387.13
2026-06-01,SW202605130001,fx_pb_1,0.001262,9157.22,7257797.65
2026-06-01,SW202606010001,bank_3,-0.000324,-77.84,239896.34
2026-06-02,FW202601020002,bank_4,-0.013703,-19930.64,1454477.44
2026-06-02,FW202601090001,bank_4,-0.000715,-1506.38,2107158.8
2026-06-02,FW202601230001,bank_3,-0.008082,-20752.19,2567796.42
2026-06-02,FW202602180001,bank_3,0.003317,5516.58,1663137.99
2026-06-02,FW202603190001,fx_pb_1,-0.00632,-8845.15,1399551.3
2026-06-02,FW202603200001,fx_pb_1,-0.002516,-752.36,299003.04
2026-06-02,FW202604210001,bank_2,0.000906,1571.46,1735023.62
2026-06-02,FW202605010001,fx_pb_1,-0.001745,-3370.4,1931970.31
2026-06-02,FW202605040001,fx_pb_1,-0.006911,-11522.78,1667275.52
2026-06-02,FW202605060001,fx_pb_1,-0.006914,-14559.87,2105986.13
2026-06-02,FW202605110001,bank_4,-0.006527,-10468.79,1603854.78
2026-06-02,FW202605260001,bank_1,0.000657,1484.68,2260023.69
2026-06-02,FW202605270001,fx_pb_1,-0.002121,-883.51,416607.0
2026-06-02,SW202601020001,fx_pb_1,-0.000127,-146.29,1152661.24
2026-06-02,SW202601020004,bank_2,0.004472,34763.36,7772858.58
2026-06-02,SW202601060001,bank_2,-0.020247,-110148.26,5440294.19
2026-06-02,SW202602230001,fx_pb_1,-0.009713,-26170.29,2694426.83
2026-06-02,SW202602260001,fx_pb_1,-0.006683,-57381.45,8586244.64
2026-06-02,SW202603240001,fx_pb_1,-0.008468,-45286.85,5347700.5
2026-06-02,SW202603250001,bank_3,-0.011144,-22518.03,2020639.98
2026-06-02,SW202604240001,fx_pb_1,0.000578,1170.28,2023827.86
2026-06-02,SW202604300001,bank_1,0.010249,42282.52,4125691.18
2026-06-02,SW202605050001,fx_pb_1,0.001229,1748.83,1423057.53
2026-06-02,SW202605070001,bank_1,0.001759,5009.19,2847387.13
2026-06-02,SW202605130001,fx_pb_1,0.002258,16388.11,7257797.65
2026-06-02,SW202606010001,bank_3,-0.000655,-157.15,239896.34
2026-06-03,FW202601090001,bank_4,-0.004465,-9408.08,2107158.8
2026-06-03,FW202601230001,bank_3,-0.008091,-20774.79,2567796.42
2026-06-03,FW202602180001,bank_3,0.001724,2867.73,1663137.99
2026-06-03,FW202603190001,fx_pb_1,-0.006126,-8574.11,1399551.3
2026-06-03,FW202603200001,fx_pb_1,-0.000738,-220.71,299003.04
2026-06-03,FW202604210001,bank_2,0.001248,2165.53,1735023.62
2026-06-03,FW202605010001,fx_pb_1,-0.001814,-3505.32,1931970.31
2026-06-03,FW202605040001,fx_pb_1,-0.007055,-11762.42,1667275.52
2026-06-03,FW202605060001,fx_pb_1,-0.003775,-7950.15,2105986.13
2026-06-03,FW202605110001,bank_4,-0.006646,-10658.45,1603854.78
2026-06-03,FW202605260001,bank_1,0.002582,5835.43,2260023.69
2026-06-03,FW202605270001,fx_pb_1,-0.006286,-2618.65,416607.0
2026-06-03,SW202601060001,bank_2,-0.020232,-110066.0,5440294.19
2026-06-03,SW202602230001,fx_pb_1,-0.009582,-25818.06,2694426.83
2026-06-03,SW202602260001,fx_pb_1,-0.006865,-58942.24,8586244.64
2026-06-03,SW202603240001,fx_pb_1,-0.006779,-36253.81,5347700.5
2026-06-03,SW202603250001,bank_3,-0.010594,-21407.27,2020639.98
2026-06-03,SW202604240001,fx_pb_1,-0.000659,-1334.44,2023827.86
2026-06-03,SW202604300001,bank_1,0.00881,36346.23,4125691.18
2026-06-03,SW202605050001,fx_pb_1,0.001641,2335.8,1423057.53
2026-06-03,SW202605070001,bank_1,0.00158,4500.08,2847387.13
2026-06-03,SW202605130001,fx_pb_1,0.00144,10452.62,7257797.65
2026-06-03,SW202606010001,bank_3,0.000406,97.29,239896.34
2026-06-03,SW202606030001,bank_3,-0.001714,-2193.05,1279814.13
2026-06-04,FW202601090001,bank_4,-0.005685,-11979.51,2107158.8
2026-06-04,FW202601230001,bank_3,-0.005443,-13976.35,2567796.42
2026-06-04,FW202602180001,bank_3,0.001926,3202.58,1663137.99
2026-06-04,FW202603190001,fx_pb_1,-0.004551,-6370.06,1399551.3
2026-06-04,FW202603200001,fx_pb_1,-0.00074,-221.29,299003.04
2026-06-04,FW202604210001,bank_2,0.001876,3255.2,1735023.62
2026-06-04,FW202605010001,fx_pb_1,-0.001503,-2904.29,1931970.31
2026-06-04,FW202605040001,fx_pb_1,-0.007146,-11914.95,1667275.52
2026-06-04,FW202605060001,fx_pb_1,-0.003398,-7156.81,2105986.13
2026-06-04,FW202605110001,bank_4,-0.007465,-11972.86,1603854.78
2026-06-04,FW202605260001,bank_1,0.001196,2702.41,2260023.69
2026-06-04,FW202605270001,fx_pb_1,-0.005958,-2482.03,416607.0
2026-06-04,SW202601060001,bank_2,-0.020155,-109651.72,5440294.19
2026-06-04,SW202602230001,fx_pb_1,-0.009999,-26942.33,2694426.83
2026-06-04,SW202602260001,fx_pb_1,-0.007834,-67266.59,8586244.64
2026-06-04,SW202603240001,fx_pb_1,-0.007341,-39256.42,5347700.5
2026-06-04,SW202603250001,bank_3,-0.010805,-21832.38,2020639.98
2026-06-04,SW202604240001,fx_pb_1,-0.001604,-3246.04,2023827.86
2026-06-04,SW202604300001,bank_1,0.010601,43737.01,4125691.18
2026-06-04,SW202605050001,fx_pb_1,0.001823,2594.22,1423057.53
2026-06-04,SW202605070001,bank_1,0.001511,4302.99,2847387.13
2026-06-04,SW202605130001,fx_pb_1,0.001893,13739.27,7257797.65
2026-06-04,SW202606010001,bank_3,-0.000643,-154.21,239896.34
2026-06-04,SW202606030001,bank_3,-0.002732,-3496.44,1279814.13
2026-06-05,FW202601090001,bank_4,-0.005246,-11055.0,2107158.8
2026-06-05,FW202601230001,bank_3,-0.004549,-11681.69,2567796.42
2026-06-05,FW202602180001,bank_3,0.003114,5179.06,1663137.99
2026-06-05,FW202603190001,fx_pb_1,-0.003247,-4544.0,1399551.3
2026-06-05,FW202603200001,fx_pb_1,-0.001367,-408.68,299003.04
2026-06-05,FW202604210001,bank_2,0.002711,4704.13,1735023.62
2026-06-05,FW202605010001,fx_pb_1,-0.001178,-2274.9,1931970.31
2026-06-05,FW202605040001,fx_pb_1,-0.006219,-10368.76,1667275.52
2026-06-05,FW202605060001,fx_pb_1,-0.006533,-13758.12,2105986.13
2026-06-05,FW202605110001,bank_4,-0.008627,-13836.98,1603854.78
2026-06-05,FW202605260001,bank_1,0.000712,1608.43,2260023.69
2026-06-05,FW202605270001,fx_pb_1,-0.005953,-2480.03,416607.0
2026-06-05,SW202601060001,bank_2,-0.018974,-103224.23,5440294.19
2026-06-05,SW202602230001,fx_pb_1,-0.010596,-28550.56,2694426.83
2026-06-05,SW202602260001,fx_pb_1,-0.008161,-70070.99,8586244.64
2026-06-05,SW202603240001,fx_pb_1,-0.005554,-29700.84,5347700.5
2026-06-05,SW202603250001,bank_3,-0.011011,-22249.53,2020639.98
2026-06-05,SW202604240001,fx_pb_1,-0.000581,-1176.17,2023827.86
2026-06-05,SW202604300001,bank_1,0.010679,44059.83,4125691.18
2026-06-05,SW202605050001,fx_pb_1,0.002733,3889.61,1423057.53
2026-06-05,SW202605070001,bank_1,0.00181,5154.83,2847387.13
2026-06-05,SW202605130001,fx_pb_1,0.002295,16659.97,7257797.65
2026-06-05,SW202606010001,bank_3,-0.001329,-318.74,239896.34
2026-06-05,SW202606030001,bank_3,-0.001754,-2244.9,1279814.13
2026-06-08,FW202601090001,bank_4,-0.00548,-11547.4,2107158.8
2026-06-08,FW202601230001,bank_3,-0.002537,-6514.05,2567796.42
2026-06-08,FW202602180001,bank_3,0.002388,3971.6,1663137.99
2026-06-08,FW202603190001,fx_pb_1,-0.002684,-3755.92,1399551.3
2026-06-08,FW202603200001,fx_pb_1,-0.004381,-1309.82,299003.04
2026-06-08,FW202604210001,bank_2,0.003061,5311.68,1735023.62
2026-06-08,FW202605010001,fx_pb_1,-0.001138,-2198.91,1931970.31
2026-06-08,FW202605040001,fx_pb_1,-0.006806,-11347.43,1667275.52
2026-06-08,FW202605060001,fx_pb_1,-0.007643,-16095.27,2105986.13
2026-06-08,FW202605110001,bank_4,-0.009732,-15609.36,1603854.78
2026-06-08,FW202605260001,bank_1,4.1e-05,92.84,2260023.69
2026-06-08,FW202605270001,fx_pb_1,-0.005501,-2291.9,416607.0
2026-06-08,SP202606080001,bank_3,-0.002585,-5866.66,2269258.23
2026-06-08,SW202601060001,bank_2,-0.018832,-102450.94,5440294.19
2026-06-08,SW202602230001,fx_pb_1,-0.009769,-26322.44,2694426.83
2026-06-08,SW202602260001,fx_pb_1,-0.008728,-74937.19,8586244.64
2026-06-08,SW202603240001,fx_pb_1,-0.006646,-35540.93,5347700.5
2026-06-08,SW202603250001,bank_3,-0.011239,-22710.32,2020639.98
2026-06-08,SW202604240001,fx_pb_1,-0.000847,-1714.2,2023827.86
2026-06-08,SW202604300001,bank_1,0.009729,40139.29,4125691.18
2026-06-08,SW202605050001,fx_pb_1,0.001141,1623.46,1423057.53
2026-06-08,SW202605070001,bank_1,0.002446,6963.79,2847387.13
2026-06-08,SW202605130001,fx_pb_1,0.00297,21554.5,7257797.65
2026-06-08,SW202606010001,bank_3,-0.000233,-55.79,239896.34
2026-06-08,SW202606030001,bank_3,-0.002466,-3156.0,1279814.13
2026-06-09,FW202601090001,bank_4,-0.005585,-11768.99,2107158.8
2026-06-09,FW202601230001,bank_3,-0.002989,-7676.09,2567796.42
2026-06-09,FW202602180001,bank_3,0.001416,2355.04,1663137.99
2026-06-09,FW202603190001,fx_pb_1,-0.001395,-1952.52,1399551.3
2026-06-09,FW202603200001,fx_pb_1,-0.004471,-1336.86,299003.04
2026-06-09,FW202604210001,bank_2,0.003535,6133.65,1735023.62
2026-06-09,FW202605010001,fx_pb_1,-0.001751,-3382.75,1931970.31
2026-06-09,FW202605040001,fx_pb_1,-0.007627,-12716.89,1667275.52
2026-06-09,FW202605060001,fx_pb_1,-0.009417,-19832.52,2105986.13
2026-06-09,FW202605110001,bank_4,-0.007821,-12544.41,1603854.78
2026-06-09,FW202605260001,bank_1,-0.001102,-2489.7,2260023.69
2026-06-09,FW202605270001,fx_pb_1,-0.006572,-2737.78,416607.0
2026-06-09,FW202606090001,bank_1,9e-05,196.04,2176612.5
2026-06-09,SP202606080001,bank_3,-0.005953,-13508.99,2269258.23
2026-06-09,SW202601060001,bank_2,-0.018192,-98971.18,5440294.19
2026-06-09,SW202602230001,fx_pb_1,-0.009428,-25404.0,2694426.83
2026-06-09,SW202602260001,fx_pb_1,-0.008687,-74588.03,8586244.64
2026-06-09,SW202603240001,fx_pb_1,-0.007038,-37634.68,5347700.5
2026-06-09,SW202603250001,bank_3,-0.011017,-22260.64,2020639.98
2026-06-09,SW202604240001,fx_pb_1,-0.000985,-1992.49,2023827.86
2026-06-09,SW202604300001,bank_1,0.009141,37713.91,4125691.18
2026-06-09,SW202605050001,fx_pb_1,0.002282,3247.68,1423057.53
2026-06-09,SW202605070001,bank_1,0.002417,6880.74,2847387.13
2026-06-09,SW202605130001,fx_pb_1,0.000667,4838.97,7257797.65
2026-06-09,SW202606010001,bank_3,-0.00024,-57.55,239896.34
2026-06-09,SW202606030001,bank_3,-0.003768,-4822.75,1279814.13
2026-06-10,FW202601230001,bank_3,-0.002399,-6160.23,2567796.42
2026-06-10,FW202602180001,bank_3,0.001773,2949.51,1663137.99
2026-06-10,FW202603190001,fx_pb_1,-0.000796,-1113.51,1399551.3
2026-06-10,FW202603200001,fx_pb_1,-0.005835,-1744.77,299003.04
2026-06-10,FW202604210001,bank_2,0.004724,8197.11,1735023.62
2026-06-10,FW202605010001,fx_pb_1,-0.00164,-3168.91,1931970.31
2026-06-10,FW202605040001,fx_pb_1,-0.006276,-10463.2,1667275.52
2026-06-10,FW202605060001,fx_pb_1,-0.009249,-19477.65,2105986.13
2026-06-10,FW202605110001,bank_4,-0.007101,-11389.23,1603854.78
2026-06-10,FW202605260001,bank_1,-0.001017,-2298.25,2260023.69
2026-06-10,FW202605270001,fx_pb_1,-0.004759,-1982.58,416607.0
2026-06-10,FW202606090001,bank_1,-0.000346,-752.32,2176612.5
2026-06-10,FW202606100001,bank_4,0.00168,2438.01,1451185.74
2026-06-10,SW202601060001,bank_2,-0.019559,-106409.17,5440294.19
2026-06-10,SW202602230001,fx_pb_1,-0.008177,-22033.07,2694426.83
2026-06-10,SW202602260001,fx_pb_1,-0.008408,-72194.47,8586244.64
2026-06-10,SW202603240001,fx_pb_1,-0.008507,-45491.86,5347700.5
2026-06-10,SW202603250001,bank_3,-0.010952,-22130.23,2020639.98
2026-06-10,SW202604240001,fx_pb_1,-0.00104,-2105.52,2023827.86
2026-06-10,SW202604300001,bank_1,0.009958,41083.3,4125691.18
2026-06-10,SW202605050001,fx_pb_1,0.001736,2471.02,1423057.53
2026-06-10,SW202605070001,bank_1,0.002359,6716.56,2847387.13
2026-06-10,SW202605130001,fx_pb_1,0.001242,9012.64,7257797.65
2026-06-10,SW202606010001,bank_3,0.000454,108.8,239896.34
2026-06-10,SW202606030001,bank_3,-0.002905,-3717.9,1279814.13
2026-06-11,FW202601230001,bank_3,-0.00252,-6469.89,2567796.42
2026-06-11,FW202602180001,bank_3,0.002922,4860.39,1663137.99
2026-06-11,FW202603190001,fx_pb_1,-0.002195,-3072.06,1399551.3
2026-06-11,FW202603200001,fx_pb_1,-0.005793,-1732.02,299003.04
2026-06-11,FW202604210001,bank_2,0.005795,10055.29,1735023.62
2026-06-11,FW202605010001,fx_pb_1,-0.001102,-2128.97,1931970.31
2026-06-11,FW202605040001,fx_pb_1,-0.006966,-11614.37,1667275.52
2026-06-11,FW202605060001,fx_pb_1,-0.009179,-19330.8,2105986.13
2026-06-11,FW202605110001,bank_4,-0.005996,-9616.27,1603854.78
2026-06-11,FW202605260001,bank_1,-0.002689,-6076.09,2260023.69
2026-06-11,FW202605270001,fx_pb_1,-0.007904,-3292.81,416607.0
2026-06-11,FW202606090001,bank_1,-0.000167,-364.47,2176612.5
2026-06-11,FW202606100001,bank_4,0.001426,2070.1,1451185.74
2026-06-11,FW202606110001,bank_4,9.5e-05,219.37,2304866.11
2026-06-11,SW202601060001,bank_2,-0.020974,-114104.46,5440294.19
2026-06-11,SW202602230001,fx_pb_1,-0.009333,-25146.36,2694426.83
2026-06-11,SW202602260001,fx_pb_1,-0.009102,-78155.11,8586244.64
2026-06-11,SW202603240001,fx_pb_1,-0.009442,-50494.0,5347700.5
2026-06-11,SW202603250001,bank_3,-0.011218,-22667.53,2020639.98
2026-06-11,SW202604240001,fx_pb_1,-0.001819,-3681.8,2023827.86
2026-06-11,SW202604300001,bank_1,0.009138,37700.6,4125691.18
2026-06-11,SW202605050001,fx_pb_1,0.001497,2130.11,1423057.53
2026-06-11,SW202605070001,bank_1,0.002386,6792.91,2847387.13
2026-06-11,SW202605130001,fx_pb_1,0.001363,9895.86,7257797.65
2026-06-11,SW202606010001,bank_3,0.000686,164.6,239896.34
2026-06-11,SW202606030001,bank_3,-0.003919,-5015.99,1279814.13
2026-06-12,FW202601230001,bank_3,-0.002667,-6848.57,2567796.42
2026-06-12,FW202602180001,bank_3,0.002549,4239.32,1663137.99
2026-06-12,FW202603190001,fx_pb_1,-0.00253,-3540.33,1399551.3
2026-06-12,FW202603200001,fx_pb_1,-0.006236,-1864.44,299003.04
2026-06-12,FW202604210001,bank_2,0.004639,8049.53,1735023.62
2026-06-12,FW202605010001,fx_pb_1,-0.00161,-3110.95,1931970.31
2026-06-12,FW202605040001,fx_pb_1,-0.006121,-10205.53,1667275.52
2026-06-12,FW202605060001,fx_pb_1,-0.010587,-22295.18,2105986.13
2026-06-12,FW202605110001,bank_4,-0.0077,-12349.25,1603854.78
2026-06-12,FW202605260001,bank_1,-0.002865,-6475.25,2260023.69
2026-06-12,FW202605270001,fx_pb_1,-0.010165,-4234.99,416607.0
2026-06-12,FW202606090001,bank_1,-0.000113,-246.55,2176612.5
2026-06-12,FW202606100001,bank_4,0.001007,1461.44,1451185.74
2026-06-12,FW202606110001,bank_4,0.000163,376.79,2304866.11
2026-06-12,FW202606120001,bank_3,0.000298,670.45,2252024.96
2026-06-12,SW202601060001,bank_2,-0.01783,-96997.89,5440294.19
2026-06-12,SW202602230001,fx_pb_1,-0.007821,-21073.14,2694426.83
2026-06-12,SW202602260001,fx_pb_1,-0.007939,-68166.46,8586244.64
2026-06-12,SW202603240001,fx_pb_1,-0.010539,-56360.71,5347700.5
2026-06-12,SW202603250001,bank_3,-0.011249,-22730.54,2020639.98
2026-06-12,SW202604240001,fx_pb_1,-0.002015,-4078.32,2023827.86
2026-06-12,SW202604300001,bank_1,0.010372,42792.64,4125691.18
2026-06-12,SW202605050001,fx_pb_1,0.000891,1268.3,1423057.53
2026-06-12,SW202605070001,bank_1,0.00192,5466.87,2847387.13
2026-06-12,SW202605130001,fx_pb_1,0.002946,21382.79,7257797.65
2026-06-12,SW202606010001,bank_3,0.000245,58.72,239896.34
2026-06-12,SW202606030001,bank_3,-0.004446,-5690.21,1279814.13
2026-06-15,FW202601230001,bank_3,-0.001386,-3557.94,2567796.42
2026-06-15,FW202602180001,bank_3,0.002205,3667.17,1663137.99
2026-06-15,FW202603190001,fx_pb_1,-0.001297,-1815.3,1399551.3
2026-06-15,FW202603200001,fx_pb_1,-0.004648,-1389.67,299003.04
2026-06-15,FW202604210001,bank_2,0.00524,9091.83,1735023.62
2026-06-15,FW202605010001,fx_pb_1,-0.001479,-2856.43,1931970.31
2026-06-15,FW202605040001,fx_pb_1,-0.005892,-9823.85,1667275.52
2026-06-15,FW202605060001,fx_pb_1,-0.011369,-23942.81,2105986.13
2026-06-15,FW202605110001,bank_4,-0.008659,-13887.65,1603854.78
2026-06-15,FW202605260001,bank_1,-0.003944,-8912.71,2260023.69
2026-06-15,FW202605270001,fx_pb_1,-0.011751,-4895.49,416607.0
2026-06-15,FW202606090001,bank_1,0.000693,1508.26,2176612.5
2026-06-15,FW202606100001,bank_4,-0.000326,-472.48,1451185.74
2026-06-15,FW202606110001,bank_4,0.00024,552.17,2304866.11
2026-06-15,FW202606120001,bank_3,-0.000248,-558.98,2252024.96
2026-06-15,SW202601060001,bank_2,-0.021166,-115147.81,5440294.19
2026-06-15,SW202602230001,fx_pb_1,-0.007187,-19363.8,2694426.83
2026-06-15,SW202602260001,fx_pb_1,-0.00907,-77880.86,8586244.64
2026-06-15,SW202603240001,fx_pb_1,-0.009234,-49383.09,5347700.5
2026-06-15,SW202603250001,bank_3,-0.010947,-22119.11,2020639.98
2026-06-15,SW202604240001,fx_pb_1,-0.002611,-5285.22,2023827.86
2026-06-15,SW202604300001,bank_1,0.010011,41301.22,4125691.18
2026-06-15,SW202605050001,fx_pb_1,0.001019,1450.16,1423057.53
2026-06-15,SW202605070001,bank_1,0.001688,4806.28,2847387.13
2026-06-15,SW202605130001,fx_pb_1,0.002277,16528.21,7257797.65
2026-06-15,SW202606010001,bank_3,0.000722,173.29,239896.34
2026-06-15,SW202606030001,bank_3,-0.004424,-5661.3,1279814.13
2026-06-16,FW202601230001,bank_3,-0.000438,-1123.65,2567796.42
2026-06-16,FW202602180001,bank_3,0.003138,5218.81,1663137.99
2026-06-16,FW202603190001,fx_pb_1,-0.001891,-2647.05,1399551.3
2026-06-16,FW202603200001,fx_pb_1,-0.003483,-1041.34,299003.04
2026-06-16,FW202604210001,bank_2,0.005726,9935.57,1735023.62
2026-06-16,FW202605010001,fx_pb_1,-0.001206,-2330.15,1931970.31
2026-06-16,FW202605040001,fx_pb_1,-0.005704,-9510.53,1667275.52
2026-06-16,FW202605060001,fx_pb_1,-0.009487,-19979.55,2105986.13
2026-06-16,FW202605110001,bank_4,-0.007464,-11971.24,1603854.78
2026-06-16,FW202605260001,bank_1,-0.00603,-13628.72,2260023.69
2026-06-16,FW202605270001,fx_pb_1,-0.012384,-5159.47,416607.0
2026-06-16,FW202606090001,bank_1,0.00072,1567.8,2176612.5
2026-06-16,FW202606100001,bank_4,0.001752,2542.98,1451185.74
2026-06-16,FW202606110001,bank_4,0.00035,807.69,2304866.11
2026-06-16,FW202606120001,bank_3,-6.9e-05,-154.42,2252024.96
2026-06-16,SW202601060001,bank_2,-0.020639,-112281.16,5440294.19
2026-06-16,SW202602230001,fx_pb_1,-0.007758,-20902.81,2694426.83
2026-06-16,SW202602260001,fx_pb_1,-0.009661,-82949.95,8586244.64
2026-06-16,SW202603240001,fx_pb_1,-0.008662,-46322.07,5347700.5
2026-06-16,SW202603250001,bank_3,-0.010198,-20606.18,2020639.98
2026-06-16,SW202604240001,fx_pb_1,-0.001551,-3139.41,2023827.86
2026-06-16,SW202604300001,bank_1,0.011404,47049.71,4125691.18
2026-06-16,SW202605050001,fx_pb_1,-0.00026,-369.54,1423057.53
2026-06-16,SW202605070001,bank_1,0.002252,6413.07,2847387.13
2026-06-16,SW202606010001,bank_3,0.000517,124.11,239896.34
2026-06-16,SW202606030001,bank_3,-0.005065,-6482.09,1279814.13
2026-06-16,SW202606160001,bank_4,-0.000462,-675.67,1461311.03
2026-06-17,FW202601230001,bank_3,-0.001082,-2779.39,2567796.42
2026-06-17,FW202602180001,bank_3,0.004751,7902.36,1663137.99
2026-06-17,FW202603190001,fx_pb_1,-0.003273,-4580.51,1399551.3
2026-06-17,FW202603200001,fx_pb_1,-0.005947,-1778.07,299003.04
2026-06-17,FW202604210001,bank_2,0.006024,10452.28,1735023.62
2026-06-17,FW202605010001,fx_pb_1,-0.001307,-2524.5,1931970.31
2026-06-17,FW202605040001,fx_pb_1,-0.006152,-10257.6,1667275.52
2026-06-17,FW202605060001,fx_pb_1,-0.009104,-19172.33,2105986.13
2026-06-17,FW202605110001,bank_4,-0.008911,-14292.26,1603854.78
2026-06-17,FW202605260001,bank_1,-0.004731,-10692.26,2260023.69
2026-06-17,FW202605270001,fx_pb_1,-0.013229,-5511.22,416607.0
2026-06-17,FW202606090001,bank_1,0.000794,1728.17,2176612.5
2026-06-17,FW202606100001,bank_4,0.003816,5537.36,1451185.74
2026-06-17,FW202606110001,bank_4,0.000506,1166.4,2304866.11
2026-06-17,FW202606120001,bank_3,-0.000499,-1124.18,2252024.96
2026-06-17,SW202601060001,bank_2,-0.021715,-118134.55,5440294.19
2026-06-17,SW202602230001,fx_pb_1,-0.009237,-24888.78,2694426.83
2026-06-17,SW202602260001,fx_pb_1,-0.010709,-91950.84,8586244.64
2026-06-17,SW202603240001,fx_pb_1,-0.005348,-28600.55,5347700.5
2026-06-17,SW202603250001,bank_3,-0.008991,-18168.24,2020639.98
2026-06-17,SW202604240001,fx_pb_1,-0.002237,-4526.41,2023827.86
2026-06-17,SW202604300001,bank_1,0.011404,47048.15,4125691.18
2026-06-17,SW202605050001,fx_pb_1,-0.000102,-145.43,1423057.53
2026-06-17,SW202605070001,bank_1,0.00224,6376.8,2847387.13
2026-06-17,SW202606010001,bank_3,-0.000115,-27.64,239896.34
2026-06-17,SW202606030001,bank_3,-0.005499,-7037.65,1279814.13
2026-06-17,SW202606160001,bank_4,-0.000832,-1215.2,1461311.03
2026-06-18,FW202601230001,bank_3,-0.002842,-7297.77,2567796.42
2026-06-18,FW202602180001,bank_3,0.003974,6609.76,1663137.99
2026-06-18,FW202603190001,fx_pb_1,-0.002302,-3222.23,1399551.3
2026-06-18,FW202603200001,fx_pb_1,-0.006044,-1807.05,299003.04
2026-06-18,FW202604210001,bank_2,0.006502,11281.25,1735023.62
2026-06-18,FW202605010001,fx_pb_1,-0.001065,-2056.87,1931970.31
2026-06-18,FW202605040001,fx_pb_1,-0.006146,-10246.34,1667275.52
2026-06-18,FW202605060001,fx_pb_1,-0.006975,-14689.71,2105986.13
2026-06-18,FW202605110001,bank_4,-0.010503,-16844.58,1603854.78
2026-06-18,FW202605260001,bank_1,-0.00567,-12813.59,2260023.69
2026-06-18,FW202605270001,fx_pb_1,-0.014503,-6041.92,416607.0
2026-06-18,FW202606090001,bank_1,0.001819,3958.37,2176612.5
2026-06-18,FW202606100001,bank_4,0.004624,6709.65,1451185.74
2026-06-18,FW202606110001,bank_4,0.000643,1483.14,2304866.11
2026-06-18,FW202606120001,bank_3,-0.000484,-1088.96,2252024.96
2026-06-18,SW202601060001,bank_2,-0.020468,-111354.3,5440294.19
2026-06-18,SW202602230001,fx_pb_1,-0.007414,-19976.75,2694426.83
2026-06-18,SW202602260001,fx_pb_1,-0.00981,-84231.42,8586244.64
2026-06-18,SW202603240001,fx_pb_1,-0.005682,-30383.78,5347700.5
2026-06-18,SW202603250001,bank_3,-0.009904,-20012.07,2020639.98
2026-06-18,SW202604240001,fx_pb_1,-0.001655,-3349.61,2023827.86
2026-06-18,SW202604300001,bank_1,0.012397,51147.18,4125691.18
2026-06-18,SW202605050001,fx_pb_1,0.000499,710.17,1423057.53
2026-06-18,SW202605070001,bank_1,0.002616,7449.9,2847387.13
2026-06-18,SW202606010001,bank_3,0.002031,487.14,239896.34
2026-06-18,SW202606030001,bank_3,-0.005977,-7649.74,1279814.13
2026-06-18,SW202606160001,bank_4,-0.00078,-1140.35,1461311.03
2026-06-22,FW202601230001,bank_3,-0.002124,-5454.22,2567796.42
2026-06-22,FW202603190001,fx_pb_1,-0.001156,-1617.25,1399551.3
2026-06-22,FW202603200001,fx_pb_1,-0.004533,-1355.24,299003.04
2026-06-22,FW202604210001,bank_2,0.005985,10383.7,1735023.62
2026-06-22,FW202605010001,fx_pb_1,-0.001537,-2970.14,1931970.31
2026-06-22,FW202605040001,fx_pb_1,-0.005924,-9877.09,1667275.52
2026-06-22,FW202605060001,fx_pb_1,-0.005305,-11172.71,2105986.13
2026-06-22,FW202605110001,bank_4,-0.009179,-14722.23,1603854.78
2026-06-22,FW202605260001,bank_1,-0.006296,-14229.09,2260023.69
2026-06-22,FW202605270001,fx_pb_1,-0.015565,-6484.67,416607.0
2026-06-22,FW202606090001,bank_1,0.001078,2347.08,2176612.5
2026-06-22,FW202606100001,bank_4,0.008373,12151.06,1451185.74
2026-06-22,FW202606110001,bank_4,0.000734,1691.66,2304866.11
2026-06-22,FW202606120001,bank_3,0.000172,386.86,2252024.96
2026-06-22,SW202601060001,bank_2,-0.018846,-102527.51,5440294.19
2026-06-22,SW202602230001,fx_pb_1,-0.006687,-18016.62,2694426.83
2026-06-22,SW202602260001,fx_pb_1,-0.01075,-92304.53,8586244.64
2026-06-22,SW202603240001,fx_pb_1,-0.006114,-32694.78,5347700.5
2026-06-22,SW202603250001,bank_3,-0.010475,-21165.26,2020639.98
2026-06-22,SW202604240001,fx_pb_1,0.000451,912.02,2023827.86
2026-06-22,SW202604300001,bank_1,0.013384,55220.18,4125691.18
2026-06-22,SW202605050001,fx_pb_1,0.001794,2552.93,1423057.53
2026-06-22,SW202605070001,bank_1,0.002423,6899.88,2847387.13
2026-06-22,SW202606010001,bank_3,0.002313,554.77,239896.34
2026-06-22,SW202606030001,bank_3,-0.003883,-4969.36,1279814.13
2026-06-22,SW202606160001,bank_4,-1.3e-05,-19.33,1461311.03
2026-06-23,FW202601230001,bank_3,-0.003362,-8632.74,2567796.42
2026-06-23,FW202603190001,fx_pb_1,-0.000852,-1192.26,1399551.3
2026-06-23,FW202603200001,fx_pb_1,-0.004258,-1273.25,299003.04
2026-06-23,FW202604210001,bank_2,0.006219,10790.39,1735023.62
2026-06-23,FW202605010001,fx_pb_1,-0.001536,-2967.06,1931970.31
2026-06-23,FW202605040001,fx_pb_1,-0.005667,-9448.34,1667275.52
2026-06-23,FW202605060001,fx_pb_1,-0.00273,-5748.56,2105986.13
2026-06-23,FW202605110001,bank_4,-0.009366,-15022.46,1603854.78
2026-06-23,FW202605260001,bank_1,-0.003699,-8359.13,2260023.69
2026-06-23,FW202605270001,fx_pb_1,-0.017828,-7427.25,416607.0
2026-06-23,FW202606090001,bank_1,0.001617,3519.97,2176612.5
2026-06-23,FW202606100001,bank_4,0.01143,16587.03,1451185.74
2026-06-23,FW202606110001,bank_4,0.000815,1879.22,2304866.11
2026-06-23,FW202606120001,bank_3,9.2e-05,207.45,2252024.96
2026-06-23,SW202601060001,bank_2,-0.01951,-106138.77,5440294.19
2026-06-23,SW202602230001,fx_pb_1,-0.006108,-16458.82,2694426.83
2026-06-23,SW202602260001,fx_pb_1,-0.010953,-94048.12,8586244.64
2026-06-23,SW202603240001,fx_pb_1,-0.005281,-28239.55,5347700.5
2026-06-23,SW202603250001,bank_3,-0.010286,-20784.42,2020639.98
2026-06-23,SW202604240001,fx_pb_1,-0.000772,-1561.49,2023827.86
2026-06-23,SW202604300001,bank_1,0.013879,57261.81,4125691.18
2026-06-23,SW202605050001,fx_pb_1,0.001896,2697.84,1423057.53
2026-06-23,SW202605070001,bank_1,0.002501,7120.55,2847387.13
2026-06-23,SW202606010001,bank_3,0.002353,564.4,239896.34
2026-06-23,SW202606030001,bank_3,-0.007148,-9147.66,1279814.13
2026-06-23,SW202606160001,bank_4,-0.000798,-1166.55,1461311.03
2026-06-24,FW202601230001,bank_3,-0.001223,-3139.18,2567796.42
2026-06-24,FW202603190001,fx_pb_1,-0.00166,-2323.33,1399551.3
2026-06-24,FW202603200001,fx_pb_1,-0.003533,-1056.42,299003.04
2026-06-24,FW202604210001,bank_2,0.005304,9203.0,1735023.62
2026-06-24,FW202605010001,fx_pb_1,-0.001988,-3840.05,1931970.31
2026-06-24,FW202605040001,fx_pb_1,-0.005749,-9585.3,1667275.52
2026-06-24,FW202605060001,fx_pb_1,0.000465,978.4,2105986.13
2026-06-24,FW202605110001,bank_4,-0.010285,-16495.62,1603854.78
2026-06-24,FW202605260001,bank_1,-0.006204,-14021.83,2260023.69
2026-06-24,FW202605270001,fx_pb_1,-0.017268,-7194.05,416607.0
2026-06-24,FW202606090001,bank_1,0.002246,4889.62,2176612.5
2026-06-24,FW202606100001,bank_4,0.011834,17174.06,1451185.74
2026-06-24,FW202606110001,bank_4,0.000869,2001.92,2304866.11
2026-06-24,FW202606120001,bank_3,-0.000303,-682.83,2252024.96
2026-06-24,SW202601060001,bank_2,-0.01953,-106248.97,5440294.19
2026-06-24,SW202602260001,fx_pb_1,-0.011341,-97378.08,8586244.64
2026-06-24,SW202603240001,fx_pb_1,-0.005955,-31845.83,5347700.5
2026-06-24,SW202603250001,bank_3,-0.00983,-19863.25,2020639.98
2026-06-24,SW202604240001,fx_pb_1,-0.00097,-1962.23,2023827.86
2026-06-24,SW202604300001,bank_1,0.015056,62114.81,4125691.18
2026-06-24,SW202605050001,fx_pb_1,0.002406,3423.18,1423057.53
2026-06-24,SW202605070001,bank_1,0.002936,8360.81,2847387.13
2026-06-24,SW202606010001,bank_3,0.001818,436.07,239896.34
2026-06-24,SW202606030001,bank_3,-0.007169,-9175.18,1279814.13
2026-06-24,SW202606160001,bank_4,-0.000469,-684.93,1461311.03
2026-06-25,FW202601230001,bank_3,-0.000938,-2409.15,2567796.42
2026-06-25,FW202603190001,fx_pb_1,-0.003265,-4569.62,1399551.3
2026-06-25,FW202603200001,fx_pb_1,-0.00317,-947.76,299003.04
2026-06-25,FW202604210001,bank_2,0.005296,9189.35,1735023.62
2026-06-25,FW202605010001,fx_pb_1,-0.001599,-3090.12,1931970.31
2026-06-25,FW202605040001,fx_pb_1,-0.006861,-11439.76,1667275.52
2026-06-25,FW202605060001,fx_pb_1,0.001752,3689.09,2105986.13
2026-06-25,FW202605110001,bank_4,-0.012685,-20345.67,1603854.78
2026-06-25,FW202605260001,bank_1,-0.005948,-13443.5,2260023.69
2026-06-25,FW202605270001,fx_pb_1,-0.01806,-7524.05,416607.0
2026-06-25,FW202606090001,bank_1,0.001178,2564.9,2176612.5
2026-06-25,FW202606100001,bank_4,0.013648,19805.13,1451185.74
2026-06-25,FW202606110001,bank_4,0.000897,2066.7,2304866.11
2026-06-25,FW202606120001,bank_3,-0.000185,-416.46,2252024.96
2026-06-25,SW202601060001,bank_2,-0.018446,-100350.57,5440294.19
2026-06-25,SW202602260001,fx_pb_1,-0.011031,-94710.81,8586244.64
2026-06-25,SW202603240001,fx_pb_1,-0.004064,-21733.01,5347700.5
2026-06-25,SW202603250001,bank_3,-0.011224,-22680.07,2020639.98
2026-06-25,SW202604240001,fx_pb_1,-0.000194,-393.07,2023827.86
2026-06-25,SW202604300001,bank_1,0.015152,62513.79,4125691.18
2026-06-25,SW202605050001,fx_pb_1,0.003262,4642.19,1423057.53
2026-06-25,SW202605070001,bank_1,0.003406,9697.33,2847387.13
2026-06-25,SW202606010001,bank_3,-0.001096,-262.96,239896.34
2026-06-25,SW202606030001,bank_3,-0.0087,-11134.62,1279814.13
2026-06-25,SW202606160001,bank_4,-0.000523,-764.89,1461311.03
2026-06-26,FW202601230001,bank_3,-0.000201,-516.32,2567796.42
2026-06-26,FW202603190001,fx_pb_1,-0.005125,-7172.5,1399551.3
2026-06-26,FW202603200001,fx_pb_1,-0.003102,-927.51,299003.04
2026-06-26,FW202604210001,bank_2,0.004758,8255.88,1735023.62
2026-06-26,FW202605010001,fx_pb_1,-0.001508,-2913.16,1931970.31
2026-06-26,FW202605040001,fx_pb_1,-0.006642,-11073.23,1667275.52
2026-06-26,FW202605060001,fx_pb_1,0.0001,209.8,2105986.13
2026-06-26,FW202605110001,bank_4,-0.01304,-20914.47,1603854.78
2026-06-26,FW202605260001,bank_1,-0.005645,-12758.5,2260023.69
2026-06-26,FW202605270001,fx_pb_1,-0.016376,-6822.43,416607.0
2026-06-26,FW202606090001,bank_1,0.001092,2377.69,2176612.5
2026-06-26,FW202606100001,bank_4,0.013253,19232.45,1451185.74
2026-06-26,FW202606110001,bank_4,0.000982,2263.38,2304866.11
2026-06-26,FW202606120001,bank_3,-8.1e-05,-182.76,2252024.96
2026-06-26,SW202601060001,bank_2,-0.016171,-87972.49,5440294.19
2026-06-26,SW202602260001,fx_pb_1,-0.010331,-88706.63,8586244.64
2026-06-26,SW202603240001,fx_pb_1,-0.004772,-25517.33,5347700.5
2026-06-26,SW202603250001,bank_3,-0.011342,-22917.23,2020639.98
2026-06-26,SW202604240001,fx_pb_1,-0.000806,-1630.41,2023827.86
2026-06-26,SW202604300001,bank_1,0.015007,61914.16,4125691.18
2026-06-26,SW202605050001,fx_pb_1,0.002845,4048.17,1423057.53
2026-06-26,SW202605070001,bank_1,0.003582,10198.7,2847387.13
2026-06-26,SW202606010001,bank_3,-0.002264,-543.03,239896.34
2026-06-26,SW202606030001,bank_3,-0.007324,-9373.23,1279814.13
2026-06-26,SW202606160001,bank_4,-0.000972,-1419.95,1461311.03
2026-06-29,FW202601230001,bank_3,0.000314,807.5,2567796.42
2026-06-29,FW202603190001,fx_pb_1,-0.007101,-9938.78,1399551.3
2026-06-29,FW202603200001,fx_pb_1,-0.004921,-1471.28,299003.04
2026-06-29,FW202604210001,bank_2,0.004154,7207.25,1735023.62
2026-06-29,FW202605010001,fx_pb_1,-0.002154,-4160.51,1931970.31
2026-06-29,FW202605040001,fx_pb_1,-0.006974,-11628.22,1667275.52
2026-06-29,FW202605060001,fx_pb_1,-0.001351,-2845.25,2105986.13
2026-06-29,FW202605110001,bank_4,-0.013808,-22145.54,1603854.78
2026-06-29,FW202605270001,fx_pb_1,-0.016654,-6938.04,416607.0
2026-06-29,FW202606090001,bank_1,0.001033,2248.72,2176612.5
2026-06-29,FW202606100001,bank_4,0.016326,23691.89,1451185.74
2026-06-29,FW202606110001,bank_4,0.001108,2554.78,2304866.11
2026-06-29,FW202606120001,bank_3,-7e-05,-156.97,2252024.96
2026-06-29,SW202601060001,bank_2,-0.015588,-84802.98,5440294.19
2026-06-29,SW202602260001,fx_pb_1,-0.009015,-77405.21,8586244.64
2026-06-29,SW202603240001,fx_pb_1,-0.003521,-18829.91,5347700.5
2026-06-29,SW202603250001,bank_3,-0.011503,-23243.23,2020639.98
2026-06-29,SW202604240001,fx_pb_1,-1.3e-05,-26.14,2023827.86
2026-06-29,SW202604300001,bank_1,0.014885,61411.54,4125691.18
2026-06-29,SW202605050001,fx_pb_1,0.002728,3881.78,1423057.53
2026-06-29,SW202605070001,bank_1,0.004175,11888.54,2847387.13
2026-06-29,SW202606010001,bank_3,0.000227,54.43,239896.34
2026-06-29,SW202606030001,bank_3,-0.006952,-8897.56,1279814.13
2026-06-29,SW202606160001,bank_4,-0.001619,-2365.66,1461311.03
2026-06-29,SW202606290001,bank_4,-0.001106,-2512.16,2270366.53
2026-06-30,FW202601230001,bank_3,0.000239,613.35,2567796.42
2026-06-30,FW202603190001,fx_pb_1,-0.008489,-11880.71,1399551.3
2026-06-30,FW202603200001,fx_pb_1,-0.004188,-1252.34,299003.04
2026-06-30,FW202604210001,bank_2,0.004312,7481.78,1735023.62
2026-06-30,FW202605010001,fx_pb_1,-0.002567,-4958.58,1931970.31
2026-06-30,FW202605040001,fx_pb_1,-0.006652,-11090.64,1667275.52
2026-06-30,FW202605060001,fx_pb_1,-0.000842,-1772.28,2105986.13
2026-06-30,FW202605110001,bank_4,-0.011889,-19067.83,1603854.78
2026-06-30,FW202606090001,bank_1,0.000939,2043.14,2176612.5
2026-06-30,FW202606100001,bank_4,0.019922,28910.34,1451185.74
2026-06-30,FW202606110001,bank_4,0.001114,2568.76,2304866.11
2026-06-30,FW202606120001,bank_3,-0.000348,-784.16,2252024.96
2026-06-30,SP202606300001,bank_2,0.000523,694.9,1327502.61
2026-06-30,SW202601060001,bank_2,-0.013729,-74690.31,5440294.19
2026-06-30,SW202602260001,fx_pb_1,-0.008662,-74370.1,8586244.64
2026-06-30,SW202603240001,fx_pb_1,-0.003745,-20028.19,5347700.5
2026-06-30,SW202603250001,bank_3,-0.011092,-22412.43,2020639.98
2026-06-30,SW202604240001,fx_pb_1,0.001039,2103.48,2023827.86
2026-06-30,SW202604300001,bank_1,0.015194,62684.55,4125691.18
2026-06-30,SW202605050001,fx_pb_1,0.003908,5561.22,1423057.53
2026-06-30,SW202605070001,bank_1,0.004384,12482.52,2847387.13
2026-06-30,SW202606010001,bank_3,0.000482,115.73,239896.34
2026-06-30,SW202606030001,bank_3,-0.005365,-6866.38,1279814.13
2026-06-30,SW202606160001,bank_4,-0.002393,-3497.32,1461311.03
2026-06-30,SW202606290001,bank_4,-0.000941,-2137.49,2270366.53
2026-07-01,FW202601230001,bank_3,0.000128,327.56,2567796.42
2026-07-01,FW202603190001,fx_pb_1,-0.008064,-11286.12,1399551.3
2026-07-01,FW202603200001,fx_pb_1,-0.003989,-1192.62,299003.04
2026-07-01,FW202604210001,bank_2,0.005029,8725.04,1735023.62
2026-07-01,FW202605010001,fx_pb_1,-0.002747,-5306.82,1931970.31
2026-07-01,FW202605040001,fx_pb_1,-0.007919,-13203.6,1667275.52
2026-07-01,FW202605060001,fx_pb_1,0.001323,2786.59,2105986.13
2026-07-01,FW202605110001,bank_4,-0.012145,-19478.63,1603854.78
2026-07-01,FW202606090001,bank_1,0.000937,2040.27,2176612.5
2026-07-01,FW202606100001,bank_4,0.018165,26361.08,1451185.74
2026-07-01,FW202606110001,bank_4,0.001211,2790.59,2304866.11
2026-07-01,FW202606120001,bank_3,-0.000687,-1547.57,2252024.96
2026-07-01,SP202606300001,bank_2,-8e-06,-10.08,1327502.61
2026-07-01,SW202601060001,bank_2,-0.011603,-63122.5,5440294.19
2026-07-01,SW202602260001,fx_pb_1,-0.008811,-75650.87,8586244.64
2026-07-01,SW202603240001,fx_pb_1,-0.001861,-9952.65,5347700.5
2026-07-01,SW202603250001,bank_3,-0.010829,-21881.02,2020639.98
2026-07-01,SW202604240001,fx_pb_1,0.002856,5779.69,2023827.86
2026-07-01,SW202604300001,bank_1,0.014951,61682.33,4125691.18
2026-07-01,SW202605050001,fx_pb_1,0.003472,4940.81,1423057.53
2026-07-01,SW202605070001,bank_1,0.004106,11692.03,2847387.13
2026-07-01,SW202606010001,bank_3,-0.001565,-375.43,239896.34
2026-07-01,SW202606030001,bank_3,-0.003426,-4385.01,1279814.13
2026-07-01,SW202606160001,bank_4,-0.002391,-3494.71,1461311.03
2026-07-01,SW202606290001,bank_4,-0.000114,-258.31,2270366.53
2026-07-01,SW202607010001,bank_4,-0.002834,-19500.43,6881780.85
2026-07-02,FW202601230001,bank_3,9.1e-05,233.89,2567796.42
2026-07-02,FW202603190001,fx_pb_1,-0.009245,-12938.73,1399551.3
2026-07-02,FW202603200001,fx_pb_1,-0.004089,-1222.56,299003.04
2026-07-02,FW202604210001,bank_2,0.005626,9761.54,1735023.62
2026-07-02,FW202605010001,fx_pb_1,-0.002497,-4823.84,1931970.31
2026-07-02,FW202605040001,fx_pb_1,-0.008003,-13342.39,1667275.52
2026-07-02,FW202605060001,fx_pb_1,0.0005,1052.92,2105986.13
2026-07-02,FW202605110001,bank_4,-0.009917,-15905.82,1603854.78
2026-07-02,FW202606090001,bank_1,0.000473,1030.31,2176612.5
2026-07-02,FW202606100001,bank_4,0.016648,24159.71,1451185.74
2026-07-02,FW202606110001,bank_4,0.00126,2904.25,2304866.11
2026-07-02,FW202606120001,bank_3,-0.001327,-2988.34,2252024.96
2026-07-02,SP202607020001,bank_3,-1.2e-05,-9.84,804264.14
2026-07-02,SW202601060001,bank_2,-0.011619,-63211.39,5440294.19
2026-07-02,SW202602260001,fx_pb_1,-0.008552,-73432.46,8586244.64
2026-07-02,SW202603240001,fx_pb_1,-0.004956,-26501.41,5347700.5
2026-07-02,SW202603250001,bank_3,-0.011171,-22573.0,2020639.98
2026-07-02,SW202604240001,fx_pb_1,0.002217,4485.97,2023827.86
2026-07-02,SW202604300001,bank_1,0.013998,57752.84,4125691.18
2026-07-02,SW202605050001,fx_pb_1,0.004155,5912.25,1423057.53
2026-07-02,SW202605070001,bank_1,0.00462,13155.31,2847387.13
2026-07-02,SW202606010001,bank_3,-0.002107,-505.38,239896.34
2026-07-02,SW202606030001,bank_3,-0.002679,-3429.2,1279814.13
2026-07-02,SW202606160001,bank_4,-0.001158,-1692.75,1461311.03
2026-07-02,SW202606290001,bank_4,-0.001614,-3664.58,2270366.53
2026-07-02,SW202607010001,bank_4,-0.003092,-21275.13,6881780.85
2026-07-06,FW202601230001,bank_3,-0.001552,-3985.51,2567796.42
2026-07-06,FW202603190001,fx_pb_1,-0.010317,-14439.53,1399551.3
2026-07-06,FW202603200001,fx_pb_1,-0.004074,-1218.29,299003.04
2026-07-06,FW202604210001,bank_2,0.006375,11060.98,1735023.62
2026-07-06,FW202605010001,fx_pb_1,-0.002835,-5477.64,1931970.31
2026-07-06,FW202605040001,fx_pb_1,-0.008372,-13958.94,1667275.52
2026-07-06,FW202605060001,fx_pb_1,0.000716,1508.62,2105986.13
2026-07-06,FW202605110001,bank_4,-0.010138,-16259.75,1603854.78
2026-07-06,FW202606090001,bank_1,0.000371,808.03,2176612.5
2026-07-06,FW202606100001,bank_4,0.012976,18831.16,1451185.74
2026-07-06,FW202606110001,bank_4,0.001331,3067.86,2304866.11
2026-07-06,FW202606120001,bank_3,-0.002038,-4589.53,2252024.96
2026-07-06,SP202607020001,bank_3,0.000342,275.2,804264.14
2026-07-06,SP202607060001,bank_4,-0.00083,-1643.68,1980395.08
2026-07-06,SW202601060001,bank_2,-0.013744,-74773.26,5440294.19
2026-07-06,SW202602260001,fx_pb_1,-0.009188,-78889.75,8586244.64
2026-07-06,SW202603240001,fx_pb_1,-0.005239,-28015.11,5347700.5
2026-07-06,SW202603250001,bank_3,-0.010766,-21754.0,2020639.98
2026-07-06,SW202604240001,fx_pb_1,0.001028,2079.59,2023827.86
2026-07-06,SW202604300001,bank_1,0.013899,57344.74,4125691.18
2026-07-06,SW202605050001,fx_pb_1,0.003275,4660.52,1423057.53
2026-07-06,SW202605070001,bank_1,0.005069,14434.17,2847387.13
2026-07-06,SW202606010001,bank_3,-0.002674,-641.42,239896.34
2026-07-06,SW202606030001,bank_3,-0.004124,-5278.47,1279814.13
2026-07-06,SW202606160001,bank_4,-0.000488,-713.72,1461311.03
2026-07-06,SW202606290001,bank_4,0.000168,381.87,2270366.53
2026-07-06,SW202607010001,bank_4,-0.003869,-26627.94,6881780.85
2026-07-07,FW202601230001,bank_3,-0.001186,-3044.62,2567796.42
2026-07-07,FW202603190001,fx_pb_1,-0.01121,-15689.63,1399551.3
2026-07-07,FW202603200001,fx_pb_1,-0.003242,-969.41,299003.04
2026-07-07,FW202604210001,bank_2,0.007361,12772.33,1735023.62
2026-07-07,FW202605010001,fx_pb_1,-0.00311,-6008.02,1931970.31
2026-07-07,FW202605040001,fx_pb_1,-0.008383,-13975.98,1667275.52
2026-07-07,FW202605060001,fx_pb_1,0.002823,5945.3,2105986.13
2026-07-07,FW202605110001,bank_4,-0.008977,-14397.71,1603854.78
2026-07-07,FW202606090001,bank_1,0.000132,286.91,2176612.5
2026-07-07,FW202606100001,bank_4,0.01596,23161.27,1451185.74
2026-07-07,FW202606110001,bank_4,0.001388,3200.29,2304866.11
2026-07-07,FW202606120001,bank_3,-0.00236,-5315.5,2252024.96
2026-07-07,SP202607060001,bank_4,-0.000201,-398.58,1980395.08
2026-07-07,SW202602260001,fx_pb_1,-0.009863,-84688.75,8586244.64
2026-07-07,SW202603240001,fx_pb_1,-0.006602,-35303.39,5347700.5
2026-07-07,SW202603250001,bank_3,-0.011438,-23112.3,2020639.98
2026-07-07,SW202604240001,fx_pb_1,0.002642,5347.62,2023827.86
2026-07-07,SW202604300001,bank_1,0.01421,58625.57,4125691.18
2026-07-07,SW202605070001,bank_1,0.005605,15960.66,2847387.13
2026-07-07,SW202606010001,bank_3,-0.003225,-773.62,239896.34
2026-07-07,SW202606030001,bank_3,-0.00514,-6577.83,1279814.13
2026-07-07,SW202606160001,bank_4,-0.001152,-1683.72,1461311.03
2026-07-07,SW202606290001,bank_4,0.000382,867.54,2270366.53
2026-07-07,SW202607010001,bank_4,-0.004739,-32615.24,6881780.85
2026-07-08,FW202601230001,bank_3,-0.001055,-2708.44,2567796.42
2026-07-08,FW202603190001,fx_pb_1,-0.011284,-15792.78,1399551.3
2026-07-08,FW202603200001,fx_pb_1,-0.00532,-1590.68,299003.04
2026-07-08,FW202604210001,bank_2,0.007443,12913.25,1735023.62
2026-07-08,FW202605010001,fx_pb_1,-0.002854,-5513.92,1931970.31
2026-07-08,FW202605040001,fx_pb_1,-0.007751,-12922.61,1667275.52
2026-07-08,FW202605060001,fx_pb_1,0.002858,6018.22,2105986.13
2026-07-08,FW202605110001,bank_4,-0.010167,-16305.98,1603854.78
2026-07-08,FW202606090001,bank_1,0.000441,959.48,2176612.5
2026-07-08,FW202606100001,bank_4,0.021316,30933.16,1451185.74
2026-07-08,FW202606110001,bank_4,0.001382,3184.22,2304866.11
2026-07-08,FW202606120001,bank_3,-0.002873,-6469.56,2252024.96
2026-07-08,SW202602260001,fx_pb_1,-0.009826,-84367.0,8586244.64
2026-07-08,SW202603240001,fx_pb_1,-0.006988,-37369.69,5347700.5
2026-07-08,SW202603250001,bank_3,-0.012573,-25404.5,2020639.98
2026-07-08,SW202604240001,fx_pb_1,0.002655,5372.99,2023827.86
2026-07-08,SW202604300001,bank_1,0.012815,52871.86,4125691.18
2026-07-08,SW202605070001,bank_1,0.005661,16119.82,2847387.13
2026-07-08,SW202606010001,bank_3,-0.004022,-964.85,239896.34
2026-07-08,SW202606030001,bank_3,-0.003992,-5109.52,1279814.13
2026-07-08,SW202606160001,bank_4,-0.002284,-3337.52,1461311.03
2026-07-08,SW202606290001,bank_4,4e-05,91.82,2270366.53
2026-07-08,SW202607010001,bank_4,-0.005008,-34463.91,6881780.85
2026-07-09,FW202601230001,bank_3,-0.000801,-2057.69,2567796.42
2026-07-09,FW202603190001,fx_pb_1,-0.010421,-14584.55,1399551.3
2026-07-09,FW202603200001,fx_pb_1,-0.007599,-2272.12,299003.04
2026-07-09,FW202604210001,bank_2,0.007296,12658.43,1735023.62
2026-07-09,FW202605010001,fx_pb_1,-0.002945,-5689.82,1931970.31
2026-07-09,FW202605040001,fx_pb_1,-0.007906,-13182.09,1667275.52
2026-07-09,FW202605060001,fx_pb_1,0.004175,8791.93,2105986.13
2026-07-09,FW202605110001,bank_4,-0.010784,-17296.77,1603854.78
2026-07-09,FW202606090001,bank_1,0.000689,1498.75,2176612.5
2026-07-09,FW202606100001,bank_4,0.02385,34610.33,1451185.74
2026-07-09,FW202606110001,bank_4,0.001476,3402.09,2304866.11
2026-07-09,FW202606120001,bank_3,-0.002817,-6344.29,2252024.96
2026-07-09,SW202602260001,fx_pb_1,-0.009718,-83439.74,8586244.64
2026-07-09,SW202603240001,fx_pb_1,-0.006983,-37344.83,5347700.5
2026-07-09,SW202603250001,bank_3,-0.013081,-26432.44,2020639.98
2026-07-09,SW202604240001,fx_pb_1,0.001446,2927.43,2023827.86
2026-07-09,SW202604300001,bank_1,0.014603,60245.85,4125691.18
2026-07-09,SW202605070001,bank_1,0.005643,16068.2,2847387.13
2026-07-09,SW202606010001,bank_3,-0.005557,-1333.13,239896.34
2026-07-09,SW202606030001,bank_3,-0.004719,-6039.83,1279814.13
2026-07-09,SW202606160001,bank_4,-0.001069,-1561.88,1461311.03
2026-07-09,SW202606290001,bank_4,0.000979,2221.82,2270366.53
2026-07-09,SW202607010001,bank_4,-0.00828,-56982.39,6881780.85
2026-07-10,FW202601230001,bank_3,-0.000887,-2278.44,2567796.42
2026-07-10,FW202603190001,fx_pb_1,-0.009259,-12959.06,1399551.3
2026-07-10,FW202603200001,fx_pb_1,-0.009696,-2899.22,299003.04
2026-07-10,FW202604210001,bank_2,0.006826,11844.08,1735023.62
2026-07-10,FW202605010001,fx_pb_1,-0.002804,-5417.99,1931970.31
2026-07-10,FW202605040001,fx_pb_1,-0.008566,-14281.73,1667275.52
2026-07-10,FW202605060001,fx_pb_1,0.005331,11225.99,2105986.13
2026-07-10,FW202605110001,bank_4,-0.008691,-13939.72,1603854.78
2026-07-10,FW202606090001,bank_1,0.000661,1438.69,2176612.5
2026-07-10,FW202606100001,bank_4,0.023525,34138.74,1451185.74
2026-07-10,FW202606110001,bank_4,0.001546,3563.09,2304866.11
2026-07-10,FW202606120001,bank_3,-0.002291,-5159.67,2252024.96
2026-07-10,FW202607100001,bank_4,0.001099,2954.15,2687176.77
2026-07-10,SW202602260001,fx_pb_1,-0.008971,-77023.76,8586244.64
2026-07-10,SW202603240001,fx_pb_1,-0.004803,-25687.28,5347700.5
2026-07-10,SW202603250001,bank_3,-0.012952,-26171.99,2020639.98
2026-07-10,SW202604240001,fx_pb_1,0.001936,3918.16,2023827.86
2026-07-10,SW202604300001,bank_1,0.014944,61653.93,4125691.18
2026-07-10,SW202605070001,bank_1,0.005471,15578.09,2847387.13
2026-07-10,SW202606010001,bank_3,-0.005484,-1315.59,239896.34
2026-07-10,SW202606030001,bank_3,-0.004006,-5127.49,1279814.13
2026-07-10,SW202606160001,bank_4,-0.000448,-655.16,1461311.03
2026-07-10,SW202606290001,bank_4,0.000952,2162.07,2270366.53
2026-07-10,SW202607010001,bank_4,-0.008144,-56046.91,6881780.85
2026-07-13,FW202601230001,bank_3,-0.001517,-3894.71,2567796.42
2026-07-13,FW202603190001,fx_pb_1,-0.009854,-13791.56,1399551.3
2026-07-13,FW202603200001,fx_pb_1,-0.011623,-3475.36,299003.04
2026-07-13,FW202604210001,bank_2,0.007134,12377.4,1735023.62
2026-07-13,FW202605010001,fx_pb_1,-0.002845,-5497.07,1931970.31
2026-07-13,FW202605040001,fx_pb_1,-0.007609,-12685.56,1667275.52
2026-07-13,FW202605060001,fx_pb_1,0.002074,4367.62,2105986.13
2026-07-13,FW202605110001,bank_4,-0.009106,-14603.92,1603854.78
2026-07-13,FW202606090001,bank_1,0.001543,3358.2,2176612.5
2026-07-13,FW202606110001,bank_4,0.001611,3713.57,2304866.11
2026-07-13,FW202606120001,bank_3,-0.002998,-6751.23,2252024.96
2026-07-13,FW202607100001,bank_4,0.000497,1335.29,2687176.77
2026-07-13,SW202602260001,fx_pb_1,-0.008731,-74967.76,8586244.64
2026-07-13,SW202603240001,fx_pb_1,-0.001226,-6556.82,5347700.5
2026-07-13,SW202603250001,bank_3,-0.012332,-24918.99,2020639.98
2026-07-13,SW202604240001,fx_pb_1,0.0009,1821.3,2023827.86
2026-07-13,SW202604300001,bank_1,0.013644,56290.78,4125691.18
2026-07-13,SW202605070001,bank_1,0.00532,15146.73,2847387.13
2026-07-13,SW202606010001,bank_3,-0.007517,-1803.24,239896.34
2026-07-13,SW202606030001,bank_3,-0.00478,-6117.55,1279814.13
2026-07-13,SW202606160001,bank_4,-0.000782,-1142.43,1461311.03
2026-07-13,SW202606290001,bank_4,-0.000499,-1132.21,2270366.53
2026-07-13,SW202607010001,bank_4,-0.007971,-54851.51,6881780.85
2026-07-14,FW202601230001,bank_3,-0.000997,-2560.9,2567796.42
2026-07-14,FW202603190001,fx_pb_1,-0.009659,-13518.07,1399551.3
2026-07-14,FW202603200001,fx_pb_1,-0.008813,-2635.08,299003.04
2026-07-14,FW202604210001,bank_2,0.007248,12576.0,1735023.62
2026-07-14,FW202605010001,fx_pb_1,-0.003097,-5983.79,1931970.31
2026-07-14,FW202605040001,fx_pb_1,-0.007629,-12719.33,1667275.52
2026-07-14,FW202605060001,fx_pb_1,-0.000234,-492.93,2105986.13
2026-07-14,FW202605110001,bank_4,-0.006838,-10967.5,1603854.78
2026-07-14,FW202606090001,bank_1,0.001721,3746.7,2176612.5
2026-07-14,FW202606110001,bank_4,0.001752,4039.02,2304866.11
2026-07-14,FW202606120001,bank_3,-0.003353,-7550.27,2252024.96
2026-07-14,FW202607100001,bank_4,-0.00014,-377.38,2687176.77
2026-07-14,SW202602260001,fx_pb_1,-0.007733,-66393.45,8586244.64
2026-07-14,SW202603240001,fx_pb_1,-0.001878,-10040.79,5347700.5
2026-07-14,SW202603250001,bank_3,-0.012681,-25624.5,2020639.98
2026-07-14,SW202604240001,fx_pb_1,0.000166,336.95,2023827.86
2026-07-14,SW202604300001,bank_1,0.014165,58440.27,4125691.18
2026-07-14,SW202605070001,bank_1,0.005528,15741.71,2847387.13
2026-07-14,SW202606010001,bank_3,-0.008257,-1980.78,239896.34
2026-07-14,SW202606030001,bank_3,-0.006202,-7937.89,1279814.13
2026-07-14,SW202606160001,bank_4,-0.001178,-1721.23,1461311.03
2026-07-14,SW202606290001,bank_4,0.000735,1669.55,2270366.53
2026-07-14,SW202607010001,bank_4,-0.008582,-59057.14,6881780.85
2026-07-14,SW202607140001,bank_4,0.002269,5329.77,2348784.62
2026-07-15,FW202601230001,bank_3,-0.000423,-1085.35,2567796.42
2026-07-15,FW202603190001,fx_pb_1,-0.010903,-15259.02,1399551.3
2026-07-15,FW202603200001,fx_pb_1,-0.006333,-1893.56,299003.04
2026-07-15,FW202604210001,bank_2,0.008034,13939.34,1735023.62
2026-07-15,FW202605010001,fx_pb_1,-0.002713,-5241.67,1931970.31
2026-07-15,FW202605040001,fx_pb_1,-0.00774,-12904.69,1667275.52
2026-07-15,FW202605060001,fx_pb_1,0.000248,521.93,2105986.13
2026-07-15,FW202605110001,bank_4,-0.003377,-5416.41,1603854.78
2026-07-15,FW202606090001,bank_1,0.001327,2887.29,2176612.5
2026-07-15,FW202606110001,bank_4,0.001851,4267.4,2304866.11
2026-07-15,FW202606120001,bank_3,-0.00335,-7543.3,2252024.96
2026-07-15,FW202607100001,bank_4,0.00016,428.61,2687176.77
2026-07-15,SW202602260001,fx_pb_1,-0.008195,-70361.92,8586244.64
2026-07-15,SW202603240001,fx_pb_1,-0.003472,-18566.03,5347700.5
2026-07-15,SW202603250001,bank_3,-0.0116,-23439.65,2020639.98
2026-07-15,SW202604240001,fx_pb_1,0.000752,1521.64,2023827.86
2026-07-15,SW202604300001,bank_1,0.014388,59360.69,4125691.18
2026-07-15,SW202605070001,bank_1,0.005297,15082.27,2847387.13
2026-07-15,SW202606010001,bank_3,-0.008665,-2078.61,239896.34
2026-07-15,SW202606030001,bank_3,-0.007823,-10012.16,1279814.13
2026-07-15,SW202606160001,bank_4,-0.000961,-1403.81,1461311.03
2026-07-15,SW202606290001,bank_4,0.00176,3996.2,2270366.53
2026-07-15,SW202607010001,bank_4,-0.007988,-54972.43,6881780.85
2026-07-15,SW202607140001,bank_4,0.000919,2157.58,2348784.62
2026-07-15,SW202607150001,fx_pb_1,-0.000586,-1014.22,1729445.49
2026-07-16,FW202601230001,bank_3,-0.001148,-2948.97,2567796.42
2026-07-16,FW202603190001,fx_pb_1,-0.010621,-14864.88,1399551.3
2026-07-16,FW202603200001,fx_pb_1,-0.005475,-1637.09,299003.04
2026-07-16,FW202604210001,bank_2,0.007987,13858.37,1735023.62
2026-07-16,FW202605010001,fx_pb_1,-0.002592,-5007.57,1931970.31
2026-07-16,FW202605040001,fx_pb_1,-0.00764,-12738.22,1667275.52
2026-07-16,FW202605060001,fx_pb_1,0.003387,7133.79,2105986.13
2026-07-16,FW202605110001,bank_4,-0.00253,-4057.32,1603854.78
2026-07-16,FW202606090001,bank_1,0.001573,3422.75,2176612.5
2026-07-16,FW202606110001,bank_4,0.001946,4485.25,2304866.11
2026-07-16,FW202606120001,bank_3,-0.003875,-8725.82,2252024.96
2026-07-16,FW202607100001,bank_4,-0.001257,-3377.69,2687176.77
2026-07-16,FW202607160001,bank_1,-3e-05,-14.06,471084.51
2026-07-16,SW202602260001,fx_pb_1,-0.007852,-67420.54,8586244.64
2026-07-16,SW202603240001,fx_pb_1,-0.004841,-25887.33,5347700.5
2026-07-16,SW202603250001,bank_3,-0.011931,-24108.69,2020639.98
2026-07-16,SW202604240001,fx_pb_1,0.002213,4478.45,2023827.86
2026-07-16,SW202604300001,bank_1,0.014945,61660.04,4125691.18
2026-07-16,SW202605070001,bank_1,0.005805,16527.91,2847387.13
2026-07-16,SW202606010001,bank_3,-0.010967,-2630.84,239896.34
2026-07-16,SW202606030001,bank_3,-0.008728,-11170.49,1279814.13
2026-07-16,SW202606160001,bank_4,-0.00196,-2864.76,1461311.03
2026-07-16,SW202606290001,bank_4,0.004953,11246.08,2270366.53
2026-07-16,SW202607010001,bank_4,-0.009768,-67222.49,6881780.85
2026-07-16,SW202607140001,bank_4,-0.000281,-659.72,2348784.62
2026-07-16,SW202607150001,fx_pb_1,0.000145,251.47,1729445.49
2026-07-17,FW202601230001,bank_3,-0.001357,-3485.47,2567796.42
2026-07-17,FW202603190001,fx_pb_1,-0.010506,-14703.76,1399551.3
2026-07-17,FW202603200001,fx_pb_1,-0.005491,-1641.69,299003.04
2026-07-17,FW202604210001,bank_2,0.006914,11995.93,1735023.62
2026-07-17,FW202605010001,fx_pb_1,-0.00237,-4579.05,1931970.31
2026-07-17,FW202605040001,fx_pb_1,-0.007921,-13206.06,1667275.52
2026-07-17,FW202605060001,fx_pb_1,0.003824,8052.98,2105986.13
2026-07-17,FW202605110001,bank_4,-0.001518,-2435.15,1603854.78
2026-07-17,FW202606090001,bank_1,0.00178,3874.31,2176612.5
2026-07-17,FW202606110001,bank_4,0.002045,4713.31,2304866.11
2026-07-17,FW202606120001,bank_3,-0.003383,-7617.94,2252024.96
2026-07-17,FW202607100001,bank_4,0.000263,707.08,2687176.77
2026-07-17,FW202607160001,bank_1,0.000158,74.65,471084.51
2026-07-17,SW202602260001,fx_pb_1,-0.005986,-51393.43,8586244.64
2026-07-17,SW202603240001,fx_pb_1,-0.005406,-28908.05,5347700.5
2026-07-17,SW202603250001,bank_3,-0.01181,-23864.29,2020639.98
2026-07-17,SW202604240001,fx_pb_1,0.00057,1152.59,2023827.86
2026-07-17,SW202604300001,bank_1,0.016173,66726.67,4125691.18
2026-07-17,SW202605070001,bank_1,0.005209,14833.14,2847387.13
2026-07-17,SW202606010001,bank_3,-0.010225,-2452.87,239896.34
2026-07-17,SW202606030001,bank_3,-0.008017,-10260.87,1279814.13
2026-07-17,SW202606290001,bank_4,0.007212,16374.82,2270366.53
2026-07-17,SW202607010001,bank_4,-0.008879,-61104.93,6881780.85
2026-07-17,SW202607140001,bank_4,-0.002064,-4847.62,2348784.62
2026-07-17,SW202607150001,fx_pb_1,0.000669,1156.36,1729445.49
2026-07-20,FW202601230001,bank_3,-0.003084,-7920.07,2567796.42
2026-07-20,FW202603190001,fx_pb_1,-0.009722,-13606.43,1399551.3
2026-07-20,FW202603200001,fx_pb_1,-0.005155,-1541.45,299003.04
2026-07-20,FW202604210001,bank_2,0.00701,12162.93,1735023.62
2026-07-20,FW202605010001,fx_pb_1,-0.002102,-4060.93,1931970.31
2026-07-20,FW202605040001,fx_pb_1,-0.007462,-12441.06,1667275.52
2026-07-20,FW202605060001,fx_pb_1,0.003202,6742.33,2105986.13
2026-07-20,FW202605110001,bank_4,-0.001953,-3131.91,1603854.78
2026-07-20,FW202606090001,bank_1,0.002582,5618.97,2176612.5
2026-07-20,FW202606110001,bank_4,0.002087,4810.96,2304866.11
2026-07-20,FW202606120001,bank_3,-0.003543,-7979.34,2252024.96
2026-07-20,FW202607100001,bank_4,-0.000524,-1408.74,2687176.77
2026-07-20,FW202607160001,bank_1,0.000422,198.91,471084.51
2026-07-20,SW202602260001,fx_pb_1,-0.007082,-60810.57,8586244.64
2026-07-20,SW202603240001,fx_pb_1,-0.007635,-40831.24,5347700.5
2026-07-20,SW202603250001,bank_3,-0.012376,-25007.75,2020639.98
2026-07-20,SW202604240001,fx_pb_1,3.3e-05,65.94,2023827.86
2026-07-20,SW202604300001,bank_1,0.017257,71198.55,4125691.18
2026-07-20,SW202605070001,bank_1,0.005021,14297.92,2847387.13
2026-07-20,SW202606010001,bank_3,-0.009202,-2207.56,239896.34
2026-07-20,SW202606030001,bank_3,-0.007419,-9495.2,1279814.13
2026-07-20,SW202606290001,bank_4,0.01121,25451.3,2270366.53
2026-07-20,SW202607010001,bank_4,-0.010976,-75534.67,6881780.85
2026-07-20,SW202607140001,bank_4,-9e-06,-21.92,2348784.62
2026-07-20,SW202607150001,fx_pb_1,0.000191,330.65,1729445.49
2026-07-20,SW202607200001,fx_pb_1,0.000211,524.79,2486281.52
2026-07-21,FW202601230001,bank_3,-0.004138,-10624.9,2567796.42
2026-07-21,FW202603190001,fx_pb_1,-0.008545,-11959.33,1399551.3
2026-07-21,FW202603200001,fx_pb_1,-0.005231,-1564.09,299003.04
2026-07-21,FW202604210001,bank_2,0.007298,12662.39,1735023.62
2026-07-21,FW202605010001,fx_pb_1,-0.002336,-4513.46,1931970.31
2026-07-21,FW202605040001,fx_pb_1,-0.007397,-12332.12,1667275.52
2026-07-21,FW202605060001,fx_pb_1,0.002371,4993.08,2105986.13
2026-07-21,FW202605110001,bank_4,-0.002828,-4535.16,1603854.78
2026-07-21,FW202606090001,bank_1,0.002505,5452.49,2176612.5
2026-07-21,FW202606110001,bank_4,0.002255,5197.39,2304866.11
2026-07-21,FW202606120001,bank_3,-0.003692,-8313.97,2252024.96
2026-07-21,FW202607100001,bank_4,-0.001578,-4241.6,2687176.77
2026-07-21,FW202607160001,bank_1,0.001179,555.51,471084.51
2026-07-21,SW202602260001,fx_pb_1,-0.007187,-61708.6,8586244.64
2026-07-21,SW202603240001,fx_pb_1,-0.007252,-38781.57,5347700.5
2026-07-21,SW202603250001,bank_3,-0.012159,-24568.58,2020639.98
2026-07-21,SW202604240001,fx_pb_1,0.000748,1514.57,2023827.86
2026-07-21,SW202604300001,bank_1,0.01832,75583.48,4125691.18
2026-07-21,SW202605070001,bank_1,0.005034,14333.48,2847387.13
2026-07-21,SW202606010001,bank_3,-0.009947,-2386.17,239896.34
2026-07-21,SW202606030001,bank_3,-0.003448,-4412.33,1279814.13
2026-07-21,SW202606290001,bank_4,0.009772,22186.49,2270366.53
2026-07-21,SW202607010001,bank_4,-0.011742,-80804.62,6881780.85
2026-07-21,SW202607140001,bank_4,0.002441,5733.71,2348784.62
2026-07-21,SW202607150001,fx_pb_1,-0.000537,-928.23,1729445.49
2026-07-21,SW202607200001,fx_pb_1,4.8e-05,120.18,2486281.52
2026-07-21,SW202607210001,bank_4,-0.00053,-381.22,719923.07
2026-07-22,FW202601230001,bank_3,-0.005257,-13500.1,2567796.42
2026-07-22,FW202603190001,fx_pb_1,-0.010214,-14294.58,1399551.3
2026-07-22,FW202603200001,fx_pb_1,-0.004335,-1296.04,299003.04
2026-07-22,FW202604210001,bank_2,0.007446,12919.41,1735023.62
2026-07-22,FW202605010001,fx_pb_1,-0.002744,-5301.32,1931970.31
2026-07-22,FW202605040001,fx_pb_1,-0.007414,-12361.5,1667275.52
2026-07-22,FW202605060001,fx_pb_1,0.00492,10361.5,2105986.13
2026-07-22,FW202605110001,bank_4,-0.002843,-4559.73,1603854.78
2026-07-22,FW202606090001,bank_1,0.002962,6446.95,2176612.5
2026-07-22,FW202606110001,bank_4,0.002276,5246.95,2304866.11
2026-07-22,FW202606120001,bank_3,-0.003798,-8552.12,2252024.96
2026-07-22,FW202607100001,bank_4,-0.00203,-5455.95,2687176.77
2026-07-22,FW202607160001,bank_1,0.00026,122.25,471084.51
2026-07-22,SW202602260001,fx_pb_1,-0.005992,-51445.46,8586244.64
2026-07-22,SW202603240001,fx_pb_1,-0.005498,-29401.31,5347700.5
2026-07-22,SW202603250001,bank_3,-0.012242,-24737.07,2020639.98
2026-07-22,SW202604240001,fx_pb_1,0.001534,3103.85,2023827.86
2026-07-22,SW202604300001,bank_1,0.017012,70187.97,4125691.18
2026-07-22,SW202605070001,bank_1,0.004626,13171.23,2847387.13
2026-07-22,SW202606010001,bank_3,-0.010525,-2524.8,239896.34
2026-07-22,SW202606030001,bank_3,-0.003022,-3867.62,1279814.13
2026-07-22,SW202606290001,bank_4,0.010009,22723.84,2270366.53
2026-07-22,SW202607010001,bank_4,-0.01202,-82721.87,6881780.85
2026-07-22,SW202607140001,bank_4,0.002091,4910.21,2348784.62
2026-07-22,SW202607150001,fx_pb_1,-0.000151,-260.39,1729445.49
2026-07-22,SW202607200001,fx_pb_1,0.001051,2614.17,2486281.52
2026-07-22,SW202607210001,bank_4,-0.000734,-528.13,719923.07
2026-07-23,FW202601230001,bank_3,-0.003748,-9625.18,2567796.42
2026-07-23,FW202603190001,fx_pb_1,-0.011372,-15916.19,1399551.3
2026-07-23,FW202603200001,fx_pb_1,-0.006458,-1930.95,299003.04
2026-07-23,FW202604210001,bank_2,0.007446,12919.44,1735023.62
2026-07-23,FW202605010001,fx_pb_1,-0.002904,-5610.47,1931970.31
2026-07-23,FW202605040001,fx_pb_1,-0.007243,-12076.53,1667275.52
2026-07-23,FW202605060001,fx_pb_1,0.002438,5134.09,2105986.13
2026-07-23,FW202605110001,bank_4,-0.003178,-5097.5,1603854.78
2026-07-23,FW202606090001,bank_1,0.003232,7035.46,2176612.5
2026-07-23,FW202606110001,bank_4,0.002366,5454.0,2304866.11
2026-07-23,FW202606120001,bank_3,-0.003886,-8752.45,2252024.96
2026-07-23,FW202607100001,bank_4,-0.001692,-4546.16,2687176.77
2026-07-23,FW202607160001,bank_1,0.000324,152.81,471084.51
2026-07-23,SW202602260001,fx_pb_1,-0.006528,-56055.02,8586244.64
2026-07-23,SW202603240001,fx_pb_1,-0.006197,-33138.37,5347700.5
2026-07-23,SW202603250001,bank_3,-0.012415,-25086.79,2020639.98
2026-07-23,SW202604240001,fx_pb_1,0.001602,3241.33,2023827.86
2026-07-23,SW202604300001,bank_1,0.017776,73337.38,4125691.18
2026-07-23,SW202605070001,bank_1,0.004154,11828.18,2847387.13
2026-07-23,SW202606010001,bank_3,-0.010932,-2622.53,239896.34
2026-07-23,SW202606030001,bank_3,-0.003054,-3908.5,1279814.13
2026-07-23,SW202606290001,bank_4,0.009876,22422.92,2270366.53
2026-07-23,SW202607010001,bank_4,-0.014059,-96748.37,6881780.85
2026-07-23,SW202607140001,bank_4,0.001951,4581.54,2348784.62
2026-07-23,SW202607150001,fx_pb_1,-0.000884,-1529.45,1729445.49
2026-07-23,SW202607200001,fx_pb_1,0.001551,3857.34,2486281.52
2026-07-23,SW202607210001,bank_4,-0.000737,-530.5,719923.07
2026-07-23,SW202607230001,bank_2,-0.000727,-1725.77,2374969.38
2026-07-24,FW202603190001,fx_pb_1,-0.009888,-13838.28,1399551.3
2026-07-24,FW202603200001,fx_pb_1,-0.005516,-1649.22,299003.04
2026-07-24,FW202604210001,bank_2,0.006744,11701.2,1735023.62
2026-07-24,FW202605010001,fx_pb_1,-0.003331,-6434.95,1931970.31
2026-07-24,FW202605040001,fx_pb_1,-0.007072,-11791.75,1667275.52
2026-07-24,FW202605060001,fx_pb_1,0.003533,7440.49,2105986.13
2026-07-24,FW202605110001,bank_4,-0.003596,-5766.72,1603854.78
2026-07-24,FW202606090001,bank_1,0.00317,6900.76,2176612.5
2026-07-24,FW202606110001,bank_4,0.002492,5743.33,2304866.11
2026-07-24,FW202606120001,bank_3,-0.004344,-9781.87,2252024.96
2026-07-24,FW202607100001,bank_4,-0.00173,-4648.16,2687176.77
2026-07-24,FW202607160001,bank_1,0.00101,475.8,471084.51
2026-07-24,SP202607240001,bank_3,-0.003034,-9013.95,2971080.34
2026-07-24,SW202602260001,fx_pb_1,-0.006423,-55151.54,8586244.64
2026-07-24,SW202603240001,fx_pb_1,-0.00595,-31817.88,5347700.5
2026-07-24,SW202603250001,bank_3,-0.011973,-24192.9,2020639.98
2026-07-24,SW202604240001,fx_pb_1,0.002671,5405.16,2023827.86
2026-07-24,SW202604300001,bank_1,0.017357,71609.45,4125691.18
2026-07-24,SW202605070001,bank_1,0.004001,11392.84,2847387.13
2026-07-24,SW202606010001,bank_3,-0.010025,-2404.99,239896.34
2026-07-24,SW202606030001,bank_3,-0.003957,-5064.06,1279814.13
2026-07-24,SW202606290001,bank_4,0.010994,24961.01,2270366.53
2026-07-24,SW202607010001,bank_4,-0.014542,-100077.51,6881780.85
2026-07-24,SW202607140001,bank_4,0.00357,8384.91,2348784.62
2026-07-24,SW202607150001,fx_pb_1,-0.000227,-392.39,1729445.49
2026-07-24,SW202607200001,fx_pb_1,0.002193,5451.54,2486281.52
2026-07-24,SW202607210001,bank_4,-0.00064,-460.46,719923.07
2026-07-24,SW202607230001,bank_2,-0.001921,-4562.57,2374969.38
2026-07-27,FW202603190001,fx_pb_1,-0.009555,-13373.34,1399551.3
2026-07-27,FW202603200001,fx_pb_1,-0.004346,-1299.53,299003.04
2026-07-27,FW202604210001,bank_2,0.006179,10720.89,1735023.62
2026-07-27,FW202605010001,fx_pb_1,-0.00352,-6800.17,1931970.31
2026-07-27,FW202605040001,fx_pb_1,-0.007503,-12509.96,1667275.52
2026-07-27,FW202605060001,fx_pb_1,0.003673,7734.64,2105986.13
2026-07-27,FW202605110001,bank_4,-0.003392,-5440.02,1603854.78
2026-07-27,FW202606090001,bank_1,0.003307,7198.45,2176612.5
2026-07-27,FW202606110001,bank_4,0.002664,6140.22,2304866.11
2026-07-27,FW202606120001,bank_3,-0.004653,-10479.77,2252024.96
2026-07-27,FW202607100001,bank_4,-0.003401,-9139.21,2687176.77
2026-07-27,FW202607160001,bank_1,0.000745,351.11,471084.51
2026-07-27,SP202607240001,bank_3,-0.001617,-4803.37,2971080.34
2026-07-27,SW202602260001,fx_pb_1,-0.00692,-59418.81,8586244.64
2026-07-27,SW202603250001,bank_3,-0.012113,-24476.23,2020639.98
2026-07-27,SW202604300001,bank_1,0.017473,72087.28,4125691.18
2026-07-27,SW202605070001,bank_1,0.004434,12626.42,2847387.13
2026-07-27,SW202606010001,bank_3,-0.010231,-2454.34,239896.34
2026-07-27,SW202606030001,bank_3,-0.002685,-3436.69,1279814.13
2026-07-27,SW202606290001,bank_4,0.0106,24065.25,2270366.53
2026-07-27,SW202607010001,bank_4,-0.015259,-105010.59,6881780.85
2026-07-27,SW202607140001,bank_4,0.001702,3997.55,2348784.62
2026-07-27,SW202607150001,fx_pb_1,0.001112,1922.6,1729445.49
2026-07-27,SW202607200001,fx_pb_1,0.002109,5243.58,2486281.52
2026-07-27,SW202607210001,bank_4,-0.000508,-365.72,719923.07
2026-07-27,SW202607230001,bank_2,-0.002821,-6698.77,2374969.38
2026-07-27,SW202607270001,fx_pb_1,0.001343,121.94,90793.16
2026-07-28,FW202603190001,fx_pb_1,-0.009736,-13625.62,1399551.3
2026-07-28,FW202603200001,fx_pb_1,-0.004786,-1431.1,299003.04
2026-07-28,FW202604210001,bank_2,0.005963,10346.35,1735023.62
2026-07-28,FW202605010001,fx_pb_1,-0.003064,-5920.33,1931970.31
2026-07-28,FW202605040001,fx_pb_1,-0.008153,-13592.9,1667275.52
2026-07-28,FW202605060001,fx_pb_1,0.003876,8162.72,2105986.13
2026-07-28,FW202605110001,bank_4,-0.002809,-4504.46,1603854.78
2026-07-28,FW202606090001,bank_1,0.002622,5707.67,2176612.5
2026-07-28,FW202606110001,bank_4,0.002807,6469.94,2304866.11
2026-07-28,FW202606120001,bank_3,-0.004785,-10775.4,2252024.96
2026-07-28,FW202607100001,bank_4,-0.003322,-8927.0,2687176.77
2026-07-28,FW202607160001,bank_1,0.000478,225.18,471084.51
2026-07-28,SW202603250001,bank_3,-0.012071,-24391.22,2020639.98
2026-07-28,SW202604300001,bank_1,0.020103,82938.97,4125691.18
2026-07-28,SW202605070001,bank_1,0.004464,12709.48,2847387.13
2026-07-28,SW202606010001,bank_3,-0.010641,-2552.75,239896.34
2026-07-28,SW202606030001,bank_3,-0.001059,-1355.19,1279814.13
2026-07-28,SW202606290001,bank_4,0.011321,25703.01,2270366.53
2026-07-28,SW202607010001,bank_4,-0.015285,-105189.21,6881780.85
2026-07-28,SW202607140001,bank_4,0.002523,5926.38,2348784.62
2026-07-28,SW202607150001,fx_pb_1,0.001994,3449.15,1729445.49
2026-07-28,SW202607200001,fx_pb_1,0.002049,5094.6,2486281.52
2026-07-28,SW202607210001,bank_4,0.000206,148.53,719923.07
2026-07-28,SW202607230001,bank_2,-0.004847,-11512.55,2374969.38
2026-07-28,SW202607270001,fx_pb_1,0.002039,185.16,90793.16
2026-07-29,FW202603190001,fx_pb_1,-0.011156,-15612.78,1399551.3
2026-07-29,FW202603200001,fx_pb_1,-0.003325,-994.12,299003.04
2026-07-29,FW202604210001,bank_2,0.005207,9034.57,1735023.62
2026-07-29,FW202605010001,fx_pb_1,-0.002577,-4979.49,1931970.31
2026-07-29,FW202605040001,fx_pb_1,-0.008515,-14197.33,1667275.52
2026-07-29,FW202605060001,fx_pb_1,0.001186,2498.13,2105986.13
2026-07-29,FW202605110001,bank_4,-0.004118,-6605.35,1603854.78
2026-07-29,FW202606090001,bank_1,0.002677,5827.53,2176612.5
2026-07-29,FW202606110001,bank_4,0.002898,6678.95,2304866.11
2026-07-29,FW202606120001,bank_3,-0.004311,-9707.71,2252024.96
2026-07-29,FW202607100001,bank_4,-0.002507,-6738.06,2687176.77
2026-07-29,FW202607160001,bank_1,0.000324,152.67,471084.51
2026-07-29,FW202607290001,fx_pb_1,0.000125,1021.32,8176020.28
2026-07-29,SW202603250001,bank_3,-0.011937,-24119.48,2020639.98
2026-07-29,SW202604300001,bank_1,0.020362,84006.24,4125691.18
2026-07-29,SW202605070001,bank_1,0.003856,10980.15,2847387.13
2026-07-29,SW202606010001,bank_3,-0.010845,-2601.61,239896.34
2026-07-29,SW202606030001,bank_3,0.00075,959.94,1279814.13
2026-07-29,SW202606290001,bank_4,0.012542,28475.58,2270366.53
2026-07-29,SW202607010001,bank_4,-0.016976,-116828.12,6881780.85
2026-07-29,SW202607140001,bank_4,0.002537,5958.99,2348784.62
2026-07-29,SW202607150001,fx_pb_1,0.001869,3232.47,1729445.49
2026-07-29,SW202607200001,fx_pb_1,0.002058,5117.03,2486281.52
2026-07-29,SW202607210001,bank_4,-0.0005,-360.19,719923.07
2026-07-29,SW202607230001,bank_2,-0.006001,-14253.02,2374969.38
2026-07-29,SW202607270001,fx_pb_1,0.001718,156.0,90793.16
2026-07-30,FW202603190001,fx_pb_1,-0.00984,-13771.22,1399551.3
2026-07-30,FW202603200001,fx_pb_1,-0.004202,-1256.38,299003.04
2026-07-30,FW202604210001,bank_2,0.005824,10104.2,1735023.62
2026-07-30,FW202605010001,fx_pb_1,-0.00299,-5777.31,1931970.31
2026-07-30,FW202605040001,fx_pb_1,-0.00868,-14472.41,1667275.52
2026-07-30,FW202605060001,fx_pb_1,0.0,0.68,2105986.13
2026-07-30,FW202605110001,bank_4,-0.003532,-5664.5,1603854.78
2026-07-30,FW202606090001,bank_1,0.002683,5840.35,2176612.5
2026-07-30,FW202606110001,bank_4,0.002982,6872.07,2304866.11
2026-07-30,FW202606120001,bank_3,-0.003947,-8889.57,2252024.96
2026-07-30,FW202607100001,bank_4,-0.002358,-6335.84,2687176.77
2026-07-30,FW202607160001,bank_1,-0.000275,-129.75,471084.51
2026-07-30,FW202607290001,fx_pb_1,0.000346,2830.53,8176020.28
2026-07-30,SW202603250001,bank_3,-0.011907,-24060.38,2020639.98
2026-07-30,SW202604300001,bank_1,0.021124,87151.34,4125691.18
2026-07-30,SW202605070001,bank_1,0.003792,10797.02,2847387.13
2026-07-30,SW202606010001,bank_3,-0.010096,-2422.04,239896.34
2026-07-30,SW202606030001,bank_3,0.000512,655.83,1279814.13
2026-07-30,SW202606290001,bank_4,0.013411,30448.65,2270366.53
2026-07-30,SW202607010001,bank_4,-0.016962,-116728.38,6881780.85
2026-07-30,SW202607140001,bank_4,0.003137,7367.64,2348784.62
2026-07-30,SW202607150001,fx_pb_1,0.0014,2420.36,1729445.49
2026-07-30,SW202607200001,fx_pb_1,0.002293,5701.0,2486281.52
2026-07-30,SW202607210001,bank_4,-0.001186,-853.63,719923.07
2026-07-30,SW202607230001,bank_2,-0.006305,-14973.03,2374969.38
2026-07-30,SW202607270001,fx_pb_1,0.001183,107.42,90793.16
2026-07-31,FW202603190001,fx_pb_1,-0.010848,-15182.77,1399551.3
2026-07-31,FW202603200001,fx_pb_1,-0.001168,-349.23,299003.04
2026-07-31,FW202604210001,bank_2,0.006008,10423.68,1735023.62
2026-07-31,FW202605010001,fx_pb_1,-0.002953,-5704.9,1931970.31
2026-07-31,FW202605040001,fx_pb_1,-0.009728,-16219.21,1667275.52
2026-07-31,FW202605060001,fx_pb_1,0.000216,454.56,2105986.13
2026-07-31,FW202605110001,bank_4,-0.00311,-4988.57,1603854.78
2026-07-31,FW202606090001,bank_1,0.002756,5998.41,2176612.5
2026-07-31,FW202606110001,bank_4,0.002973,6853.4,2304866.11
2026-07-31,FW202606120001,bank_3,-0.00415,-9345.53,2252024.96
2026-07-31,FW202607100001,bank_4,-0.003948,-10610.15,2687176.77
2026-07-31,FW202607160001,bank_1,-9.7e-05,-45.47,471084.51
2026-07-31,FW202607290001,fx_pb_1,0.000299,2446.7,8176020.28
2026-07-31,SP202607310001,bank_1,-0.000103,-279.21,2716250.61
2026-07-31,SW202603250001,bank_3,-0.012086,-24420.66,2020639.98
2026-07-31,SW202604300001,bank_1,0.02098,86555.32,4125691.18
2026-07-31,SW202605070001,bank_1,0.003448,9818.7,2847387.13
2026-07-31,SW202606010001,bank_3,-0.009262,-2221.99,239896.34
2026-07-31,SW202606030001,bank_3,0.002859,3659.38,1279814.13
2026-07-31,SW202606290001,bank_4,0.014527,32982.24,2270366.53
2026-07-31,SW202607010001,bank_4,-0.017725,-121980.47,6881780.85
2026-07-31,SW202607140001,bank_4,0.001676,3935.39,2348784.62
2026-07-31,SW202607150001,fx_pb_1,0.001857,3211.23,1729445.49
2026-07-31,SW202607200001,fx_pb_1,0.002627,6532.53,2486281.52
2026-07-31,SW202607210001,bank_4,-7.9e-05,-56.81,719923.07
2026-07-31,SW202607230001,bank_2,-0.006579,-15625.48,2374969.38
2026-07-31,SW202607270001,fx_pb_1,0.001988,180.48,90793.16
2026-08-03,FW202603190001,fx_pb_1,-0.012329,-17254.8,1399551.3
2026-08-03,FW202603200001,fx_pb_1,-0.001421,-424.94,299003.04
2026-08-03,FW202604210001,bank_2,0.006515,11303.17,1735023.62
2026-08-03,FW202605010001,fx_pb_1,-0.002833,-5473.29,1931970.31
2026-08-03,FW202605040001,fx_pb_1,-0.010156,-16932.34,1667275.52
2026-08-03,FW202605060001,fx_pb_1,0.002231,4697.77,2105986.13
2026-08-03,FW202605110001,bank_4,-0.000843,-1351.31,1603854.78
2026-08-03,FW202606090001,bank_1,0.00207,4506.11,2176612.5
2026-08-03,FW202606110001,bank_4,0.002989,6888.51,2304866.11
2026-08-03,FW202606120001,bank_3,-0.004233,-9531.78,2252024.96
2026-08-03,FW202607100001,bank_4,-0.003621,-9729.14,2687176.77
2026-08-03,FW202607160001,bank_1,0.000542,255.36,471084.51
2026-08-03,FW202607290001,fx_pb_1,4.3e-05,347.62,8176020.28
2026-08-03,SP202607310001,bank_1,-0.000246,-668.72,2716250.61
2026-08-03,SW202603250001,bank_3,-0.012889,-26044.84,2020639.98
2026-08-03,SW202604300001,bank_1,0.022387,92360.8,4125691.18
2026-08-03,SW202605070001,bank_1,0.003835,10920.86,2847387.13
2026-08-03,SW202606010001,bank_3,-0.010183,-2442.93,239896.34
2026-08-03,SW202606030001,bank_3,0.00456,5835.43,1279814.13
2026-08-03,SW202606290001,bank_4,0.01482,33647.82,2270366.53
2026-08-03,SW202607010001,bank_4,-0.018557,-127707.97,6881780.85
2026-08-03,SW202607140001,bank_4,0.001471,3453.89,2348784.62
2026-08-03,SW202607150001,fx_pb_1,0.003423,5919.68,1729445.49
2026-08-03,SW202607200001,fx_pb_1,0.003708,9218.39,2486281.52
2026-08-03,SW202607210001,bank_4,6.9e-05,49.92,719923.07
2026-08-03,SW202607230001,bank_2,-0.00579,-13750.29,2374969.38
2026-08-03,SW202607270001,fx_pb_1,0.002039,185.09,90793.16
2026-08-03,SW202608030001,bank_2,0.000487,1188.0,2440971.02
2026-08-04,FW202603190001,fx_pb_1,-0.012162,-17021.86,1399551.3
2026-08-04,FW202603200001,fx_pb_1,-0.002578,-770.73,299003.04
2026-08-04,FW202604210001,bank_2,0.006588,11430.22,1735023.62
2026-08-04,FW202605010001,fx_pb_1,-0.003047,-5886.71,1931970.31
2026-08-04,FW202605040001,fx_pb_1,-0.010466,-17449.33,1667275.52
2026-08-04,FW202605060001,fx_pb_1,0.002792,5879.64,2105986.13
2026-08-04,FW202605110001,bank_4,-0.001265,-2028.87,1603854.78
2026-08-04,FW202606090001,bank_1,0.003207,6980.09,2176612.5
2026-08-04,FW202606110001,bank_4,0.00313,7214.59,2304866.11
2026-08-04,FW202606120001,bank_3,-0.00397,-8939.82,2252024.96
2026-08-04,FW202607100001,bank_4,-0.002717,-7301.17,2687176.77
2026-08-04,FW202607160001,bank_1,0.000897,422.39,471084.51
2026-08-04,FW202607290001,fx_pb_1,0.00057,4659.88,8176020.28
2026-08-04,SW202603250001,bank_3,-0.014096,-28482.31,2020639.98
2026-08-04,SW202604300001,bank_1,0.023176,95618.4,4125691.18
2026-08-04,SW202605070001,bank_1,0.004183,11910.49,2847387.13
2026-08-04,SW202606010001,bank_3,-0.009055,-2172.28,239896.34
2026-08-04,SW202606030001,bank_3,0.004808,6153.97,1279814.13
2026-08-04,SW202606290001,bank_4,0.012741,28926.18,2270366.53
2026-08-04,SW202607010001,bank_4,-0.016618,-114359.18,6881780.85
2026-08-04,SW202607140001,bank_4,-5.5e-05,-128.78,2348784.62
2026-08-04,SW202607150001,fx_pb_1,0.002412,4171.8,1729445.49
2026-08-04,SW202607200001,fx_pb_1,0.003439,8549.15,2486281.52
2026-08-04,SW202607210001,bank_4,-0.000421,-302.87,719923.07
2026-08-04,SW202607230001,bank_2,-0.004057,-9635.15,2374969.38
2026-08-04,SW202607270001,fx_pb_1,0.002626,238.46,90793.16
2026-08-04,SW202608030001,bank_2,-0.000172,-418.69,2440971.02
2026-08-05,FW202603190001,fx_pb_1,-0.013373,-18715.56,1399551.3
2026-08-05,FW202603200001,fx_pb_1,-0.003438,-1027.9,299003.04
2026-08-05,FW202604210001,bank_2,0.006689,11605.73,1735023.62
2026-08-05,FW202605010001,fx_pb_1,-0.002827,-5462.1,1931970.31
2026-08-05,FW202605040001,fx_pb_1,-0.010212,-17025.66,1667275.52
2026-08-05,FW202605060001,fx_pb_1,0.003945,8308.23,2105986.13
2026-08-05,FW202605110001,bank_4,-0.002028,-3251.9,1603854.78
2026-08-05,FW202606090001,bank_1,0.003211,6989.31,2176612.5
2026-08-05,FW202606110001,bank_4,0.003196,7366.15,2304866.11
2026-08-05,FW202606120001,bank_3,-0.004355,-9807.05,2252024.96
2026-08-05,FW202607100001,bank_4,-0.003117,-8376.31,2687176.77
2026-08-05,FW202607160001,bank_1,0.000957,450.72,471084.51
2026-08-05,FW202607290001,fx_pb_1,0.000247,2016.76,8176020.28
2026-08-05,SW202603250001,bank_3,-0.014435,-29167.84,2020639.98
2026-08-05,SW202604300001,bank_1,0.02318,95633.19,4125691.18
2026-08-05,SW202605070001,bank_1,0.003915,11148.27,2847387.13
2026-08-05,SW202606010001,bank_3,-0.00921,-2209.56,239896.34
2026-08-05,SW202606030001,bank_3,0.003059,3914.87,1279814.13
2026-08-05,SW202606290001,bank_4,0.013904,31567.24,2270366.53
2026-08-05,SW202607010001,bank_4,-0.011718,-80638.58,6881780.85
2026-08-05,SW202607140001,bank_4,-0.002547,-5983.39,2348784.62
2026-08-05,SW202607150001,fx_pb_1,0.003228,5582.11,1729445.49
2026-08-05,SW202607200001,fx_pb_1,0.003741,9300.35,2486281.52
2026-08-05,SW202607210001,bank_4,-0.001578,-1135.81,719923.07
2026-08-05,SW202607230001,bank_2,-0.003807,-9040.62,2374969.38
2026-08-05,SW202607270001,fx_pb_1,0.004008,363.93,90793.16
2026-08-05,SW202608030001,bank_2,-9e-06,-22.06,2440971.02
2026-08-06,FW202603190001,fx_pb_1,-0.012604,-17639.92,1399551.3
2026-08-06,FW202603200001,fx_pb_1,-0.002821,-843.6,299003.04
2026-08-06,FW202604210001,bank_2,0.005822,10102.11,1735023.62
2026-08-06,FW202605010001,fx_pb_1,-0.003055,-5902.13,1931970.31
2026-08-06,FW202605040001,fx_pb_1,-0.009666,-16115.43,1667275.52
2026-08-06,FW202605060001,fx_pb_1,0.004919,10358.68,2105986.13
2026-08-06,FW202605110001,bank_4,-0.002563,-4110.96,1603854.78
2026-08-06,FW202606090001,bank_1,0.003019,6570.65,2176612.5
2026-08-06,FW202606110001,bank_4,0.00333,7675.03,2304866.11
2026-08-06,FW202606120001,bank_3,-0.004701,-10586.1,2252024.96
2026-08-06,FW202607100001,bank_4,-0.002662,-7153.8,2687176.77
2026-08-06,FW202607160001,bank_1,0.000348,163.94,471084.51
2026-08-06,FW202607290001,fx_pb_1,0.00056,4574.62,8176020.28
2026-08-06,FW202608060001,bank_2,-0.000425,-1177.19,2773115.12
2026-08-06,SW202603250001,bank_3,-0.015348,-31012.64,2020639.98
2026-08-06,SW202604300001,bank_1,0.023545,97138.37,4125691.18
2026-08-06,SW202605070001,bank_1,0.00448,12756.03,2847387.13
2026-08-06,SW202606010001,bank_3,-0.007936,-1903.81,239896.34
2026-08-06,SW202606030001,bank_3,0.002293,2935.24,1279814.13
2026-08-06,SW202606290001,bank_4,0.012928,29350.23,2270366.53
2026-08-06,SW202607010001,bank_4,-0.012074,-83090.04,6881780.85
2026-08-06,SW202607140001,bank_4,-0.000418,-982.01,2348784.62
2026-08-06,SW202607150001,fx_pb_1,0.003822,6609.33,1729445.49
2026-08-06,SW202607200001,fx_pb_1,0.003575,8888.28,2486281.52
2026-08-06,SW202607210001,bank_4,-0.001413,-1017.36,719923.07
2026-08-06,SW202607230001,bank_2,-0.001729,-4105.3,2374969.38
2026-08-06,SW202607270001,fx_pb_1,0.005513,500.54,90793.16
2026-08-06,SW202608030001,bank_2,9.4e-05,230.21,2440971.02
2026-08-07,FW202603190001,fx_pb_1,-0.014154,-19809.65,1399551.3
2026-08-07,FW202603200001,fx_pb_1,-0.003266,-976.65,299003.04
2026-08-07,FW202604210001,bank_2,0.005984,10382.9,1735023.62
2026-08-07,FW202605010001,fx_pb_1,-0.003337,-6446.26,1931970.31
2026-08-07,FW202605040001,fx_pb_1,-0.010367,-17284.24,1667275.52
2026-08-07,FW202605110001,bank_4,-0.001154,-1850.65,1603854.78
2026-08-07,FW202606090001,bank_1,0.002767,6022.98,2176612.5
2026-08-07,FW202606110001,bank_4,0.0035,8066.09,2304866.11
2026-08-07,FW202606120001,bank_3,-0.00477,-10743.24,2252024.96
2026-08-07,FW202607100001,bank_4,-0.00437,-11742.45,2687176.77
2026-08-07,FW202607160001,bank_1,0.000163,76.96,471084.51
2026-08-07,FW202607290001,fx_pb_1,0.000607,4962.08,8176020.28
2026-08-07,FW202608060001,bank_2,-0.001044,-2894.22,2773115.12
2026-08-07,SW202603250001,bank_3,-0.015368,-31053.28,2020639.98
2026-08-07,SW202604300001,bank_1,0.022111,91222.94,4125691.18
2026-08-07,SW202605070001,bank_1,0.004414,12567.22,2847387.13
2026-08-07,SW202606010001,bank_3,-0.007165,-1718.88,239896.34
2026-08-07,SW202606030001,bank_3,0.001788,2288.24,1279814.13
2026-08-07,SW202606290001,bank_4,0.012918,29329.73,2270366.53
2026-08-07,SW202607010001,bank_4,-0.010555,-72636.59,6881780.85
2026-08-07,SW202607140001,bank_4,0.000114,268.69,2348784.62
2026-08-07,SW202607150001,fx_pb_1,0.003418,5911.81,1729445.49
2026-08-07,SW202607200001,fx_pb_1,0.002449,6087.89,2486281.52
2026-08-07,SW202607210001,bank_4,-0.001614,-1162.09,719923.07
2026-08-07,SW202607230001,bank_2,-0.001153,-2737.95,2374969.38
2026-08-07,SW202607270001,fx_pb_1,0.007841,711.92,90793.16
2026-08-07,SW202608030001,bank_2,0.000681,1662.18,2440971.02
2026-08-10,FW202603190001,fx_pb_1,-0.014491,-20280.37,1399551.3
2026-08-10,FW202603200001,fx_pb_1,-0.002942,-879.61,299003.04
2026-08-10,FW202604210001,bank_2,0.006346,11011.13,1735023.62
2026-08-10,FW202605010001,fx_pb_1,-0.003264,-6305.3,1931970.31
2026-08-10,FW202605040001,fx_pb_1,-0.010458,-17436.57,1667275.52
2026-08-10,FW202605110001,bank_4,-0.002535,-4066.19,1603854.78
2026-08-10,FW202606090001,bank_1,0.002108,4588.86,2176612.5
2026-08-10,FW202606110001,bank_4,0.003595,8284.92,2304866.11
2026-08-10,FW202606120001,bank_3,-0.005065,-11405.86,2252024.96
2026-08-10,FW202607100001,bank_4,-0.005168,-13888.37,2687176.77
2026-08-10,FW202607160001,bank_1,0.000234,110.42,471084.51
2026-08-10,FW202607290001,fx_pb_1,0.000574,4694.84,8176020.28
2026-08-10,FW202608060001,bank_2,-0.001828,-5070.33,2773115.12
2026-08-10,SW202603250001,bank_3,-0.016235,-32805.0,2020639.98
2026-08-10,SW202604300001,bank_1,0.023951,98812.94,4125691.18
2026-08-10,SW202606010001,bank_3,-0.006607,-1585.08,239896.34
2026-08-10,SW202606030001,bank_3,0.00231,2955.81,1279814.13
2026-08-10,SW202606290001,bank_4,0.012316,27961.97,2270366.53
2026-08-10,SW202607010001,bank_4,-0.010363,-71313.56,6881780.85
2026-08-10,SW202607140001,bank_4,0.001474,3462.24,2348784.62
2026-08-10,SW202607150001,fx_pb_1,0.002949,5100.91,1729445.49
2026-08-10,SW202607200001,fx_pb_1,0.002732,6793.2,2486281.52
2026-08-10,SW202607210001,bank_4,-0.001123,-808.43,719923.07
2026-08-10,SW202607230001,bank_2,-0.001077,-2557.02,2374969.38
2026-08-10,SW202607270001,fx_pb_1,0.005364,486.99,90793.16
2026-08-10,SW202608030001,bank_2,0.000814,1986.74,2440971.02
2026-08-11,FW202603190001,fx_pb_1,-0.013224,-18507.91,1399551.3
2026-08-11,FW202603200001,fx_pb_1,-0.00232,-693.59,299003.04
2026-08-11,FW202604210001,bank_2,0.006485,11251.42,1735023.62
2026-08-11,FW202605010001,fx_pb_1,-0.004031,-7787.1,1931970.31
2026-08-11,FW202605040001,fx_pb_1,-0.010072,-16792.27,1667275.52
2026-08-11,FW202605110001,bank_4,-0.004033,-6468.56,1603854.78
2026-08-11,FW202606090001,bank_1,0.002117,4608.84,2176612.5
2026-08-11,FW202606110001,bank_4,0.003708,8546.05,2304866.11
2026-08-11,FW202606120001,bank_3,-0.005461,-12297.67,2252024.96
2026-08-11,FW202607160001,bank_1,0.000382,180.1,471084.51
2026-08-11,FW202607290001,fx_pb_1,0.001167,9538.38,8176020.28
2026-08-11,FW202608060001,bank_2,-0.000927,-2571.94,2773115.12
2026-08-11,SW202603250001,bank_3,-0.01515,-30612.1,2020639.98
2026-08-11,SW202604300001,bank_1,0.02387,98481.59,4125691.18
2026-08-11,SW202606010001,bank_3,-0.005918,-1419.72,239896.34
2026-08-11,SW202606030001,bank_3,0.000353,452.11,1279814.13
2026-08-11,SW202606290001,bank_4,0.012388,28124.79,2270366.53
2026-08-11,SW202607010001,bank_4,-0.012577,-86551.52,6881780.85
2026-08-11,SW202607140001,bank_4,0.000655,1538.96,2348784.62
2026-08-11,SW202607150001,fx_pb_1,0.003161,5466.77,1729445.49
2026-08-11,SW202607200001,fx_pb_1,0.002784,6922.74,2486281.52
2026-08-11,SW202607210001,bank_4,5.9e-05,42.83,719923.07
2026-08-11,SW202607230001,bank_2,-0.001794,-4260.44,2374969.38
2026-08-11,SW202607270001,fx_pb_1,0.005767,523.57,90793.16
2026-08-11,SW202608030001,bank_2,0.001412,3446.39,2440971.02
2026-08-12,FW202603190001,fx_pb_1,-0.010614,-14855.14,1399551.3
2026-08-12,FW202603200001,fx_pb_1,-0.00307,-917.96,299003.04
2026-08-12,FW202604210001,bank_2,0.006572,11403.15,1735023.62
2026-08-12,FW202605010001,fx_pb_1,-0.004099,-7919.69,1931970.31
2026-08-12,FW202605040001,fx_pb_1,-0.009778,-16302.68,1667275.52
2026-08-12,FW202605110001,bank_4,-0.005176,-8301.97,1603854.78
2026-08-12,FW202606090001,bank_1,0.002486,5410.73,2176612.5
2026-08-12,FW202606110001,bank_4,0.003816,8795.31,2304866.11
2026-08-12,FW202606120001,bank_3,-0.005258,-11840.03,2252024.96
2026-08-12,FW202607160001,bank_1,0.000286,134.59,471084.51
2026-08-12,FW202607290001,fx_pb_1,0.001787,14607.37,8176020.28
2026-08-12,FW202608060001,bank_2,-5.2e-05,-144.01,2773115.12
2026-08-12,SW202603250001,bank_3,-0.015109,-30530.27,2020639.98
2026-08-12,SW202604300001,bank_1,0.023361,96380.35,4125691.18
2026-08-12,SW202606010001,bank_3,-0.006163,-1478.55,239896.34
2026-08-12,SW202606030001,bank_3,-5e-05,-63.38,1279814.13
2026-08-12,SW202606290001,bank_4,0.014087,31982.95,2270366.53
2026-08-12,SW202607010001,bank_4,-0.012527,-86204.99,6881780.85
2026-08-12,SW202607140001,bank_4,0.000422,991.82,2348784.62
2026-08-12,SW202607150001,fx_pb_1,0.003816,6600.23,1729445.49
2026-08-12,SW202607200001,fx_pb_1,0.00288,7160.26,2486281.52
2026-08-12,SW202607210001,bank_4,0.000358,257.49,719923.07
2026-08-12,SW202607230001,bank_2,-0.001992,-4730.24,2374969.38
2026-08-12,SW202607270001,fx_pb_1,0.005294,480.68,90793.16
2026-08-12,SW202608030001,bank_2,0.000307,750.49,2440971.02
2026-08-12,SW202608120001,fx_pb_1,-0.001201,-5306.16,4417499.88
2026-08-13,FW202603190001,fx_pb_1,-0.010364,-14505.31,1399551.3
2026-08-13,FW202603200001,fx_pb_1,-0.00095,-283.96,299003.04
2026-08-13,FW202604210001,bank_2,0.005906,10246.25,1735023.62
2026-08-13,FW202605010001,fx_pb_1,-0.003675,-7100.82,1931970.31
2026-08-13,FW202605040001,fx_pb_1,-0.009952,-16592.79,1667275.52
2026-08-13,FW202605110001,bank_4,-0.005294,-8490.57,1603854.78
2026-08-13,FW202606090001,bank_1,0.002382,5184.08,2176612.5
2026-08-13,FW202606110001,bank_4,0.003882,8947.72,2304866.11
2026-08-13,FW202606120001,bank_3,-0.005346,-12038.53,2252024.96
2026-08-13,FW202607160001,bank_1,-5.6e-05,-26.17,471084.51
2026-08-13,FW202607290001,fx_pb_1,0.002033,16619.63,8176020.28
2026-08-13,FW202608060001,bank_2,0.000218,604.23,2773115.12
2026-08-13,SW202603250001,bank_3,-0.015273,-30860.91,2020639.98
2026-08-13,SW202604300001,bank_1,0.022323,92096.16,4125691.18
2026-08-13,SW202606010001,bank_3,-0.006445,-1546.08,239896.34
2026-08-13,SW202606030001,bank_3,0.000935,1196.32,1279814.13
2026-08-13,SW202606290001,bank_4,0.014019,31828.35,2270366.53
2026-08-13,SW202607010001,bank_4,-0.014174,-97539.58,6881780.85
2026-08-13,SW202607140001,bank_4,-0.001296,-3043.44,2348784.62
2026-08-13,SW202607150001,fx_pb_1,0.004572,7906.82,1729445.49
2026-08-13,SW202607200001,fx_pb_1,0.003857,9589.68,2486281.52
2026-08-13,SW202607210001,bank_4,0.000809,582.26,719923.07
2026-08-13,SW202607230001,bank_2,-0.001054,-2502.24,2374969.38
2026-08-13,SW202607270001,fx_pb_1,0.001834,166.54,90793.16
2026-08-13,SW202608030001,bank_2,0.00165,4028.47,2440971.02
2026-08-13,SW202608120001,fx_pb_1,-0.000674,-2975.28,4417499.88
2026-08-14,FW202603190001,fx_pb_1,-0.011303,-15819.3,1399551.3
2026-08-14,FW202603200001,fx_pb_1,-0.003489,-1043.33,299003.04
2026-08-14,FW202604210001,bank_2,0.005686,9864.61,1735023.62
2026-08-14,FW202605010001,fx_pb_1,-0.003434,-6635.0,1931970.31
2026-08-14,FW202605040001,fx_pb_1,-0.009729,-16221.35,1667275.52
2026-08-14,FW202605110001,bank_4,-0.006662,-10685.06,1603854.78
2026-08-14,FW202606090001,bank_1,0.002514,5472.66,2176612.5
2026-08-14,FW202606110001,bank_4,0.003865,8908.16,2304866.11
2026-08-14,FW202606120001,bank_3,-0.005948,-13395.22,2252024.96
2026-08-14,FW202607160001,bank_1,0.000386,181.83,471084.51
2026-08-14,FW202607290001,fx_pb_1,0.001543,12613.47,8176020.28
2026-08-14,FW202608060001,bank_2,4.8e-05,133.65,2773115.12
2026-08-14,SW202603250001,bank_3,-0.01507,-30450.86,2020639.98
2026-08-14,SW202604300001,bank_1,0.021891,90316.31,4125691.18
2026-08-14,SW202606010001,bank_3,-0.005192,-1245.56,239896.34
2026-08-14,SW202606030001,bank_3,0.001749,2238.95,1279814.13
2026-08-14,SW202606290001,bank_4,0.015942,36195.24,2270366.53
2026-08-14,SW202607010001,bank_4,-0.014729,-101362.22,6881780.85
2026-08-14,SW202607140001,bank_4,1.6e-05,38.57,2348784.62
2026-08-14,SW202607150001,fx_pb_1,0.004132,7146.51,1729445.49
2026-08-14,SW202607200001,fx_pb_1,0.004198,10436.27,2486281.52
2026-08-14,SW202607210001,bank_4,0.001264,910.3,719923.07
2026-08-14,SW202607230001,bank_2,-0.000575,-1365.5,2374969.38
2026-08-14,SW202607270001,fx_pb_1,-0.001356,-123.13,90793.16
2026-08-14,SW202608030001,bank_2,0.001922,4691.56,2440971.02
2026-08-14,SW202608120001,fx_pb_1,0.001358,5998.59,4417499.88
2026-08-17,FW202603190001,fx_pb_1,-0.013015,-18215.61,1399551.3
2026-08-17,FW202603200001,fx_pb_1,-0.004477,-1338.51,299003.04
2026-08-17,FW202604210001,bank_2,0.005811,10082.05,1735023.62
2026-08-17,FW202605010001,fx_pb_1,-0.003235,-6249.76,1931970.31
2026-08-17,FW202605040001,fx_pb_1,-0.009572,-15959.92,1667275.52
2026-08-17,FW202605110001,bank_4,-0.007757,-12441.23,1603854.78
2026-08-17,FW202606090001,bank_1,0.002324,5059.33,2176612.5
2026-08-17,FW202606110001,bank_4,0.003954,9113.53,2304866.11
2026-08-17,FW202606120001,bank_3,-0.006147,-13844.2,2252024.96
2026-08-17,FW202607160001,bank_1,0.000953,449.03,471084.51
2026-08-17,FW202607290001,fx_pb_1,0.001443,11794.63,8176020.28
2026-08-17,FW202608060001,bank_2,0.001115,3091.87,2773115.12
2026-08-17,FW202608170001,fx_pb_1,0.001927,3249.98,1686584.92
2026-08-17,SW202603250001,bank_3,-0.015901,-32129.6,2020639.98
2026-08-17,SW202604300001,bank_1,0.02147,88579.73,4125691.18
2026-08-17,SW202606010001,bank_3,-0.006129,-1470.23,239896.34
2026-08-17,SW202606030001,bank_3,0.001119,1431.9,1279814.13
2026-08-17,SW202606290001,bank_4,0.016718,37955.11,2270366.53
2026-08-17,SW202607010001,bank_4,-0.0122,-83955.34,6881780.85
2026-08-17,SW202607140001,bank_4,0.001239,2910.89,2348784.62
2026-08-17,SW202607150001,fx_pb_1,0.004722,8165.9,1729445.49
2026-08-17,SW202607200001,fx_pb_1,0.003482,8658.02,2486281.52
2026-08-17,SW202607210001,bank_4,0.002011,1447.99,719923.07
2026-08-17,SW202607230001,bank_2,0.000119,283.07,2374969.38
2026-08-17,SW202607270001,fx_pb_1,-0.003848,-349.35,90793.16
2026-08-17,SW202608030001,bank_2,0.002995,7309.8,2440971.02
2026-08-17,SW202608120001,fx_pb_1,-0.001014,-4479.12,4417499.88
2026-08-18,FW202603190001,fx_pb_1,-0.011426,-15991.94,1399551.3
2026-08-18,FW202603200001,fx_pb_1,-0.008514,-2545.7,299003.04
2026-08-18,FW202604210001,bank_2,0.006429,11154.11,1735023.62
2026-08-18,FW202605010001,fx_pb_1,-0.002781,-5373.4,1931970.31
2026-08-18,FW202605040001,fx_pb_1,-0.009335,-15563.74,1667275.52
2026-08-18,FW202605110001,bank_4,-0.006745,-10818.39,1603854.78
2026-08-18,FW202606090001,bank_1,0.003114,6777.43,2176612.5
2026-08-18,FW202606110001,bank_4,0.004101,9453.24,2304866.11
2026-08-18,FW202606120001,bank_3,-0.007057,-15891.62,2252024.96
2026-08-18,FW202607160001,bank_1,0.001138,536.29,471084.51
2026-08-18,FW202607290001,fx_pb_1,0.001253,10242.01,8176020.28
2026-08-18,FW202608060001,bank_2,0.001752,4859.29,2773115.12
2026-08-18,FW202608170001,fx_pb_1,0.002891,4875.5,1686584.92
2026-08-18,SW202603250001,bank_3,-0.015711,-31745.58,2020639.98
2026-08-18,SW202604300001,bank_1,0.021636,89263.44,4125691.18
2026-08-18,SW202606010001,bank_3,-0.008049,-1930.86,239896.34
2026-08-18,SW202606030001,bank_3,0.001339,1714.0,1279814.13
2026-08-18,SW202606290001,bank_4,0.01629,36983.45,2270366.53
2026-08-18,SW202607010001,bank_4,-0.013914,-95752.98,6881780.85
2026-08-18,SW202607140001,bank_4,0.00148,3477.31,2348784.62
2026-08-18,SW202607150001,fx_pb_1,0.003597,6221.35,1729445.49
2026-08-18,SW202607200001,fx_pb_1,0.00446,11088.54,2486281.52
2026-08-18,SW202607210001,bank_4,0.001974,1421.15,719923.07
2026-08-18,SW202607230001,bank_2,0.000407,966.53,2374969.38
2026-08-18,SW202607270001,fx_pb_1,-0.000495,-44.96,90793.16
2026-08-18,SW202608030001,bank_2,0.003599,8785.49,2440971.02
2026-08-18,SW202608120001,fx_pb_1,-0.002292,-10123.18,4417499.88
2026-08-18,SW202608180001,fx_pb_1,0.000379,525.82,1389052.48
2026-08-19,FW202603190001,fx_pb_1,-0.012954,-18130.34,1399551.3
2026-08-19,FW202603200001,fx_pb_1,-0.009977,-2983.01,299003.04
2026-08-19,FW202604210001,bank_2,0.006371,11053.89,1735023.62
2026-08-19,FW202605010001,fx_pb_1,-0.00234,-4520.37,1931970.31
2026-08-19,FW202605040001,fx_pb_1,-0.00857,-14288.84,1667275.52
2026-08-19,FW202605110001,bank_4,-0.007044,-11298.17,1603854.78
2026-08-19,FW202606090001,bank_1,0.003015,6562.8,2176612.5
2026-08-19,FW202606110001,bank_4,0.004163,9595.17,2304866.11
2026-08-19,FW202606120001,bank_3,-0.007156,-16115.02,2252024.96
2026-08-19,FW202607160001,bank_1,0.000671,316.07,471084.51
2026-08-19,FW202607290001,fx_pb_1,0.00129,10546.51,8176020.28
2026-08-19,FW202608060001,bank_2,0.003006,8337.29,2773115.12
2026-08-19,FW202608170001,fx_pb_1,0.000867,1462.19,1686584.92
2026-08-19,FW202608190001,bank_2,-0.000974,-2124.8,2181489.59
2026-08-19,SW202603250001,bank_3,-0.016731,-33807.45,2020639.98
2026-08-19,SW202604300001,bank_1,0.021882,90279.06,4125691.18
2026-08-19,SW202606010001,bank_3,-0.009584,-2299.27,239896.34
2026-08-19,SW202606030001,bank_3,-0.000788,-1008.7,1279814.13
2026-08-19,SW202606290001,bank_4,0.017384,39468.36,2270366.53
2026-08-19,SW202607010001,bank_4,-0.013017,-89580.18,6881780.85
2026-08-19,SW202607140001,bank_4,0.000638,1498.8,2348784.62
2026-08-19,SW202607150001,fx_pb_1,0.003915,6770.34,1729445.49
2026-08-19,SW202607200001,fx_pb_1,0.004702,11690.13,2486281.52
2026-08-19,SW202607210001,bank_4,0.002283,1643.25,719923.07
2026-08-19,SW202607230001,bank_2,0.002205,5236.82,2374969.38
2026-08-19,SW202607270001,fx_pb_1,0.000767,69.65,90793.16
2026-08-19,SW202608030001,bank_2,0.004125,10069.58,2440971.02
2026-08-19,SW202608120001,fx_pb_1,-0.001869,-8254.76,4417499.88
2026-08-19,SW202608180001,fx_pb_1,0.000664,921.97,1389052.48
2026-08-20,FW202603200001,fx_pb_1,-0.009598,-2869.82,299003.04
2026-08-20,FW202604210001,bank_2,0.007737,13423.2,1735023.62
2026-08-20,FW202605010001,fx_pb_1,-0.001576,-3044.5,1931970.31
2026-08-20,FW202605040001,fx_pb_1,-0.008502,-14175.03,1667275.52
2026-08-20,FW202605110001,bank_4,-0.007866,-12616.57,1603854.78
2026-08-20,FW202606090001,bank_1,0.00318,6921.73,2176612.5
2026-08-20,FW202606110001,bank_4,0.004207,9697.13,2304866.11
2026-08-20,FW202606120001,bank_3,-0.006531,-14708.08,2252024.96
2026-08-20,FW202607160001,bank_1,0.000972,458.09,471084.51
2026-08-20,FW202607290001,fx_pb_1,0.001627,13305.93,8176020.28
2026-08-20,FW202608060001,bank_2,0.002583,7163.12,2773115.12
2026-08-20,FW202608170001,fx_pb_1,-0.000804,-1355.19,1686584.92
2026-08-20,FW202608190001,bank_2,-0.001366,-2980.01,2181489.59
2026-08-20,SP202608200001,fx_pb_1,7.3e-05,95.86,1310883.13
2026-08-20,SW202603250001,bank_3,-0.016025,-32380.22,2020639.98
2026-08-20,SW202604300001,bank_1,0.020624,85089.86,4125691.18
2026-08-20,SW202606010001,bank_3,-0.008101,-1943.48,239896.34
2026-08-20,SW202606030001,bank_3,-0.000685,-876.42,1279814.13
2026-08-20,SW202606290001,bank_4,0.016345,37108.59,2270366.53
2026-08-20,SW202607010001,bank_4,-0.014147,-97357.26,6881780.85
2026-08-20,SW202607140001,bank_4,-0.001508,-3541.78,2348784.62
2026-08-20,SW202607150001,fx_pb_1,0.003776,6529.76,1729445.49
2026-08-20,SW202607200001,fx_pb_1,0.004992,12412.35,2486281.52
2026-08-20,SW202607210001,bank_4,0.001934,1392.63,719923.07
2026-08-20,SW202607230001,bank_2,0.002468,5861.44,2374969.38
2026-08-20,SW202607270001,fx_pb_1,0.000258,23.43,90793.16
2026-08-20,SW202608030001,bank_2,0.003779,9224.56,2440971.02
2026-08-20,SW202608120001,fx_pb_1,-0.000818,-3611.55,4417499.88
2026-08-20,SW202608180001,fx_pb_1,0.000746,1036.92,1389052.48
2026-08-21,FW202604210001,bank_2,0.007336,12728.56,1735023.62
2026-08-21,FW202605010001,fx_pb_1,-0.001855,-3584.77,1931970.31
2026-08-21,FW202605040001,fx_pb_1,-0.008338,-13900.96,1667275.52
2026-08-21,FW202605110001,bank_4,-0.009287,-14894.26,1603854.78
2026-08-21,FW202606090001,bank_1,0.003967,8634.88,2176612.5
2026-08-21,FW202606110001,bank_4,0.004296,9902.05,2304866.11
2026-08-21,FW202606120001,bank_3,-0.005964,-13431.35,2252024.96
2026-08-21,FW202607160001,bank_1,0.00146,687.6,471084.51
2026-08-21,FW202607290001,fx_pb_1,0.002113,17274.61,8176020.28
2026-08-21,FW202608060001,bank_2,0.002665,7391.14,2773115.12
2026-08-21,FW202608170001,fx_pb_1,-0.000615,-1037.77,1686584.92
2026-08-21,FW202608190001,bank_2,-0.001519,-3313.13,2181489.59
2026-08-21,SP202608200001,fx_pb_1,0.001606,2105.43,1310883.13
2026-08-21,SP202608210001,bank_3,0.001098,2819.73,2567648.22
2026-08-21,SW202603250001,bank_3,-0.01546,-31238.34,2020639.98
2026-08-21,SW202604300001,bank_1,0.020329,83872.62,4125691.18
2026-08-21,SW202606010001,bank_3,-0.009175,-2200.99,239896.34
2026-08-21,SW202606030001,bank_3,-0.002133,-2729.99,1279814.13
2026-08-21,SW202606290001,bank_4,0.017654,40080.07,2270366.53
2026-08-21,SW202607010001,bank_4,-0.01355,-93246.63,6881780.85
2026-08-21,SW202607140001,bank_4,-0.004473,-10507.16,2348784.62
2026-08-21,SW202607150001,fx_pb_1,0.004583,7925.94,1729445.49
2026-08-21,SW202607200001,fx_pb_1,0.00392,9747.37,2486281.52
2026-08-21,SW202607210001,bank_4,0.002801,2016.16,719923.07
2026-08-21,SW202607230001,bank_2,0.003995,9487.61,2374969.38
2026-08-21,SW202607270001,fx_pb_1,0.000735,66.7,90793.16
2026-08-21,SW202608030001,bank_2,0.004681,11425.84,2440971.02
2026-08-21,SW202608120001,fx_pb_1,0.000754,3329.78,4417499.88
2026-08-21,SW202608180001,fx_pb_1,0.00088,1222.86,1389052.48
2026-08-24,FW202605010001,fx_pb_1,-0.00168,-3244.88,1931970.31
2026-08-24,FW202605040001,fx_pb_1,-0.008688,-14484.76,1667275.52
2026-08-24,FW202605110001,bank_4,-0.006547,-10500.93,1603854.78
2026-08-24,FW202606090001,bank_1,0.004496,9786.5,2176612.5
2026-08-24,FW202606110001,bank_4,0.004436,10225.5,2304866.11
2026-08-24,FW202606120001,bank_3,-0.005801,-13064.52,2252024.96
2026-08-24,FW202607160001,bank_1,0.002317,1091.31,471084.51
2026-08-24,FW202607290001,fx_pb_1,0.002012,16453.94,8176020.28
2026-08-24,FW202608060001,bank_2,0.003194,8858.57,2773115.12
2026-08-24,FW202608170001,fx_pb_1,0.001571,2650.39,1686584.92
2026-08-24,FW202608190001,bank_2,-0.001526,-3328.15,2181489.59
2026-08-24,FW202608240001,bank_1,-0.001179,-228.66,193966.18
2026-08-24,SP202608210001,bank_3,0.000808,2074.61,2567648.22
2026-08-24,SW202603250001,bank_3,-0.015815,-31956.13,2020639.98
2026-08-24,SW202604300001,bank_1,0.020813,85869.35,4125691.18
2026-08-24,SW202606010001,bank_3,-0.009195,-2205.83,239896.34
2026-08-24,SW202606030001,bank_3,-0.002004,-2564.21,1279814.13
2026-08-24,SW202606290001,bank_4,0.019083,43324.85,2270366.53
2026-08-24,SW202607010001,bank_4,-0.013886,-95559.6,6881780.85
2026-08-24,SW202607140001,bank_4,-0.001258,-2954.45,2348784.62
2026-08-24,SW202607150001,fx_pb_1,0.004677,8088.29,1729445.49
2026-08-24,SW202607200001,fx_pb_1,0.004529,11261.12,2486281.52
2026-08-24,SW202607210001,bank_4,0.003384,2436.57,719923.07
2026-08-24,SW202607230001,bank_2,0.00214,5081.99,2374969.38
2026-08-24,SW202607270001,fx_pb_1,-0.000961,-87.23,90793.16
2026-08-24,SW202608030001,bank_2,0.004672,11405.26,2440971.02
2026-08-24,SW202608120001,fx_pb_1,0.000672,2967.89,4417499.88
2026-08-24,SW202608180001,fx_pb_1,0.001009,1401.69,1389052.48
2026-08-25,FW202605010001,fx_pb_1,-0.001028,-1985.71,1931970.31
2026-08-25,FW202605040001,fx_pb_1,-0.008643,-14410.98,1667275.52
2026-08-25,FW202605110001,bank_4,-0.006281,-10074.1,1603854.78
2026-08-25,FW202606090001,bank_1,0.005591,12170.16,2176612.5
2026-08-25,FW202606110001,bank_4,0.004493,10355.6,2304866.11
2026-08-25,FW202606120001,bank_3,-0.005957,-13414.4,2252024.96
2026-08-25,FW202607160001,bank_1,0.002274,1071.17,471084.51
2026-08-25,FW202607290001,fx_pb_1,0.001917,15677.07,8176020.28
2026-08-25,FW202608060001,bank_2,0.004685,12992.31,2773115.12
2026-08-25,FW202608170001,fx_pb_1,0.001183,1994.42,1686584.92
2026-08-25,FW202608190001,bank_2,-0.001193,-2603.35,2181489.59
2026-08-25,FW202608240001,bank_1,0.001269,246.12,193966.18
2026-08-25,SP202608250001,bank_3,0.001062,599.19,564094.27
2026-08-25,SP202608250002,bank_3,0.000313,90.59,289280.29
2026-08-25,SW202603250001,bank_3,-0.015892,-32112.43,2020639.98
2026-08-25,SW202604300001,bank_1,0.021775,89838.16,4125691.18
2026-08-25,SW202606010001,bank_3,-0.008481,-2034.58,239896.34
2026-08-25,SW202606030001,bank_3,-0.002281,-2918.66,1279814.13
2026-08-25,SW202606290001,bank_4,0.019389,44020.95,2270366.53
2026-08-25,SW202607010001,bank_4,-0.012818,-88210.14,6881780.85
2026-08-25,SW202607140001,bank_4,-0.003232,-7592.0,2348784.62
2026-08-25,SW202607150001,fx_pb_1,0.004577,7915.11,1729445.49
2026-08-25,SW202607200001,fx_pb_1,0.004146,10308.32,2486281.52
2026-08-25,SW202607210001,bank_4,0.003636,2617.84,719923.07
2026-08-25,SW202607230001,bank_2,0.002472,5869.75,2374969.38
2026-08-25,SW202607270001,fx_pb_1,-0.002174,-197.41,90793.16
2026-08-25,SW202608030001,bank_2,0.004419,10786.65,2440971.02
2026-08-25,SW202608120001,fx_pb_1,0.000867,3828.32,4417499.88
2026-08-25,SW202608180001,fx_pb_1,0.000881,1224.3,1389052.48
2026-08-26,FW202605010001,fx_pb_1,-0.000944,-1824.14,1931970.31
2026-08-26,FW202605040001,fx_pb_1,-0.00854,-14237.87,1667275.52
2026-08-26,FW202605110001,bank_4,-0.005941,-9528.42,1603854.78
2026-08-26,FW202606090001,bank_1,0.005239,11403.17,2176612.5
2026-08-26,FW202606110001,bank_4,0.004548,10481.67,2304866.11
2026-08-26,FW202606120001,bank_3,-0.006021,-13559.03,2252024.96
2026-08-26,FW202607160001,bank_1,0.002152,1013.73,471084.51
2026-08-26,FW202607290001,fx_pb_1,0.002115,17289.55,8176020.28
2026-08-26,FW202608060001,bank_2,0.003687,10225.49,2773115.12
2026-08-26,FW202608170001,fx_pb_1,0.001621,2733.77,1686584.92
2026-08-26,FW202608190001,bank_2,-0.000551,-1203.07,2181489.59
2026-08-26,FW202608240001,bank_1,0.000524,101.65,193966.18
2026-08-26,FW202608260002,bank_1,-0.000882,-58.92,66810.56
2026-08-26,SP202608250001,bank_3,0.002354,1328.11,564094.27
2026-08-26,SP202608250002,bank_3,0.000222,64.16,289280.29
2026-08-26,SP202608260001,bank_3,3.2e-05,51.78,1604143.14
2026-08-26,SW202604300001,bank_1,0.022973,94779.24,4125691.18
2026-08-26,SW202606010001,bank_3,-0.009986,-2395.53,239896.34
2026-08-26,SW202606030001,bank_3,-0.002119,-2711.44,1279814.13
2026-08-26,SW202606290001,bank_4,0.021198,48127.58,2270366.53
2026-08-26,SW202607010001,bank_4,-0.015418,-106105.07,6881780.85
2026-08-26,SW202607140001,bank_4,-0.003996,-9385.04,2348784.62
2026-08-26,SW202607150001,fx_pb_1,0.003773,6524.38,1729445.49
2026-08-26,SW202607200001,fx_pb_1,0.004,9946.11,2486281.52
2026-08-26,SW202607210001,bank_4,0.004294,3091.68,719923.07
2026-08-26,SW202607230001,bank_2,0.00098,2327.35,2374969.38
2026-08-26,SW202607270001,fx_pb_1,-0.00151,-137.11,90793.16
2026-08-26,SW202608030001,bank_2,0.003869,9444.92,2440971.02
2026-08-26,SW202608120001,fx_pb_1,0.003159,13955.92,4417499.88
2026-08-26,SW202608180001,fx_pb_1,0.00168,2332.97,1389052.48
2026-08-27,FW202605010001,fx_pb_1,-0.00085,-1642.94,1931970.31
2026-08-27,FW202605040001,fx_pb_1,-0.00889,-14822.5,1667275.52
2026-08-27,FW202605110001,bank_4,-0.006232,-9994.95,1603854.78
2026-08-27,FW202606090001,bank_1,0.005858,12750.08,2176612.5
2026-08-27,FW202606110001,bank_4,0.004579,10553.09,2304866.11
2026-08-27,FW202606120001,bank_3,-0.005965,-13434.13,2252024.96
2026-08-27,FW202607160001,bank_1,0.001756,827.19,471084.51
2026-08-27,FW202607290001,fx_pb_1,0.002478,20257.98,8176020.28
2026-08-27,FW202608060001,bank_2,0.00299,8292.21,2773115.12
2026-08-27,FW202608170001,fx_pb_1,0.000501,845.1,1686584.92
2026-08-27,FW202608190001,bank_2,-0.000635,-1385.91,2181489.59
2026-08-27,FW202608240001,bank_1,0.000823,159.64,193966.18
2026-08-27,FW202608260002,bank_1,-0.001613,-107.74,66810.56
2026-08-27,FW202608270001,fx_pb_1,-0.000293,-487.55,1666188.32
2026-08-27,SP202608260001,bank_3,0.000233,373.81,1604143.14
2026-08-27,SW202604300001,bank_1,0.024116,99493.19,4125691.18
2026-08-27,SW202606010001,bank_3,-0.009571,-2296.01,239896.34
2026-08-27,SW202606030001,bank_3,-0.00081,-1037.19,1279814.13
2026-08-27,SW202606290001,bank_4,0.022165,50321.75,2270366.53
2026-08-27,SW202607010001,bank_4,-0.014648,-100803.47,6881780.85
2026-08-27,SW202607140001,bank_4,-0.00226,-5307.72,2348784.62
2026-08-27,SW202607150001,fx_pb_1,0.005271,9115.87,1729445.49
2026-08-27,SW202607200001,fx_pb_1,0.002946,7325.09,2486281.52
2026-08-27,SW202607210001,bank_4,0.004917,3539.88,719923.07
2026-08-27,SW202607230001,bank_2,0.002016,4787.99,2374969.38
2026-08-27,SW202607270001,fx_pb_1,-0.002637,-239.4,90793.16
2026-08-27,SW202608030001,bank_2,0.004585,11191.47,2440971.02
2026-08-27,SW202608120001,fx_pb_1,0.0016,7069.83,4417499.88
2026-08-27,SW202608180001,fx_pb_1,0.001977,2745.94,1389052.48
2026-08-28,FW202605010001,fx_pb_1,-0.000976,-1885.14,1931970.31
2026-08-28,FW202605040001,fx_pb_1,-0.008449,-14087.19,1667275.52
2026-08-28,FW202605110001,bank_4,-0.007364,-11811.11,1603854.78
2026-08-28,FW202606090001,bank_1,0.00589,12820.0,2176612.5
2026-08-28,FW202606110001,bank_4,0.004648,10714.04,2304866.11
2026-08-28,FW202606120001,bank_3,-0.006846,-15418.37,2252024.96
2026-08-28,FW202607160001,bank_1,0.002306,1086.16,471084.51
2026-08-28,FW202607290001,fx_pb_1,0.002712,22175.89,8176020.28
2026-08-28,FW202608060001,bank_2,0.003687,10224.94,2773115.12
2026-08-28,FW202608170001,fx_pb_1,-0.000553,-932.88,1686584.92
2026-08-28,FW202608190001,bank_2,-0.000454,-990.09,2181489.59
2026-08-28,FW202608240001,bank_1,0.001575,305.43,193966.18
2026-08-28,FW202608260002,bank_1,-0.001859,-124.23,66810.56
2026-08-28,FW202608270001,fx_pb_1,-0.000572,-952.64,1666188.32
2026-08-28,SW202604300001,bank_1,0.023925,98707.74,4125691.18
2026-08-28,SW202606010001,bank_3,-0.010056,-2412.33,239896.34
2026-08-28,SW202606030001,bank_3,0.000863,1103.91,1279814.13
2026-08-28,SW202606290001,bank_4,0.021778,49444.96,2270366.53
2026-08-28,SW202607010001,bank_4,-0.014424,-99260.83,6881780.85
2026-08-28,SW202607140001,bank_4,-0.001902,-4467.92,2348784.62
2026-08-28,SW202607150001,fx_pb_1,0.005536,9574.69,1729445.49
2026-08-28,SW202607200001,fx_pb_1,0.002508,6234.84,2486281.52
2026-08-28,SW202607210001,bank_4,0.004619,3325.55,719923.07
2026-08-28,SW202607230001,bank_2,0.003542,8412.97,2374969.38
2026-08-28,SW202607270001,fx_pb_1,-0.001298,-117.83,90793.16
2026-08-28,SW202608030001,bank_2,0.00521,12718.03,2440971.02
2026-08-28,SW202608120001,fx_pb_1,0.002535,11199.38,4417499.88
2026-08-28,SW202608180001,fx_pb_1,0.001212,1683.16,1389052.48
2026-08-28,SW202608280001,bank_2,-0.000764,-1158.57,1516638.67
2026-08-31,FW202605010001,fx_pb_1,-0.000787,-1521.26,1931970.31
2026-08-31,FW202605040001,fx_pb_1,-0.008529,-14219.63,1667275.52
2026-08-31,FW202605110001,bank_4,-0.0102,-16359.58,1603854.78
2026-08-31,FW202606090001,bank_1,0.005857,12748.5,2176612.5
2026-08-31,FW202606110001,bank_4,0.004658,10734.92,2304866.11
2026-08-31,FW202606120001,bank_3,-0.007219,-16257.68,2252024.96
2026-08-31,FW202607160001,bank_1,0.002249,1059.44,471084.51
2026-08-31,FW202607290001,fx_pb_1,0.002474,20231.44,8176020.28
2026-08-31,FW202608060001,bank_2,0.00305,8459.28,2773115.12
2026-08-31,FW202608170001,fx_pb_1,-0.000821,-1385.21,1686584.92
2026-08-31,FW202608190001,bank_2,-0.000333,-727.42,2181489.59
2026-08-31,FW202608240001,bank_1,0.001364,264.56,193966.18
2026-08-31,FW202608260002,bank_1,-0.001859,-124.2,66810.56
2026-08-31,FW202608270001,fx_pb_1,-0.000309,-514.62,1666188.32
2026-08-31,FW202608310001,fx_pb_1,0.000103,7.3,70730.81
2026-08-31,SW202604300001,bank_1,0.024287,100202.64,4125691.18
2026-08-31,SW202606010001,bank_3,-0.009628,-2309.63,239896.34
2026-08-31,SW202606030001,bank_3,0.001017,1301.23,1279814.13
2026-08-31,SW202606290001,bank_4,0.020733,47071.92,2270366.53
2026-08-31,SW202607010001,bank_4,-0.012247,-84283.76,6881780.85
2026-08-31,SW202607140001,bank_4,-0.00204,-4792.02,2348784.62
2026-08-31,SW202607150001,fx_pb_1,0.005663,9794.54,1729445.49
2026-08-31,SW202607200001,fx_pb_1,0.00207,5147.65,2486281.52
2026-08-31,SW202607210001,bank_4,0.006135,4416.89,719923.07
2026-08-31,SW202607230001,bank_2,0.003685,8752.26,2374969.38
2026-08-31,SW202607270001,fx_pb_1,-0.001737,-157.73,90793.16
2026-08-31,SW202608030001,bank_2,0.007016,17125.5,2440971.02
2026-08-31,SW202608120001,fx_pb_1,0.000691,3051.92,4417499.88
2026-08-31,SW202608180001,fx_pb_1,0.001838,2553.45,1389052.48
2026-08-31,SW202608280001,bank_2,-0.000679,-1029.85,1516638.67
2026-09-01,FW202605010001,fx_pb_1,-0.001002,-1936.28,1931970.31
2026-09-01,FW202605040001,fx_pb_1,-0.008993,-14993.72,1667275.52
2026-09-01,FW202605110001,bank_4,-0.008759,-14047.72,1603854.78
2026-09-01,FW202606090001,bank_1,0.005376,11701.36,2176612.5
2026-09-01,FW202606110001,bank_4,0.004765,10982.31,2304866.11
2026-09-01,FW202606120001,bank_3,-0.007242,-16308.23,2252024.96
2026-09-01,FW202607160001,bank_1,0.001659,781.55,471084.51
2026-09-01,FW202607290001,fx_pb_1,0.00306,25021.95,8176020.28
2026-09-01,FW202608060001,bank_2,0.001539,4266.58,2773115.12
2026-09-01,FW202608170001,fx_pb_1,-0.003827,-6453.92,1686584.92
2026-09-01,FW202608190001,bank_2,-4.7e-05,-102.42,2181489.59
2026-09-01,FW202608240001,bank_1,0.00171,331.74,193966.18
2026-09-01,FW202608260002,bank_1,-0.00238,-159.02,66810.56
2026-09-01,FW202608270001,fx_pb_1,-0.000461,-768.66,1666188.32
2026-09-01,FW202608310001,fx_pb_1,0.000159,11.26,70730.81
2026-09-01,SW202604300001,bank_1,0.024053,99235.73,4125691.18
2026-09-01,SW202606010001,bank_3,-0.009401,-2255.19,239896.34
2026-09-01,SW202606030001,bank_3,-0.000985,-1260.92,1279814.13
2026-09-01,SW202606290001,bank_4,0.019706,44740.73,2270366.53
2026-09-01,SW202607010001,bank_4,-0.010898,-75000.58,6881780.85
2026-09-01,SW202607140001,bank_4,-0.00281,-6599.99,2348784.62
2026-09-01,SW202607150001,fx_pb_1,0.004408,7622.65,1729445.49
2026-09-01,SW202607200001,fx_pb_1,0.001945,4836.2,2486281.52
2026-09-01,SW202607210001,bank_4,0.006928,4987.4,719923.07
2026-09-01,SW202607230001,bank_2,0.0041,9736.25,2374969.38
2026-09-01,SW202607270001,fx_pb_1,-0.000613,-55.67,90793.16
2026-09-01,SW202608030001,bank_2,0.006797,16590.22,2440971.02
2026-09-01,SW202608120001,fx_pb_1,0.002797,12355.08,4417499.88
2026-09-01,SW202608180001,fx_pb_1,0.001197,1662.86,1389052.48
2026-09-01,SW202608280001,bank_2,-0.000514,-780.11,1516638.67
2026-09-02,FW202605010001,fx_pb_1,-0.001197,-2313.53,1931970.31
2026-09-02,FW202605040001,fx_pb_1,-0.009192,-15326.35,1667275.52
2026-09-02,FW202605110001,bank_4,-0.007967,-12777.17,1603854.78
2026-09-02,FW202606090001,bank_1,0.005808,12642.18,2176612.5
2026-09-02,FW202606110001,bank_4,0.004847,11172.4,2304866.11
2026-09-02,FW202606120001,bank_3,-0.007555,-17015.12,2252024.96
2026-09-02,FW202607160001,bank_1,0.001825,859.63,471084.51
2026-09-02,FW202607290001,fx_pb_1,0.003763,30765.38,8176020.28
2026-09-02,FW202608060001,bank_2,0.00239,6626.77,2773115.12
2026-09-02,FW202608170001,fx_pb_1,-0.004943,-8336.17,1686584.92
2026-09-02,FW202608190001,bank_2,-0.000504,-1098.88,2181489.59
2026-09-02,FW202608240001,bank_1,0.001233,239.21,193966.18
2026-09-02,FW202608260002,bank_1,-0.001754,-117.15,66810.56
2026-09-02,FW202608270001,fx_pb_1,-0.001311,-2183.84,1666188.32
2026-09-02,FW202608310001,fx_pb_1,0.000677,47.9,70730.81
2026-09-02,SP202609020001,bank_4,-0.00247,-164.5,66594.42
2026-09-02,SW202604300001,bank_1,0.023167,95581.46,4125691.18
2026-09-02,SW202606010001,bank_3,-0.00881,-2113.56,239896.34
2026-09-02,SW202606030001,bank_3,-0.000582,-744.97,1279814.13
2026-09-02,SW202606290001,bank_4,0.018608,42247.45,2270366.53
2026-09-02,SW202607140001,bank_4,-0.003472,-8155.97,2348784.62
2026-09-02,SW202607150001,fx_pb_1,0.004485,7757.39,1729445.49
2026-09-02,SW202607200001,fx_pb_1,0.002157,5363.56,2486281.52
2026-09-02,SW202607210001,bank_4,0.005464,3933.89,719923.07
2026-09-02,SW202607230001,bank_2,0.004619,10970.44,2374969.38
2026-09-02,SW202607270001,fx_pb_1,-0.001814,-164.73,90793.16
2026-09-02,SW202608030001,bank_2,0.007991,19505.97,2440971.02
2026-09-02,SW202608120001,fx_pb_1,0.001304,5760.47,4417499.88
2026-09-02,SW202608180001,fx_pb_1,0.001406,1952.96,1389052.48
2026-09-02,SW202608280001,bank_2,0.000255,386.78,1516638.67
2026-09-03,FW202605010001,fx_pb_1,-0.001086,-2098.86,1931970.31
2026-09-03,FW202605040001,fx_pb_1,-0.008994,-14995.42,1667275.52
2026-09-03,FW202605110001,bank_4,-0.006257,-10034.54,1603854.78
2026-09-03,FW202606090001,bank_1,0.00568,12363.62,2176612.5
2026-09-03,FW202606110001,bank_4,0.00491,11317.36,2304866.11
2026-09-03,FW202606120001,bank_3,-0.008158,-18371.45,2252024.96
2026-09-03,FW202607160001,bank_1,0.001589,748.58,471084.51
2026-09-03,FW202607290001,fx_pb_1,0.004338,35468.32,8176020.28
2026-09-03,FW202608060001,bank_2,0.001835,5087.72,2773115.12
2026-09-03,FW202608170001,fx_pb_1,-0.005662,-9548.97,1686584.92
2026-09-03,FW202608190001,bank_2,-0.001172,-2557.38,2181489.59
2026-09-03,FW202608240001,bank_1,-0.000445,-86.22,193966.18
2026-09-03,FW202608260002,bank_1,-0.001977,-132.07,66810.56
2026-09-03,FW202608270001,fx_pb_1,-0.000642,-1069.21,1666188.32
2026-09-03,FW202608310001,fx_pb_1,0.000628,44.45,70730.81
2026-09-03,SP202609020001,bank_4,-0.003052,-203.22,66594.42
2026-09-03,SW202604300001,bank_1,0.023285,96066.5,4125691.18
2026-09-03,SW202606010001,bank_3,-0.008217,-1971.14,239896.34
2026-09-03,SW202606030001,bank_3,-5e-06,-6.2,1279814.13
2026-09-03,SW202606290001,bank_4,0.017757,40315.73,2270366.53
2026-09-03,SW202607140001,bank_4,-0.004263,-10013.27,2348784.62
2026-09-03,SW202607150001,fx_pb_1,0.006169,10668.83,1729445.49
2026-09-03,SW202607200001,fx_pb_1,0.003066,7623.76,2486281.52
2026-09-03,SW202607210001,bank_4,0.005949,4282.62,719923.07
2026-09-03,SW202607230001,bank_2,0.005051,11995.44,2374969.38
2026-09-03,SW202607270001,fx_pb_1,-0.00364,-330.53,90793.16
2026-09-03,SW202608030001,bank_2,0.009487,23156.93,2440971.02
2026-09-03,SW202608120001,fx_pb_1,0.003159,13956.5,4417499.88
2026-09-03,SW202608180001,fx_pb_1,0.000488,677.97,1389052.48
2026-09-03,SW202608280001,bank_2,0.000328,497.19,1516638.67
2026-09-04,FW202605010001,fx_pb_1,-0.00073,-1410.29,1931970.31
2026-09-04,FW202605040001,fx_pb_1,-0.009708,-16185.66,1667275.52
2026-09-04,FW202605110001,bank_4,-0.006735,-10802.72,1603854.78
2026-09-04,FW202606090001,bank_1,0.005392,11737.16,2176612.5
2026-09-04,FW202606110001,bank_4,0.00498,11479.09,2304866.11
2026-09-04,FW202606120001,bank_3,-0.008189,-18440.79,2252024.96
2026-09-04,FW202607160001,bank_1,0.001443,679.67,471084.51
2026-09-04,FW202607290001,fx_pb_1,0.004193,34285.29,8176020.28
2026-09-04,FW202608060001,bank_2,0.002116,5867.12,2773115.12
2026-09-04,FW202608170001,fx_pb_1,-0.00563,-9494.89,1686584.92
2026-09-04,FW202608190001,bank_2,-0.001586,-3460.16,2181489.59
2026-09-04,FW202608240001,bank_1,-0.002061,-399.83,193966.18
2026-09-04,FW202608260002,bank_1,-0.001475,-98.57,66810.56
2026-09-04,FW202608270001,fx_pb_1,-0.001334,-2223.16,1666188.32
2026-09-04,FW202608310001,fx_pb_1,0.000884,62.53,70730.81
2026-09-04,SW202604300001,bank_1,0.023591,97328.65,4125691.18
2026-09-04,SW202606010001,bank_3,-0.008024,-1924.93,239896.34
2026-09-04,SW202606030001,bank_3,0.001457,1864.29,1279814.13
2026-09-04,SW202606290001,bank_4,0.016808,38159.73,2270366.53
2026-09-04,SW202607140001,bank_4,-0.003837,-9012.99,2348784.62
2026-09-04,SW202607150001,fx_pb_1,0.005627,9731.18,1729445.49
2026-09-04,SW202607200001,fx_pb_1,0.002979,7407.23,2486281.52
2026-09-04,SW202607210001,bank_4,0.006731,4845.6,719923.07
2026-09-04,SW202607230001,bank_2,0.003843,9127.45,2374969.38
2026-09-04,SW202607270001,fx_pb_1,-0.004142,-376.05,90793.16
2026-09-04,SW202608030001,bank_2,0.008593,20976.46,2440971.02
2026-09-04,SW202608120001,fx_pb_1,0.001978,8737.02,4417499.88
2026-09-04,SW202608180001,fx_pb_1,0.000754,1046.71,1389052.48
2026-09-04,SW202608280001,bank_2,0.001161,1760.91,1516638.67
2026-09-08,FW202605010001,fx_pb_1,-0.000689,-1330.2,1931970.31
2026-09-08,FW202605040001,fx_pb_1,-0.010718,-17870.37,1667275.52
2026-09-08,FW202605110001,bank_4,-0.00591,-9478.59,1603854.78
2026-09-08,FW202606090001,bank_1,0.006058,13186.96,2176612.5
2026-09-08,FW202606110001,bank_4,0.005026,11584.71,2304866.11
2026-09-08,FW202606120001,bank_3,-0.00895,-20156.19,2252024.96
2026-09-08,FW202607160001,bank_1,0.001581,744.92,471084.51
2026-09-08,FW202607290001,fx_pb_1,0.003931,32141.8,8176020.28
2026-09-08,FW202608060001,bank_2,0.001704,4726.44,2773115.12
2026-09-08,FW202608170001,fx_pb_1,-0.00532,-8972.18,1686584.92
2026-09-08,FW202608190001,bank_2,-0.001238,-2700.94,2181489.59
2026-09-08,FW202608240001,bank_1,-0.000943,-182.99,193966.18
2026-09-08,FW202608260002,bank_1,-0.001984,-132.53,66810.56
2026-09-08,FW202608270001,fx_pb_1,-0.002073,-3453.27,1666188.32
2026-09-08,FW202608310001,fx_pb_1,0.001333,94.27,70730.81
2026-09-08,SW202604300001,bank_1,0.022674,93544.46,4125691.18
2026-09-08,SW202606010001,bank_3,-0.007339,-1760.51,239896.34
2026-09-08,SW202606030001,bank_3,0.001162,1487.34,1279814.13
2026-09-08,SW202606290001,bank_4,0.015844,35972.69,2270366.53
2026-09-08,SW202607140001,bank_4,-0.006509,-15287.13,2348784.62
2026-09-08,SW202607150001,fx_pb_1,0.006218,10753.47,1729445.49
2026-09-08,SW202607200001,fx_pb_1,0.002767,6879.22,2486281.52
2026-09-08,SW202607210001,bank_4,0.006509,4685.8,719923.07
2026-09-08,SW202607230001,bank_2,0.00238,5653.0,2374969.38
2026-09-08,SW202607270001,fx_pb_1,-0.004441,-403.2,90793.16
2026-09-08,SW202608030001,bank_2,0.009819,23968.39,2440971.02
2026-09-08,SW202608120001,fx_pb_1,0.003773,16667.97,4417499.88
2026-09-08,SW202608180001,fx_pb_1,0.001085,1507.37,1389052.48
2026-09-08,SW202608280001,bank_2,0.000611,926.29,1516638.67
2026-09-08,SW202609080001,fx_pb_1,-0.000441,-1934.57,4388703.1
2026-09-09,FW202605010001,fx_pb_1,-0.000906,-1750.89,1931970.31
2026-09-09,FW202605040001,fx_pb_1,-0.010968,-18286.21,1667275.52
2026-09-09,FW202605110001,bank_4,-0.00484,-7762.4,1603854.78
2026-09-09,FW202606090001,bank_1,0.006423,13980.83,2176612.5
2026-09-09,FW202606110001,bank_4,0.005037,11610.22,2304866.11
2026-09-09,FW202606120001,bank_3,-0.009269,-20872.91,2252024.96
2026-09-09,FW202607160001,bank_1,0.001229,578.93,471084.51
2026-09-09,FW202607290001,fx_pb_1,0.003802,31085.74,8176020.28
2026-09-09,FW202608060001,bank_2,0.001863,5167.18,2773115.12
2026-09-09,FW202608170001,fx_pb_1,-0.003511,-5921.8,1686584.92
2026-09-09,FW202608190001,bank_2,-0.000759,-1655.34,2181489.59
2026-09-09,FW202608240001,bank_1,-0.000206,-39.97,193966.18
2026-09-09,FW202608260002,bank_1,-0.00107,-71.47,66810.56
2026-09-09,FW202608270001,fx_pb_1,-0.002461,-4099.88,1666188.32
2026-09-09,FW202608310001,fx_pb_1,0.001471,104.01,70730.81
2026-09-09,SP202609090001,fx_pb_1,0.000185,967.31,5228793.82
2026-09-09,SW202604300001,bank_1,0.022031,90893.38,4125691.18
2026-09-09,SW202606010001,bank_3,-0.005249,-1259.21,239896.34
2026-09-09,SW202606030001,bank_3,0.001063,1360.56,1279814.13
2026-09-09,SW202606290001,bank_4,0.016607,37703.87,2270366.53
2026-09-09,SW202607140001,bank_4,-0.00426,-10005.6,2348784.62
2026-09-09,SW202607150001,fx_pb_1,0.00531,9183.58,1729445.49
2026-09-09,SW202607200001,fx_pb_1,0.003938,9791.34,2486281.52
2026-09-09,SW202607210001,bank_4,0.007159,5153.87,719923.07
2026-09-09,SW202607230001,bank_2,0.001615,3834.62,2374969.38
2026-09-09,SW202607270001,fx_pb_1,-0.007985,-725.0,90793.16
2026-09-09,SW202608030001,bank_2,0.010186,24863.4,2440971.02
2026-09-09,SW202608120001,fx_pb_1,0.004135,18266.32,4417499.88
2026-09-09,SW202608180001,fx_pb_1,0.00042,584.02,1389052.48
2026-09-09,SW202608280001,bank_2,-0.000165,-250.89,1516638.67
2026-09-09,SW202609080001,fx_pb_1,-0.001448,-6355.19,4388703.1
2026-09-10,FW202605010001,fx_pb_1,-0.001148,-2218.17,1931970.31
2026-09-10,FW202605040001,fx_pb_1,-0.010728,-17886.35,1667275.52
2026-09-10,FW202605110001,bank_4,-0.00309,-4955.66,1603854.78
2026-09-10,FW202606090001,bank_1,0.005451,11863.76,2176612.5
2026-09-10,FW202606110001,bank_4,0.005138,11843.01,2304866.11
2026-09-10,FW202606120001,bank_3,-0.009769,-22000.92,2252024.96
2026-09-10,FW202607160001,bank_1,0.001868,880.22,471084.51
2026-09-10,FW202607290001,fx_pb_1,0.003608,29496.87,8176020.28
2026-09-10,FW202608060001,bank_2,0.002568,7121.19,2773115.12
2026-09-10,FW202608170001,fx_pb_1,-0.007318,-12342.66,1686584.92
2026-09-10,FW202608190001,bank_2,-0.000388,-846.21,2181489.59
2026-09-10,FW202608240001,bank_1,0.000771,149.46,193966.18
2026-09-10,FW202608260002,bank_1,-0.001067,-71.32,66810.56
2026-09-10,FW202608270001,fx_pb_1,-0.002184,-3638.61,1666188.32
2026-09-10,FW202608310001,fx_pb_1,0.001711,121.01,70730.81
2026-09-10,FW202609100001,bank_1,0.00012,197.02,1635271.27
2026-09-10,SP202609090001,fx_pb_1,0.001763,9216.88,5228793.82
2026-09-10,SW202604300001,bank_1,0.021086,86993.13,4125691.18
2026-09-10,SW202606010001,bank_3,-0.007041,-1689.14,239896.34
2026-09-10,SW202606030001,bank_3,0.001358,1738.27,1279814.13
2026-09-10,SW202606290001,bank_4,0.016387,37204.68,2270366.53
2026-09-10,SW202607140001,bank_4,-0.005354,-12576.14,2348784.62
2026-09-10,SW202607150001,fx_pb_1,0.005135,8880.36,1729445.49
2026-09-10,SW202607200001,fx_pb_1,0.002759,6859.0,2486281.52
2026-09-10,SW202607210001,bank_4,0.007161,5155.52,719923.07
2026-09-10,SW202607230001,bank_2,0.003254,7729.07,2374969.38
2026-09-10,SW202607270001,fx_pb_1,-0.006892,-625.73,90793.16
2026-09-10,SW202608030001,bank_2,0.00911,22238.41,2440971.02
2026-09-10,SW202608120001,fx_pb_1,0.000231,1019.58,4417499.88
2026-09-10,SW202608180001,fx_pb_1,0.000993,1378.69,1389052.48
2026-09-10,SW202608280001,bank_2,-0.000868,-1316.16,1516638.67
2026-09-10,SW202609080001,fx_pb_1,-0.003381,-14836.35,4388703.1
2026-09-11,FW202605010001,fx_pb_1,-0.001066,-2059.92,1931970.31
2026-09-11,FW202605040001,fx_pb_1,-0.010784,-17979.07,1667275.52
2026-09-11,FW202605110001,bank_4,-0.001396,-2239.72,1603854.78
2026-09-11,FW202606090001,bank_1,0.00586,12754.44,2176612.5
2026-09-11,FW202606110001,bank_4,0.005184,11948.65,2304866.11
2026-09-11,FW202606120001,bank_3,-0.009244,-20818.51,2252024.96
2026-09-11,FW202607160001,bank_1,0.001804,849.86,471084.51
2026-09-11,FW202607290001,fx_pb_1,0.003601,29444.02,8176020.28
2026-09-11,FW202608060001,bank_2,0.0022,6101.32,2773115.12
2026-09-11,FW202608170001,fx_pb_1,-0.006553,-11051.68,1686584.92
2026-09-11,FW202608190001,bank_2,-0.000426,-929.71,2181489.59
2026-09-11,FW202608240001,bank_1,0.001084,210.35,193966.18
2026-09-11,FW202608260002,bank_1,-0.00137,-91.52,66810.56
2026-09-11,FW202608270001,fx_pb_1,-0.001889,-3147.95,1666188.32
2026-09-11,FW202608310001,fx_pb_1,0.002234,157.99,70730.81
2026-09-11,FW202609100001,bank_1,0.000154,252.48,1635271.27
2026-09-11,SP202609110001,bank_4,-0.001134,-84.85,74823.16
2026-09-11,SW202604300001,bank_1,0.02226,91837.3,4125691.18
2026-09-11,SW202606010001,bank_3,-0.00746,-1789.69,239896.34
2026-09-11,SW202606030001,bank_3,0.001854,2373.35,1279814.13
2026-09-11,SW202606290001,bank_4,0.015067,34207.87,2270366.53
2026-09-11,SW202607140001,bank_4,-0.006344,-14900.94,2348784.62
2026-09-11,SW202607150001,fx_pb_1,0.004507,7795.21,1729445.49
2026-09-11,SW202607200001,fx_pb_1,0.002479,6163.68,2486281.52
2026-09-11,SW202607210001,bank_4,0.006697,4821.3,719923.07
2026-09-11,SW202607230001,bank_2,0.003284,7798.84,2374969.38
2026-09-11,SW202607270001,fx_pb_1,-0.006635,-602.38,90793.16
2026-09-11,SW202608030001,bank_2,0.009162,22363.79,2440971.02
2026-09-11,SW202608120001,fx_pb_1,-3.8e-05,-167.19,4417499.88
2026-09-11,SW202608180001,fx_pb_1,0.001345,1868.24,1389052.48
2026-09-11,SW202608280001,bank_2,2.1e-05,31.28,1516638.67
2026-09-11,SW202609080001,fx_pb_1,-0.001448,-6353.55,4388703.1
2026-09-14,FW202605010001,fx_pb_1,-0.000739,-1428.49,1931970.31
2026-09-14,FW202605040001,fx_pb_1,-0.011337,-18901.37,1667275.52
2026-09-14,FW202606090001,bank_1,0.006247,13598.01,2176612.5
2026-09-14,FW202606110001,bank_4,0.005325,12272.97,2304866.11
2026-09-14,FW202606120001,bank_3,-0.008853,-19936.85,2252024.96
2026-09-14,FW202607160001,bank_1,0.001939,913.41,471084.51
2026-09-14,FW202607290001,fx_pb_1,0.003396,27762.56,8176020.28
2026-09-14,FW202608060001,bank_2,0.000365,1012.61,2773115.12
2026-09-14,FW202608170001,fx_pb_1,-0.006949,-11720.72,1686584.92
2026-09-14,FW202608190001,bank_2,-0.001214,-2647.8,2181489.59
2026-09-14,FW202608240001,bank_1,0.002685,520.8,193966.18
2026-09-14,FW202608260002,bank_1,-0.001553,-103.73,66810.56
2026-09-14,FW202608270001,fx_pb_1,-0.001912,-3185.38,1666188.32
2026-09-14,FW202608310001,fx_pb_1,0.002219,156.97,70730.81
2026-09-14,FW202609100001,bank_1,0.000308,503.22,1635271.27
2026-09-14,SP202609110001,bank_4,-0.000191,-14.29,74823.16
2026-09-14,SW202604300001,bank_1,0.023546,97141.85,4125691.18
2026-09-14,SW202606010001,bank_3,-0.008132,-1950.87,239896.34
2026-09-14,SW202606030001,bank_3,0.001656,2119.8,1279814.13
2026-09-14,SW202606290001,bank_4,0.014671,33309.33,2270366.53
2026-09-14,SW202607140001,bank_4,-0.006716,-15774.56,2348784.62
2026-09-14,SW202607150001,fx_pb_1,0.005105,8828.85,1729445.49
2026-09-14,SW202607200001,fx_pb_1,0.002525,6279.07,2486281.52
2026-09-14,SW202607210001,bank_4,0.006132,4414.36,719923.07
2026-09-14,SW202607230001,bank_2,0.002504,5946.95,2374969.38
2026-09-14,SW202607270001,fx_pb_1,-0.007984,-724.93,90793.16
2026-09-14,SW202608030001,bank_2,0.008646,21105.57,2440971.02
2026-09-14,SW202608120001,fx_pb_1,-0.000787,-3476.2,4417499.88
2026-09-14,SW202608180001,fx_pb_1,0.002602,3614.28,1389052.48
2026-09-14,SW202608280001,bank_2,-0.0004,-606.12,1516638.67
2026-09-14,SW202609080001,fx_pb_1,-0.002317,-10169.05,4388703.1
2026-09-14,SW202609140001,fx_pb_1,-0.000739,-36.35,49216.81
2026-09-15,FW202605010001,fx_pb_1,-0.000691,-1335.92,1931970.31
2026-09-15,FW202605040001,fx_pb_1,-0.011055,-18431.65,1667275.52
2026-09-15,FW202606090001,bank_1,0.005962,12977.86,2176612.5
2026-09-15,FW202606110001,bank_4,0.005479,12628.5,2304866.11
2026-09-15,FW202606120001,bank_3,-0.009115,-20527.63,2252024.96
2026-09-15,FW202607160001,bank_1,0.002292,1079.94,471084.51
2026-09-15,FW202607290001,fx_pb_1,0.003296,26948.31,8176020.28
2026-09-15,FW202608060001,bank_2,0.000603,1672.52,2773115.12
2026-09-15,FW202608170001,fx_pb_1,-0.005156,-8696.32,1686584.92
2026-09-15,FW202608190001,bank_2,-0.001104,-2407.48,2181489.59
2026-09-15,FW202608240001,bank_1,0.0031,601.23,193966.18
2026-09-15,FW202608260002,bank_1,-0.002934,-196.05,66810.56
2026-09-15,FW202608270001,fx_pb_1,-0.001969,-3280.29,1666188.32
2026-09-15,FW202608310001,fx_pb_1,0.001962,138.78,70730.81
2026-09-15,FW202609100001,bank_1,1.3e-05,21.75,1635271.27
2026-09-15,SW202604300001,bank_1,0.025623,105712.23,4125691.18
2026-09-15,SW202606010001,bank_3,-0.00826,-1981.57,239896.34
2026-09-15,SW202606030001,bank_3,0.003284,4203.35,1279814.13
2026-09-15,SW202606290001,bank_4,0.017845,40515.79,2270366.53
2026-09-15,SW202607140001,bank_4,-0.003559,-8359.56,2348784.62
2026-09-15,SW202607150001,fx_pb_1,0.006015,10402.24,1729445.49
2026-09-15,SW202607200001,fx_pb_1,0.002836,7051.84,2486281.52
2026-09-15,SW202607210001,bank_4,0.006151,4428.27,719923.07
2026-09-15,SW202607230001,bank_2,0.001804,4283.26,2374969.38
2026-09-15,SW202607270001,fx_pb_1,-0.010328,-937.74,90793.16
2026-09-15,SW202608030001,bank_2,0.00817,19942.18,2440971.02
2026-09-15,SW202608120001,fx_pb_1,0.001309,5780.86,4417499.88
2026-09-15,SW202608180001,fx_pb_1,0.003354,4659.03,1389052.48
2026-09-15,SW202608280001,bank_2,-0.00066,-1000.39,1516638.67
2026-09-15,SW202609080001,fx_pb_1,-0.002544,-11165.49,4388703.1
2026-09-15,SW202609140001,fx_pb_1,-0.001042,-51.28,49216.81
2026-09-15,SW202609150001,bank_2,-0.000171,-329.62,1924048.23
2026-09-16,FW202605010001,fx_pb_1,-0.000753,-1454.43,1931970.31
2026-09-16,FW202605040001,fx_pb_1,-0.011638,-19403.29,1667275.52
2026-09-16,FW202606090001,bank_1,0.007026,15293.18,2176612.5
2026-09-16,FW202606110001,bank_4,0.00553,12746.6,2304866.11
2026-09-16,FW202606120001,bank_3,-0.009207,-20734.1,2252024.96
2026-09-16,FW202607160001,bank_1,0.002648,1247.27,471084.51
2026-09-16,FW202607290001,fx_pb_1,0.00395,32292.76,8176020.28
2026-09-16,FW202608060001,bank_2,-6.3e-05,-175.96,2773115.12
2026-09-16,FW202608170001,fx_pb_1,-0.004642,-7828.45,1686584.92
2026-09-16,FW202608190001,bank_2,-0.001936,-4223.99,2181489.59
2026-09-16,FW202608240001,bank_1,0.003059,593.25,193966.18
2026-09-16,FW202608260002,bank_1,-0.00249,-166.36,66810.56
2026-09-16,FW202608270001,fx_pb_1,-0.001813,-3020.5,1666188.32
2026-09-16,FW202608310001,fx_pb_1,0.001865,131.9,70730.81
2026-09-16,FW202609100001,bank_1,-0.000188,-308.23,1635271.27
2026-09-16,FW202609160001,bank_2,-0.001612,-5039.85,3127123.81
2026-09-16,SW202604300001,bank_1,0.024797,102305.43,4125691.18
2026-09-16,SW202606010001,bank_3,-0.009589,-2300.42,239896.34
2026-09-16,SW202606030001,bank_3,0.001967,2517.69,1279814.13
2026-09-16,SW202606290001,bank_4,0.021113,47934.32,2270366.53
2026-09-16,SW202607140001,bank_4,-0.004906,-11523.72,2348784.62
2026-09-16,SW202607150001,fx_pb_1,0.00678,11725.54,1729445.49
2026-09-16,SW202607200001,fx_pb_1,0.003027,7525.67,2486281.52
2026-09-16,SW202607210001,bank_4,0.006442,4638.05,719923.07
2026-09-16,SW202607230001,bank_2,0.0021,4987.93,2374969.38
2026-09-16,SW202607270001,fx_pb_1,-0.009639,-875.18,90793.16
2026-09-16,SW202608030001,bank_2,0.0079,19284.0,2440971.02
2026-09-16,SW202608120001,fx_pb_1,0.000229,1010.43,4417499.88
2026-09-16,SW202608180001,fx_pb_1,0.003881,5390.86,1389052.48
2026-09-16,SW202608280001,bank_2,-0.001388,-2105.34,1516638.67
2026-09-16,SW202609080001,fx_pb_1,-0.002434,-10682.47,4388703.1
2026-09-16,SW202609140001,fx_pb_1,-0.001388,-68.32,49216.81
2026-09-16,SW202609150001,bank_2,-0.000298,-574.03,1924048.23
2026-09-17,FW202605010001,fx_pb_1,-0.000651,-1257.4,1931970.31
2026-09-17,FW202605040001,fx_pb_1,-0.01163,-19389.83,1667275.52
2026-09-17,FW202606090001,bank_1,0.007899,17192.57,2176612.5
2026-09-17,FW202606110001,bank_4,0.005548,12786.86,2304866.11
2026-09-17,FW202606120001,bank_3,-0.009419,-21212.83,2252024.96
2026-09-17,FW202607290001,fx_pb_1,0.003944,32243.34,8176020.28
2026-09-17,FW202608060001,bank_2,-0.000297,-823.89,2773115.12
2026-09-17,FW202608170001,fx_pb_1,-0.0032,-5396.55,1686584.92
2026-09-17,FW202608190001,bank_2,-0.002124,-4632.43,2181489.59
2026-09-17,FW202608240001,bank_1,0.0042,814.61,193966.18
2026-09-17,FW202608260002,bank_1,-0.002452,-163.84,66810.56
2026-09-17,FW202608270001,fx_pb_1,-0.001554,-2589.31,1666188.32
2026-09-17,FW202608310001,fx_pb_1,0.001381,97.65,70730.81
2026-09-17,FW202609100001,bank_1,-0.001229,-2009.62,1635271.27
2026-09-17,FW202609160001,bank_2,-0.001442,-4509.55,3127123.81
2026-09-17,SW202604300001,bank_1,0.02646,109165.43,4125691.18
2026-09-17,SW202606010001,bank_3,-0.008146,-1954.15,239896.34
2026-09-17,SW202606030001,bank_3,0.00239,3058.56,1279814.13
2026-09-17,SW202606290001,bank_4,0.022603,51317.99,2270366.53
2026-09-17,SW202607140001,bank_4,-0.006572,-15435.29,2348784.62
2026-09-17,SW202607150001,fx_pb_1,0.007522,13008.27,1729445.49
2026-09-17,SW202607200001,fx_pb_1,0.002992,7438.85,2486281.52
2026-09-17,SW202607210001,bank_4,0.007453,5365.28,719923.07
2026-09-17,SW202607230001,bank_2,0.002215,5260.0,2374969.38
2026-09-17,SW202607270001,fx_pb_1,-0.011351,-1030.59,90793.16
2026-09-17,SW202608030001,bank_2,0.007816,19077.71,2440971.02
2026-09-17,SW202608120001,fx_pb_1,-0.000642,-2837.18,4417499.88
2026-09-17,SW202608180001,fx_pb_1,0.00412,5722.77,1389052.48
2026-09-17,SW202608280001,bank_2,-0.002455,-3724.05,1516638.67
2026-09-17,SW202609080001,fx_pb_1,-0.002363,-10371.36,4388703.1
2026-09-17,SW202609140001,fx_pb_1,-0.001889,-92.95,49216.81
2026-09-17,SW202609150001,bank_2,-0.000183,-351.68,1924048.23
2026-09-17,SW202609170001,bank_4,-0.000567,-1146.44,2020324.2
2026-09-18,FW202605010001,fx_pb_1,-0.000871,-1683.44,1931970.31
2026-09-18,FW202605040001,fx_pb_1,-0.010795,-17998.62,1667275.52
2026-09-18,FW202606090001,bank_1,0.008466,18428.21,2176612.5
2026-09-18,FW202606110001,bank_4,0.005572,12842.33,2304866.11
2026-09-18,FW202606120001,bank_3,-0.009813,-22098.9,2252024.96
2026-09-18,FW202607290001,fx_pb_1,0.00328,26821.19,8176020.28
2026-09-18,FW202608060001,bank_2,-0.000394,-1093.19,2773115.12
2026-09-18,FW202608170001,fx_pb_1,-0.002983,-5030.96,1686584.92
2026-09-18,FW202608190001,bank_2,-0.002542,-5546.3,2181489.59
2026-09-18,FW202608240001,bank_1,0.005137,996.43,193966.18
2026-09-18,FW202608260002,bank_1,-0.002011,-134.38,66810.56
2026-09-18,FW202608270001,fx_pb_1,-0.00236,-3931.84,1666188.32
2026-09-18,FW202608310001,fx_pb_1,0.001362,96.3,70730.81
2026-09-18,FW202609100001,bank_1,-0.000266,-435.45,1635271.27
2026-09-18,FW202609160001,bank_2,0.000293,917.54,3127123.81
2026-09-18,FW202609180001,bank_3,-0.000153,-454.14,2966834.15
2026-09-18,SW202604300001,bank_1,0.023983,98947.27,4125691.18
2026-09-18,SW202606010001,bank_3,-0.008439,-2024.44,239896.34
2026-09-18,SW202606030001,bank_3,0.002435,3116.5,1279814.13
2026-09-18,SW202606290001,bank_4,0.024931,56602.77,2270366.53
2026-09-18,SW202607140001,bank_4,-0.005712,-13415.13,2348784.62
2026-09-18,SW202607150001,fx_pb_1,0.008396,14520.14,1729445.49
2026-09-18,SW202607200001,fx_pb_1,0.002532,6295.74,2486281.52
2026-09-18,SW202607210001,bank_4,0.007992,5753.69,719923.07
2026-09-18,SW202607230001,bank_2,0.003844,9129.66,2374969.38
2026-09-18,SW202607270001,fx_pb_1,-0.011391,-1034.2,90793.16
2026-09-18,SW202608030001,bank_2,0.007734,18877.94,2440971.02
2026-09-18,SW202608120001,fx_pb_1,0.00132,5832.31,4417499.88
2026-09-18,SW202608180001,fx_pb_1,0.004966,6898.11,1389052.48
2026-09-18,SW202608280001,bank_2,-0.00263,-3988.09,1516638.67
2026-09-18,SW202609080001,fx_pb_1,-0.003459,-15180.22,4388703.1
2026-09-18,SW202609140001,fx_pb_1,-0.001638,-80.61,49216.81
2026-09-18,SW202609150001,bank_2,-0.000429,-824.8,1924048.23
2026-09-18,SW202609170001,bank_4,-0.002196,-4436.87,2020324.2
2026-09-21,FW202605010001,fx_pb_1,-0.000488,-942.01,1931970.31
2026-09-21,FW202605040001,fx_pb_1,-0.011227,-18718.43,1667275.52
2026-09-21,FW202606090001,bank_1,0.008743,19029.24,2176612.5
2026-09-21,FW202606110001,bank_4,0.005685,13103.28,2304866.11
2026-09-21,FW202606120001,bank_3,-0.009046,-20371.51,2252024.96
2026-09-21,FW202607290001,fx_pb_1,0.003618,29580.82,8176020.28
2026-09-21,FW202608060001,bank_2,-0.000669,-1855.26,2773115.12
2026-09-21,FW202608170001,fx_pb_1,-0.00277,-4672.36,1686584.92
2026-09-21,FW202608190001,bank_2,-0.00252,-5496.57,2181489.59
2026-09-21,FW202608240001,bank_1,0.008743,1695.9,193966.18
2026-09-21,FW202608260002,bank_1,-0.001636,-109.32,66810.56
2026-09-21,FW202608270001,fx_pb_1,-0.002448,-4079.16,1666188.32
2026-09-21,FW202608310001,fx_pb_1,0.001757,124.28,70730.81
2026-09-21,FW202609100001,bank_1,-0.002348,-3840.15,1635271.27
2026-09-21,FW202609160001,bank_2,0.000714,2232.23,3127123.81
2026-09-21,FW202609180001,bank_3,-0.000508,-1508.14,2966834.15
2026-09-21,SW202604300001,bank_1,0.024902,102738.66,4125691.18
2026-09-21,SW202606010001,bank_3,-0.010594,-2541.52,239896.34
2026-09-21,SW202606030001,bank_3,0.001136,1454.2,1279814.13
2026-09-21,SW202606290001,bank_4,0.025678,58298.9,2270366.53
2026-09-21,SW202607140001,bank_4,-0.005012,-11772.17,2348784.62
2026-09-21,SW202607150001,fx_pb_1,0.008229,14231.97,1729445.49
2026-09-21,SW202607200001,fx_pb_1,0.002812,6992.12,2486281.52
2026-09-21,SW202607210001,bank_4,0.007526,5418.37,719923.07
2026-09-21,SW202607230001,bank_2,0.003512,8340.39,2374969.38
2026-09-21,SW202607270001,fx_pb_1,-0.00895,-812.56,90793.16
2026-09-21,SW202608030001,bank_2,0.008561,20897.9,2440971.02
2026-09-21,SW202608120001,fx_pb_1,0.002931,12949.51,4417499.88
2026-09-21,SW202608180001,fx_pb_1,0.004287,5954.8,1389052.48
2026-09-21,SW202608280001,bank_2,-0.000911,-1382.32,1516638.67
2026-09-21,SW202609080001,fx_pb_1,-0.00425,-18651.89,4388703.1
2026-09-21,SW202609140001,fx_pb_1,-0.001025,-50.45,49216.81
2026-09-21,SW202609150001,bank_2,-0.000638,-1228.47,1924048.23
2026-09-21,SW202609170001,bank_4,-0.001712,-3458.71,2020324.2
2026-09-22,FW202605010001,fx_pb_1,-0.000494,-954.09,1931970.31
2026-09-22,FW202605040001,fx_pb_1,-0.01102,-18373.47,1667275.52
2026-09-22,FW202606090001,bank_1,0.008861,19287.45,2176612.5
2026-09-22,FW202606110001,bank_4,0.005788,13339.6,2304866.11
2026-09-22,FW202606120001,bank_3,-0.009221,-20766.86,2252024.96
2026-09-22,FW202607290001,fx_pb_1,0.003526,28829.11,8176020.28
2026-09-22,FW202608060001,bank_2,-0.001187,-3291.13,2773115.12
2026-09-22,FW202608170001,fx_pb_1,-0.003565,-6012.25,1686584.92
2026-09-22,FW202608190001,bank_2,-0.002476,-5400.73,2181489.59
2026-09-22,FW202608240001,bank_1,0.009493,1841.37,193966.18
2026-09-22,FW202608260002,bank_1,-0.002484,-165.99,66810.56
2026-09-22,FW202608270001,fx_pb_1,-0.00169,-2815.08,1666188.32
2026-09-22,FW202608310001,fx_pb_1,0.001636,115.74,70730.81
2026-09-22,FW202609100001,bank_1,-0.002491,-4072.66,1635271.27
2026-09-22,FW202609160001,bank_2,-0.001559,-4876.67,3127123.81
2026-09-22,FW202609180001,bank_3,-0.000806,-2392.61,2966834.15
2026-09-22,SW202604300001,bank_1,0.025852,106658.26,4125691.18
2026-09-22,SW202606010001,bank_3,-0.011049,-2650.71,239896.34
2026-09-22,SW202606030001,bank_3,0.002071,2650.1,1279814.13
2026-09-22,SW202606290001,bank_4,0.025538,57979.53,2270366.53
2026-09-22,SW202607140001,bank_4,-0.005581,-13109.39,2348784.62
2026-09-22,SW202607150001,fx_pb_1,0.006434,11126.58,1729445.49
2026-09-22,SW202607200001,fx_pb_1,0.002605,6476.56,2486281.52
2026-09-22,SW202607210001,bank_4,0.006714,4833.6,719923.07
2026-09-22,SW202607230001,bank_2,0.002284,5425.59,2374969.38
2026-09-22,SW202607270001,fx_pb_1,-0.009371,-850.85,90793.16
2026-09-22,SW202608030001,bank_2,0.008007,19545.16,2440971.02
2026-09-22,SW202608120001,fx_pb_1,0.000313,1382.1,4417499.88
2026-09-22,SW202608180001,fx_pb_1,0.004029,5596.86,1389052.48
2026-09-22,SW202608280001,bank_2,-0.000334,-506.17,1516638.67
2026-09-22,SW202609080001,fx_pb_1,-0.00404,-17732.31,4388703.1
2026-09-22,SW202609140001,fx_pb_1,0.000219,10.77,49216.81
2026-09-22,SW202609150001,bank_2,-0.000615,-1182.75,1924048.23
2026-09-22,SW202609170001,bank_4,-0.001257,-2540.09,2020324.2
2026-09-23,FW202605010001,fx_pb_1,-0.000551,-1065.12,1931970.31
2026-09-23,FW202605040001,fx_pb_1,-0.011399,-19004.68,1667275.52
2026-09-23,FW202606090001,bank_1,0.008396,18275.37,2176612.5
2026-09-23,FW202606110001,bank_4,0.00582,13415.28,2304866.11
2026-09-23,FW202606120001,bank_3,-0.009172,-20655.51,2252024.96
2026-09-23,FW202607290001,fx_pb_1,0.0034,27798.16,8176020.28
2026-09-23,FW202608060001,bank_2,-0.000836,-2318.03,2773115.12
2026-09-23,FW202608170001,fx_pb_1,-0.004652,-7846.28,1686584.92
2026-09-23,FW202608190001,bank_2,-0.002634,-5745.85,2181489.59
2026-09-23,FW202608240001,bank_1,0.009045,1754.34,193966.18
2026-09-23,FW202608260002,bank_1,-0.001876,-125.31,66810.56
2026-09-23,FW202608270001,fx_pb_1,-0.001917,-3193.77,1666188.32
2026-09-23,FW202608310001,fx_pb_1,0.001865,131.92,70730.81
2026-09-23,FW202609100001,bank_1,-0.003397,-5555.13,1635271.27
2026-09-23,FW202609160001,bank_2,-0.000748,-2338.15,3127123.81
2026-09-23,FW202609180001,bank_3,-0.001707,-5063.72,2966834.15
2026-09-23,SW202604300001,bank_1,0.025405,104812.3,4125691.18
2026-09-23,SW202606010001,bank_3,-0.010267,-2463.05,239896.34
2026-09-23,SW202606030001,bank_3,0.004099,5245.35,1279814.13
2026-09-23,SW202606290001,bank_4,0.025279,57392.19,2270366.53
2026-09-23,SW202607140001,bank_4,-0.004809,-11295.68,2348784.62
2026-09-23,SW202607150001,fx_pb_1,0.00605,10462.82,1729445.49
2026-09-23,SW202607200001,fx_pb_1,0.00281,6987.22,2486281.52
2026-09-23,SW202607210001,bank_4,0.006914,4977.41,719923.07
2026-09-23,SW202607230001,bank_2,0.000995,2364.23,2374969.38
2026-09-23,SW202607270001,fx_pb_1,-0.009458,-858.73,90793.16
2026-09-23,SW202608030001,bank_2,0.008,19528.54,2440971.02
2026-09-23,SW202608120001,fx_pb_1,0.000768,3391.78,4417499.88
2026-09-23,SW202608180001,fx_pb_1,0.004714,6547.52,1389052.48
2026-09-23,SW202608280001,bank_2,0.00017,257.85,1516638.67
2026-09-23,SW202609080001,fx_pb_1,-0.005217,-22895.93,4388703.1
2026-09-23,SW202609140001,fx_pb_1,-0.000534,-26.27,49216.81
2026-09-23,SW202609150001,bank_2,-0.000913,-1756.96,1924048.23
2026-09-23,SW202609170001,bank_4,8.7e-05,175.0,2020324.2
2026-09-24,FW202605010001,fx_pb_1,-4.2e-05,-81.33,1931970.31
2026-09-24,FW202605040001,fx_pb_1,-0.011457,-19102.06,1667275.52
2026-09-24,FW202606090001,bank_1,0.008289,18042.31,2176612.5
2026-09-24,FW202606110001,bank_4,0.00586,13506.08,2304866.11
2026-09-24,FW202606120001,bank_3,-0.009825,-22126.98,2252024.96
2026-09-24,FW202607290001,fx_pb_1,0.003544,28972.13,8176020.28
2026-09-24,FW202608060001,bank_2,-0.001244,-3448.65,2773115.12
2026-09-24,FW202608170001,fx_pb_1,-0.005234,-8827.9,1686584.92
2026-09-24,FW202608190001,bank_2,-0.002574,-5615.99,2181489.59
2026-09-24,FW202608240001,bank_1,0.009806,1902.11,193966.18
2026-09-24,FW202608260002,bank_1,-0.002707,-180.86,66810.56
2026-09-24,FW202608270001,fx_pb_1,-0.002787,-4644.4,1666188.32
2026-09-24,FW202608310001,fx_pb_1,0.002565,181.46,70730.81
2026-09-24,FW202609100001,bank_1,-0.004165,-6810.74,1635271.27
2026-09-24,FW202609160001,bank_2,-0.003558,-11126.05,3127123.81
2026-09-24,FW202609180001,bank_3,-0.00167,-4955.9,2966834.15
2026-09-24,SW202604300001,bank_1,0.025771,106324.07,4125691.18
2026-09-24,SW202606010001,bank_3,-0.010126,-2429.17,239896.34
2026-09-24,SW202606030001,bank_3,0.003955,5061.96,1279814.13
2026-09-24,SW202606290001,bank_4,0.026547,60271.81,2270366.53
2026-09-24,SW202607140001,bank_4,-0.006117,-14367.58,2348784.62
2026-09-24,SW202607150001,fx_pb_1,0.005828,10079.44,1729445.49
2026-09-24,SW202607200001,fx_pb_1,0.002273,5650.54,2486281.52
2026-09-24,SW202607210001,bank_4,0.006857,4936.5,719923.07
2026-09-24,SW202607230001,bank_2,0.00292,6934.01,2374969.38
2026-09-24,SW202607270001,fx_pb_1,-0.007947,-721.51,90793.16
2026-09-24,SW202608030001,bank_2,0.008206,20031.57,2440971.02
2026-09-24,SW202608120001,fx_pb_1,0.002995,13230.85,4417499.88
2026-09-24,SW202608180001,fx_pb_1,0.004582,6364.02,1389052.48
2026-09-24,SW202608280001,bank_2,-0.002256,-3421.91,1516638.67
2026-09-24,SW202609080001,fx_pb_1,-0.006424,-28193.2,4388703.1
2026-09-24,SW202609140001,fx_pb_1,-0.000462,-22.76,49216.81
2026-09-24,SW202609150001,bank_2,-0.001089,-2094.45,1924048.23
2026-09-24,SW202609170001,bank_4,0.001836,3708.47,2020324.2
2026-09-25,FW202605010001,fx_pb_1,-0.000245,-474.16,1931970.31
2026-09-25,FW202605040001,fx_pb_1,-0.011159,-18605.06,1667275.52
2026-09-25,FW202606090001,bank_1,0.009172,19963.49,2176612.5
2026-09-25,FW202606110001,bank_4,0.005979,13780.22,2304866.11
2026-09-25,FW202606120001,bank_3,-0.009692,-21825.95,2252024.96
2026-09-25,FW202607290001,fx_pb_1,0.003167,25891.67,8176020.28
2026-09-25,FW202608060001,bank_2,-0.000716,-1986.15,2773115.12
2026-09-25,FW202608170001,fx_pb_1,-0.008508,-14349.13,1686584.92
2026-09-25,FW202608190001,bank_2,-0.002892,-6309.89,2181489.59
2026-09-25,FW202608240001,bank_1,0.007561,1466.65,193966.18
2026-09-25,FW202608260002,bank_1,-0.003194,-213.42,66810.56
2026-09-25,FW202608270001,fx_pb_1,-0.002421,-4034.41,1666188.32
2026-09-25,FW202608310001,fx_pb_1,0.001692,119.66,70730.81
2026-09-25,FW202609100001,bank_1,-0.003329,-5443.78,1635271.27
2026-09-25,FW202609160001,bank_2,-0.003231,-10103.22,3127123.81
2026-09-25,FW202609180001,bank_3,-0.000375,-1113.42,2966834.15
2026-09-25,SW202604300001,bank_1,0.028224,116442.01,4125691.18
2026-09-25,SW202606010001,bank_3,-0.010162,-2437.83,239896.34
2026-09-25,SW202606030001,bank_3,0.001417,1813.1,1279814.13
2026-09-25,SW202606290001,bank_4,0.029077,66014.55,2270366.53
2026-09-25,SW202607140001,bank_4,-0.004656,-10936.33,2348784.62
2026-09-25,SW202607150001,fx_pb_1,0.004678,8090.61,1729445.49
2026-09-25,SW202607200001,fx_pb_1,0.001833,4556.48,2486281.52
2026-09-25,SW202607210001,bank_4,0.005777,4158.81,719923.07
2026-09-25,SW202607230001,bank_2,0.002871,6818.22,2374969.38
2026-09-25,SW202607270001,fx_pb_1,-0.010103,-917.31,90793.16
2026-09-25,SW202608030001,bank_2,0.008191,19994.19,2440971.02
2026-09-25,SW202608120001,fx_pb_1,0.003443,15210.44,4417499.88
2026-09-25,SW202608180001,fx_pb_1,0.004968,6901.08,1389052.48
2026-09-25,SW202608280001,bank_2,-0.001495,-2266.88,1516638.67
2026-09-25,SW202609080001,fx_pb_1,-0.007667,-33647.39,4388703.1
2026-09-25,SW202609140001,fx_pb_1,0.00047,23.11,49216.81
2026-09-25,SW202609150001,bank_2,-0.001161,-2233.42,1924048.23
2026-09-25,SW202609170001,bank_4,0.003827,7731.5,2020324.2
2026-09-28,FW202605010001,fx_pb_1,-1.7e-05,-32.38,1931970.31
2026-09-28,FW202605040001,fx_pb_1,-0.011249,-18754.99,1667275.52
2026-09-28,FW202606090001,bank_1,0.009555,20797.34,2176612.5
2026-09-28,FW202606110001,bank_4,0.006083,14020.51,2304866.11
2026-09-28,FW202606120001,bank_3,-0.009693,-21828.42,2252024.96
2026-09-28,FW202607290001,fx_pb_1,0.002425,19829.53,8176020.28
2026-09-28,FW202608060001,bank_2,-0.000579,-1604.78,2773115.12
2026-09-28,FW202608170001,fx_pb_1,-0.009042,-15249.72,1686584.92
2026-09-28,FW202608190001,bank_2,-0.003209,-7000.53,2181489.59
2026-09-28,FW202608240001,bank_1,0.006232,1208.75,193966.18
2026-09-28,FW202608260002,bank_1,-0.001787,-119.42,66810.56
2026-09-28,FW202608270001,fx_pb_1,-0.003237,-5392.65,1666188.32
2026-09-28,FW202608310001,fx_pb_1,0.000878,62.08,70730.81
2026-09-28,FW202609100001,bank_1,-0.004538,-7420.87,1635271.27
2026-09-28,FW202609160001,bank_2,-0.001797,-5619.44,3127123.81
2026-09-28,FW202609180001,bank_3,-0.000245,-725.91,2966834.15
2026-09-28,SW202604300001,bank_1,0.027828,114808.42,4125691.18
2026-09-28,SW202606010001,bank_3,-0.010359,-2485.07,239896.34
2026-09-28,SW202606030001,bank_3,-0.000404,-516.7,1279814.13
2026-09-28,SW202606290001,bank_4,0.029413,66777.22,2270366.53
2026-09-28,SW202607140001,bank_4,-0.004394,-10319.82,2348784.62
2026-09-28,SW202607150001,fx_pb_1,0.004742,8201.71,1729445.49
2026-09-28,SW202607200001,fx_pb_1,0.001415,3517.16,2486281.52
2026-09-28,SW202607210001,bank_4,0.005088,3662.71,719923.07
2026-09-28,SW202607230001,bank_2,0.002395,5687.87,2374969.38
2026-09-28,SW202607270001,fx_pb_1,-0.009728,-883.27,90793.16
2026-09-28,SW202608030001,bank_2,0.008122,19825.9,2440971.02
2026-09-28,SW202608120001,fx_pb_1,0.001934,8541.88,4417499.88
2026-09-28,SW202608180001,fx_pb_1,0.005796,8050.32,1389052.48
2026-09-28,SW202608280001,bank_2,-0.002233,-3386.67,1516638.67
2026-09-28,SW202609080001,fx_pb_1,-0.006715,-29468.89,4388703.1
2026-09-28,SW202609140001,fx_pb_1,0.000807,39.7,49216.81
2026-09-28,SW202609150001,bank_2,-0.001316,-2532.9,1924048.23
2026-09-28,SW202609170001,bank_4,0.004778,9653.57,2020324.2
2026-09-29,FW202605010001,fx_pb_1,-0.000214,-413.47,1931970.31
2026-09-29,FW202605040001,fx_pb_1,-0.012497,-20835.68,1667275.52
2026-09-29,FW202606090001,bank_1,0.010284,22383.69,2176612.5
2026-09-29,FW202606110001,bank_4,0.006196,14279.86,2304866.11
2026-09-29,FW202606120001,bank_3,-0.009793,-22054.35,2252024.96
2026-09-29,FW202607290001,fx_pb_1,0.002463,20136.83,8176020.28
2026-09-29,FW202608060001,bank_2,-0.00053,-1471.07,2773115.12
2026-09-29,FW202608170001,fx_pb_1,-0.010715,-18072.46,1686584.92
2026-09-29,FW202608190001,bank_2,-0.003821,-8335.92,2181489.59
2026-09-29,FW202608240001,bank_1,0.005276,1023.29,193966.18
2026-09-29,FW202608260002,bank_1,-0.00251,-167.72,66810.56
2026-09-29,FW202608270001,fx_pb_1,-0.00299,-4982.65,1666188.32
2026-09-29,FW202608310001,fx_pb_1,0.00085,60.14,70730.81
2026-09-29,FW202609100001,bank_1,-0.004956,-8103.95,1635271.27
2026-09-29,FW202609160001,bank_2,-0.001808,-5654.95,3127123.81
2026-09-29,FW202609180001,bank_3,0.000102,302.22,2966834.15
2026-09-29,FW202609290001,bank_2,0.001566,6655.91,4249092.33
2026-09-29,SW202604300001,bank_1,0.029131,120185.81,4125691.18
2026-09-29,SW202606010001,bank_3,-0.012259,-2940.95,239896.34
2026-09-29,SW202606030001,bank_3,-0.000676,-865.57,1279814.13
2026-09-29,SW202606290001,bank_4,0.028996,65830.7,2270366.53
2026-09-29,SW202607140001,bank_4,-0.005512,-12947.55,2348784.62
2026-09-29,SW202607150001,fx_pb_1,0.00572,9892.58,1729445.49
2026-09-29,SW202607200001,fx_pb_1,0.002346,5834.02,2486281.52
2026-09-29,SW202607210001,bank_4,0.005522,3975.75,719923.07
2026-09-29,SW202607230001,bank_2,0.003198,7594.54,2374969.38
2026-09-29,SW202607270001,fx_pb_1,-0.012219,-1109.36,90793.16
2026-09-29,SW202608030001,bank_2,0.0083,20260.7,2440971.02
2026-09-29,SW202608120001,fx_pb_1,0.002231,9857.2,4417499.88
2026-09-29,SW202608180001,fx_pb_1,0.005729,7957.33,1389052.48
2026-09-29,SW202608280001,bank_2,-0.001977,-2998.72,1516638.67
2026-09-29,SW202609080001,fx_pb_1,-0.007225,-31708.42,4388703.1
2026-09-29,SW202609140001,fx_pb_1,0.000195,9.59,49216.81
2026-09-29,SW202609150001,bank_2,-0.001362,-2620.65,1924048.23
2026-09-29,SW202609170001,bank_4,0.006398,12926.71,2020324.2
2026-09-30,FW202605010001,fx_pb_1,-0.000178,-343.77,1931970.31
2026-09-30,FW202605040001,fx_pb_1,-0.01345,-22424.03,1667275.52
2026-09-30,FW202606090001,bank_1,0.010285,22386.26,2176612.5
2026-09-30,FW202606110001,bank_4,0.006317,14560.85,2304866.11
2026-09-30,FW202606120001,bank_3,-0.010346,-23300.45,2252024.96
2026-09-30,FW202607290001,fx_pb_1,0.002115,17295.44,8176020.28
2026-09-30,FW202608060001,bank_2,-0.000608,-1686.07,2773115.12
2026-09-30,FW202608170001,fx_pb_1,-0.012198,-20573.19,1686584.92
2026-09-30,FW202608190001,bank_2,-0.003847,-8391.62,2181489.59
2026-09-30,FW202608240001,bank_1,0.005979,1159.75,193966.18
2026-09-30,FW202608260002,bank_1,-0.002175,-145.31,66810.56
2026-09-30,FW202608270001,fx_pb_1,-0.003699,-6163.79,1666188.32
2026-09-30,FW202608310001,fx_pb_1,0.001204,85.16,70730.81
2026-09-30,FW202609100001,bank_1,-0.005716,-9347.51,1635271.27
2026-09-30,FW202609160001,bank_2,-0.002667,-8338.89,3127123.81
2026-09-30,FW202609180001,bank_3,0.000554,1643.97,2966834.15
2026-09-30,FW202609290001,bank_2,0.001222,5194.31,4249092.33
2026-09-30,SW202604300001,bank_1,0.027832,114826.91,4125691.18
2026-09-30,SW202606010001,bank_3,-0.01143,-2741.98,239896.34
2026-09-30,SW202606030001,bank_3,-0.003053,-3907.12,1279814.13
2026-09-30,SW202606290001,bank_4,0.030652,69592.05,2270366.53
2026-09-30,SW202607140001,bank_4,-0.001453,-3413.29,2348784.62
2026-09-30,SW202607150001,fx_pb_1,0.004074,7045.55,1729445.49
2026-09-30,SW202607200001,fx_pb_1,0.002761,6865.78,2486281.52
2026-09-30,SW202607210001,bank_4,0.006773,4875.87,719923.07
2026-09-30,SW202607230001,bank_2,0.003796,9016.09,2374969.38
2026-09-30,SW202607270001,fx_pb_1,-0.009175,-833.02,90793.16
2026-09-30,SW202608030001,bank_2,0.008994,21952.91,2440971.02
2026-09-30,SW202608120001,fx_pb_1,0.000286,1264.43,4417499.88
2026-09-30,SW202608180001,fx_pb_1,0.005363,7449.1,1389052.48
2026-09-30,SW202608280001,bank_2,-0.001051,-1593.61,1516638.67
2026-09-30,SW202609080001,fx_pb_1,-0.006124,-26877.84,4388703.1
2026-09-30,SW202609140001,fx_pb_1,0.000816,40.16,49216.81
2026-09-30,SW202609150001,bank_2,-0.001209,-2326.56,1924048.23
2026-09-30,SW202609170001,bank_4,0.005533,11177.82,2020324.2
2026-10-01,FW202605010001,fx_pb_1,1.8e-05,35.53,1931970.31
2026-10-01,FW202605040001,fx_pb_1,-0.013173,-21962.88,1667275.52
2026-10-01,FW202606090001,bank_1,0.011041,24030.92,2176612.5
2026-10-01,FW202606110001,bank_4,0.006398,14746.44,2304866.11
2026-10-01,FW202606120001,bank_3,-0.010733,-24170.95,2252024.96
2026-10-01,FW202607290001,fx_pb_1,0.002039,16674.08,8176020.28
2026-10-01,FW202608060001,bank_2,0.00045,1248.62,2773115.12
2026-10-01,FW202608170001,fx_pb_1,-0.013498,-22766.27,1686584.92
2026-10-01,FW202608190001,bank_2,-0.003943,-8601.64,2181489.59
2026-10-01,FW202608240001,bank_1,0.009479,1838.56,193966.18
2026-10-01,FW202608260002,bank_1,-0.00168,-112.22,66810.56
2026-10-01,FW202608270001,fx_pb_1,-0.004244,-7072.13,1666188.32
2026-10-01,FW202609100001,bank_1,-0.006223,-10176.61,1635271.27
2026-10-01,FW202609160001,bank_2,-0.006081,-19015.64,3127123.81
2026-10-01,FW202609180001,bank_3,-0.000127,-376.11,2966834.15
2026-10-01,FW202609290001,bank_2,0.000326,1384.34,4249092.33
2026-10-01,SW202606010001,bank_3,-0.015119,-3627.05,239896.34
2026-10-01,SW202606030001,bank_3,-0.004203,-5379.37,1279814.13
2026-10-01,SW202606290001,bank_4,0.033239,75463.9,2270366.53
2026-10-01,SW202607140001,bank_4,-0.00209,-4908.9,2348784.62
2026-10-01,SW202607150001,fx_pb_1,0.005572,9637.05,1729445.49
2026-10-01,SW202607200001,fx_pb_1,0.00299,7434.76,2486281.52
2026-10-01,SW202607210001,bank_4,0.007333,5279.19,719923.07
2026-10-01,SW202607230001,bank_2,0.003164,7513.58,2374969.38
2026-10-01,SW202607270001,fx_pb_1,-0.00876,-795.32,90793.16
2026-10-01,SW202608030001,bank_2,0.008092,19752.44,2440971.02
2026-10-01,SW202608120001,fx_pb_1,0.002083,9199.82,4417499.88
2026-10-01,SW202608180001,fx_pb_1,0.00536,7446.01,1389052.48
2026-10-01,SW202608280001,bank_2,-0.000409,-619.96,1516638.67
2026-10-01,SW202609080001,fx_pb_1,-0.005045,-22143.15,4388703.1
2026-10-01,SW202609140001,fx_pb_1,0.001525,75.07,49216.81
2026-10-01,SW202609150001,bank_2,-0.001256,-2416.96,1924048.23
2026-10-01,SW202609170001,bank_4,0.007275,14697.99,2020324.2
2026-10-01,SW202610010001,bank_3,0.002173,4045.94,1862064.72
2026-10-02,FW202605040001,fx_pb_1,-0.013204,-22015.52,1667275.52
2026-10-02,FW202606090001,bank_1,0.010472,22793.84,2176612.5
2026-10-02,FW202606110001,bank_4,0.006479,14932.74,2304866.11
2026-10-02,FW202606120001,bank_3,-0.010275,-23139.46,2252024.96
2026-10-02,FW202607290001,fx_pb_1,0.001508,12328.89,8176020.28
2026-10-02,FW202608060001,bank_2,0.00124,3439.9,2773115.12
2026-10-02,FW202608170001,fx_pb_1,-0.013693,-23094.69,1686584.92
2026-10-02,FW202608190001,bank_2,-0.003957,-8631.2,2181489.59
2026-10-02,FW202608240001,bank_1,0.006878,1334.16,193966.18
2026-10-02,FW202608260002,bank_1,-0.001331,-88.9,66810.56
2026-10-02,FW202608270001,fx_pb_1,-0.004018,-6694.78,1666188.32
2026-10-02,FW202609100001,bank_1,-0.004967,-8121.72,1635271.27
2026-10-02,FW202609160001,bank_2,-0.00736,-23015.44,3127123.81
2026-10-02,FW202609180001,bank_3,-0.000199,-589.35,2966834.15
2026-10-02,FW202609290001,bank_2,-0.000233,-991.82,4249092.33
2026-10-02,FW202610020001,bank_4,0.001509,3871.68,2565920.26
2026-10-02,SW202606010001,bank_3,-0.015988,-3835.54,239896.34
2026-10-02,SW202606030001,bank_3,-0.002358,-3017.91,1279814.13
2026-10-02,SW202606290001,bank_4,0.033286,75570.66,2270366.53
2026-10-02,SW202607140001,bank_4,-0.001088,-2554.67,2348784.62
2026-10-02,SW202607150001,fx_pb_1,0.006489,11222.64,1729445.49
2026-10-02,SW202607200001,fx_pb_1,0.003292,8186.05,2486281.52
2026-10-02,SW202607210001,bank_4,0.006818,4908.72,719923.07
2026-10-02,SW202607230001,bank_2,0.000508,1207.03,2374969.38
2026-10-02,SW202607270001,fx_pb_1,-0.007398,-671.72,90793.16
2026-10-02,SW202608030001,bank_2,0.00704,17184.04,2440971.02
2026-10-02,SW202608120001,fx_pb_1,0.002197,9706.35,4417499.88
2026-10-02,SW202608180001,fx_pb_1,0.006558,9109.44,1389052.48
2026-10-02,SW202608280001,bank_2,-0.002663,-4038.21,1516638.67
2026-10-02,SW202609080001,fx_pb_1,-0.007523,-33016.78,4388703.1
2026-10-02,SW202609140001,fx_pb_1,0.001925,94.75,49216.81
2026-10-02,SW202609150001,bank_2,-0.001608,-3094.14,1924048.23
2026-10-02,SW202609170001,bank_4,0.007694,15544.94,2020324.2
2026-10-02,SW202610010001,bank_3,0.002896,5392.66,1862064.72
