report_date,bank_id,trade_id,type,trade_date,value_date,currency_pair,trade_size_usd,leg_id
2026-01-02,bank_3,SW202601020001,swap,2026-01-02,2026-01-06,EUR/GBP,1256227.27,1
2026-01-02,bank_3,SW202601020001,swap,2026-01-02,2026-06-08,EUR/GBP,1254980.74,2
2026-01-02,bank_4,SW202601020002,swap,2026-01-02,2026-01-06,EUR/GBP,6103899.39,1
2026-01-02,bank_4,SW202601020002,swap,2026-01-02,2026-05-06,EUR/GBP,6070601.24,2
2026-01-02,bank_2,SP202601020003,spot,2026-01-02,2026-01-06,EUR/GBP,2516175.48,1
2026-01-02,bank_1,SW202601020004,swap,2026-01-02,2026-01-06,EUR/GBP,8448684.48,1
2026-01-02,bank_1,SW202601020004,swap,2026-01-02,2026-06-08,EUR/GBP,8443061.21,2
2026-01-05,bank_3,SW202601020001,swap,2026-01-02,2026-01-06,EUR/GBP,1256227.27,1
2026-01-05,bank_3,SW202601020001,swap,2026-01-02,2026-06-08,EUR/GBP,1254980.74,2
2026-01-05,bank_4,SW202601020002,swap,2026-01-02,2026-01-06,EUR/GBP,6103899.39,1
2026-01-05,bank_4,SW202601020002,swap,2026-01-02,2026-05-06,EUR/GBP,6070601.24,2
2026-01-05,bank_2,SP202601020003,spot,2026-01-02,2026-01-06,EUR/GBP,2516175.48,1
2026-01-05,bank_1,SW202601020004,swap,2026-01-02,2026-01-06,EUR/GBP,8448684.48,1
2026-01-05,bank_1,SW202601020004,swap,2026-01-02,2026-06-08,EUR/GBP,8443061.21,2
2026-01-05,bank_3,SP202601050001,spot,2026-01-05,2026-01-07,EUR/GBP,2339627.99,1
2026-01-06,bank_3,SW202601020001,swap,2026-01-02,2026-06-08,EUR/GBP,1254980.74,2
2026-01-06,bank_4,SW202601020002,swap,2026-01-02,2026-05-06,EUR/GBP,6070601.24,2
2026-01-06,bank_1,SW202601020004,swap,2026-01-02,2026-06-08,EUR/GBP,8443061.21,2
2026-01-06,bank_3,SP202601050001,spot,2026-01-05,2026-01-07,EUR/GBP,2339627.99,1
2026-01-06,bank_3,SW202601060001,swap,2026-01-06,2026-01-08,GBP/USD,1624733.28,1
2026-01-06,bank_3,SW202601060001,swap,2026-01-06,2026-06-08,GBP/USD,1634636.5,2
2026-01-07,bank_3,SW202601020001,swap,2026-01-02,2026-06-08,EUR/GBP,1254980.74,2
2026-01-07,bank_4,SW202601020002,swap,2026-01-02,2026-05-06,EUR/GBP,6070601.24,2
2026-01-07,bank_1,SW202601020004,swap,2026-01-02,2026-06-08,EUR/GBP,8443061.21,2
2026-01-07,bank_3,SW202601060001,swap,2026-01-06,2026-01-08,GBP/USD,1624733.28,1
2026-01-07,bank_3,SW202601060001,swap,2026-01-06,2026-06-08,GBP/USD,1634636.5,2
2026-01-07,bank_2,SP202601070001,spot,2026-01-07,2026-01-09,EUR/GBP,1279504.97,1
2026-01-08,bank_3,SW202601020001,swap,2026-01-02,2026-06-08,EUR/GBP,1254980.74,2
2026-01-08,bank_4,SW202601020002,swap,2026-01-02,2026-05-06,EUR/GBP,6070601.24,2
2026-01-08,bank_1,SW202601020004,swap,2026-01-02,2026-06-08,EUR/GBP,8443061.21,2
2026-01-08,bank_3,SW202601060001,swap,2026-01-06,2026-06-08,GBP/USD,1634636.5,2
2026-01-08,bank_2,SP202601070001,spot,2026-01-07,2026-01-09,EUR/GBP,1279504.97,1
2026-01-09,bank_3,SW202601020001,swap,2026-01-02,2026-06-08,EUR/GBP,1254980.74,2
2026-01-09,bank_4,SW202601020002,swap,2026-01-02,2026-05-06,EUR/GBP,6070601.24,2
2026-01-09,bank_1,SW202601020004,swap,2026-01-02,2026-06-08,EUR/GBP,8443061.21,2
2026-01-09,bank_3,SW202601060001,swap,2026-01-06,2026-06-08,GBP/USD,1634636.5,2
2026-01-09,fx_pb_1,SP202601090001,spot,2026-01-09,2026-01-13,EUR/GBP,2410330.76,1
2026-01-12,bank_3,SW202601020001,swap,2026-01-02,2026-06-08,EUR/GBP,1254980.74,2
2026-01-12,bank_4,SW202601020002,swap,2026-01-02,2026-05-06,EUR/GBP,6070601.24,2
2026-01-12,bank_1,SW202601020004,swap,2026-01-02,2026-06-08,EUR/GBP,8443061.21,2
2026-01-12,bank_3,SW202601060001,swap,2026-01-06,2026-06-08,GBP/USD,1634636.5,2
2026-01-12,fx_pb_1,SP202601090001,spot,2026-01-09,2026-01-13,EUR/GBP,2410330.76,1
2026-01-13,bank_3,SW202601020001,swap,2026-01-02,2026-06-08,EUR/GBP,1254980.74,2
2026-01-13,bank_4,SW202601020002,swap,2026-01-02,2026-05-06,EUR/GBP,6070601.24,2
2026-01-13,bank_1,SW202601020004,swap,2026-01-02,2026-06-08,EUR/GBP,8443061.21,2
2026-01-13,bank_3,SW202601060001,swap,2026-01-06,2026-06-08,GBP/USD,1634636.5,2
2026-01-13,bank_4,FW202601130001,forward,2026-01-13,2026-06-15,EUR/USD,2107158.8,1
2026-01-14,bank_3,SW202601020001,swap,2026-01-02,2026-06-08,EUR/GBP,1254980.74,2
2026-01-14,bank_4,SW202601020002,swap,2026-01-02,2026-05-06,EUR/GBP,6070601.24,2
2026-01-14,bank_1,SW202601020004,swap,2026-01-02,2026-06-08,EUR/GBP,8443061.21,2
2026-01-14,bank_3,SW202601060001,swap,2026-01-06,2026-06-08,GBP/USD,1634636.5,2
2026-01-14,bank_4,FW202601130001,forward,2026-01-13,2026-06-15,EUR/USD,2107158.8,1
2026-01-14,bank_3,SP202601140001,spot,2026-01-14,2026-01-16,GBP/USD,1429169.35,1
2026-01-15,bank_3,SW202601020001,swap,2026-01-02,2026-06-08,EUR/GBP,1254980.74,2
2026-01-15,bank_4,SW202601020002,swap,2026-01-02,2026-05-06,EUR/GBP,6070601.24,2
2026-01-15,bank_1,SW202601020004,swap,2026-01-02,2026-06-08,EUR/GBP,8443061.21,2
2026-01-15,bank_3,SW202601060001,swap,2026-01-06,2026-06-08,GBP/USD,1634636.5,2
2026-01-15,bank_4,FW202601130001,forward,2026-01-13,2026-06-15,EUR/USD,2107158.8,1
2026-01-15,bank_3,SP202601140001,spot,2026-01-14,2026-01-16,GBP/USD,1429169.35,1
2026-01-15,fx_pb_1,SW202601150001,swap,2026-01-15,2026-01-20,EUR/USD,1116605.48,1
2026-01-15,fx_pb_1,SW202601150001,swap,2026-01-15,2026-07-20,EUR/USD,1111995.99,2
2026-01-16,bank_3,SW202601020001,swap,2026-01-02,2026-06-08,EUR/GBP,1254980.74,2
2026-01-16,bank_4,SW202601020002,swap,2026-01-02,2026-05-06,EUR/GBP,6070601.24,2
2026-01-16,bank_1,SW202601020004,swap,2026-01-02,2026-06-08,EUR/GBP,8443061.21,2
2026-01-16,bank_3,SW202601060001,swap,2026-01-06,2026-06-08,GBP/USD,1634636.5,2
2026-01-16,bank_4,FW202601130001,forward,2026-01-13,2026-06-15,EUR/USD,2107158.8,1
2026-01-16,fx_pb_1,SW202601150001,swap,2026-01-15,2026-01-20,EUR/USD,1116605.48,1
2026-01-16,fx_pb_1,SW202601150001,swap,2026-01-15,2026-07-20,EUR/USD,1111995.99,2
2026-01-20,bank_3,SW202601020001,swap,2026-01-02,2026-06-08,EUR/GBP,1254980.74,2
2026-01-20,bank_4,SW202601020002,swap,2026-01-02,2026-05-06,EUR/GBP,6070601.24,2
2026-01-20,bank_1,SW202601020004,swap,2026-01-02,2026-06-08,EUR/GBP,8443061.21,2
2026-01-20,bank_3,SW202601060001,swap,2026-01-06,2026-06-08,GBP/USD,1634636.5,2
2026-01-20,bank_4,FW202601130001,forward,2026-01-13,2026-06-15,EUR/USD,2107158.8,1
2026-01-20,fx_pb_1,SW202601150001,swap,2026-01-15,2026-07-20,EUR/USD,1111995.99,2
2026-01-20,bank_2,FW202601200001,forward,2026-01-20,2026-04-22,EUR/GBP,600835.82,1
2026-01-20,fx_pb_1,FW202601200002,forward,2026-01-20,2026-04-22,GBP/USD,1603024.18,1
2026-01-20,fx_pb_1,SP202601200003,spot,2026-01-20,2026-01-22,EUR/GBP,969518.13,1
2026-01-21,bank_3,SW202601020001,swap,2026-01-02,2026-06-08,EUR/GBP,1254980.74,2
2026-01-21,bank_4,SW202601020002,swap,2026-01-02,2026-05-06,EUR/GBP,6070601.24,2
2026-01-21,bank_1,SW202601020004,swap,2026-01-02,2026-06-08,EUR/GBP,8443061.21,2
2026-01-21,bank_3,SW202601060001,swap,2026-01-06,2026-06-08,GBP/USD,1634636.5,2
2026-01-21,bank_4,FW202601130001,forward,2026-01-13,2026-06-15,EUR/USD,2107158.8,1
2026-01-21,fx_pb_1,SW202601150001,swap,2026-01-15,2026-07-20,EUR/USD,1111995.99,2
2026-01-21,bank_2,FW202601200001,forward,2026-01-20,2026-04-22,EUR/GBP,600835.82,1
2026-01-21,fx_pb_1,FW202601200002,forward,2026-01-20,2026-04-22,GBP/USD,1603024.18,1
2026-01-21,fx_pb_1,SP202601200003,spot,2026-01-20,2026-01-22,EUR/GBP,969518.13,1
2026-01-21,fx_pb_1,FW202601210001,forward,2026-01-21,2026-03-23,EUR/USD,2938352.75,1
2026-01-21,bank_3,FW202601210002,forward,2026-01-21,2026-04-23,EUR/GBP,1192781.92,1
2026-01-22,bank_3,SW202601020001,swap,2026-01-02,2026-06-08,EUR/GBP,1254980.74,2
2026-01-22,bank_4,SW202601020002,swap,2026-01-02,2026-05-06,EUR/GBP,6070601.24,2
2026-01-22,bank_1,SW202601020004,swap,2026-01-02,2026-06-08,EUR/GBP,8443061.21,2
2026-01-22,bank_3,SW202601060001,swap,2026-01-06,2026-06-08,GBP/USD,1634636.5,2
2026-01-22,bank_4,FW202601130001,forward,2026-01-13,2026-06-15,EUR/USD,2107158.8,1
2026-01-22,fx_pb_1,SW202601150001,swap,2026-01-15,2026-07-20,EUR/USD,1111995.99,2
2026-01-22,bank_2,FW202601200001,forward,2026-01-20,2026-04-22,EUR/GBP,600835.82,1
2026-01-22,fx_pb_1,FW202601200002,forward,2026-01-20,2026-04-22,GBP/USD,1603024.18,1
2026-01-22,fx_pb_1,FW202601210001,forward,2026-01-21,2026-03-23,EUR/USD,2938352.75,1
2026-01-22,bank_3,FW202601210002,forward,2026-01-21,2026-04-23,EUR/GBP,1192781.92,1
2026-01-23,bank_3,SW202601020001,swap,2026-01-02,2026-06-08,EUR/GBP,1254980.74,2
2026-01-23,bank_4,SW202601020002,swap,2026-01-02,2026-05-06,EUR/GBP,6070601.24,2
2026-01-23,bank_1,SW202601020004,swap,2026-01-02,2026-06-08,EUR/GBP,8443061.21,2
2026-01-23,bank_3,SW202601060001,swap,2026-01-06,2026-06-08,GBP/USD,1634636.5,2
2026-01-23,bank_4,FW202601130001,forward,2026-01-13,2026-06-15,EUR/USD,2107158.8,1
2026-01-23,fx_pb_1,SW202601150001,swap,2026-01-15,2026-07-20,EUR/USD,1111995.99,2
2026-01-23,bank_2,FW202601200001,forward,2026-01-20,2026-04-22,EUR/GBP,600835.82,1
2026-01-23,fx_pb_1,FW202601200002,forward,2026-01-20,2026-04-22,GBP/USD,1603024.18,1
2026-01-23,fx_pb_1,FW202601210001,forward,2026-01-21,2026-03-23,EUR/USD,2938352.75,1
2026-01-23,bank_3,FW202601210002,forward,2026-01-21,2026-04-23,EUR/GBP,1192781.92,1
2026-01-26,bank_3,SW202601020001,swap,2026-01-02,2026-06-08,EUR/GBP,1254980.74,2
2026-01-26,bank_4,SW202601020002,swap,2026-01-02,2026-05-06,EUR/GBP,6070601.24,2
2026-01-26,bank_1,SW202601020004,swap,2026-01-02,2026-06-08,EUR/GBP,8443061.21,2
2026-01-26,bank_3,SW202601060001,swap,2026-01-06,2026-06-08,GBP/USD,1634636.5,2
2026-01-26,bank_4,FW202601130001,forward,2026-01-13,2026-06-15,EUR/USD,2107158.8,1
2026-01-26,fx_pb_1,SW202601150001,swap,2026-01-15,2026-07-20,EUR/USD,1111995.99,2
2026-01-26,bank_2,FW202601200001,forward,2026-01-20,2026-04-22,EUR/GBP,600835.82,1
2026-01-26,fx_pb_1,FW202601200002,forward,2026-01-20,2026-04-22,GBP/USD,1603024.18,1
2026-01-26,fx_pb_1,FW202601210001,forward,2026-01-21,2026-03-23,EUR/USD,2938352.75,1
2026-01-26,bank_3,FW202601210002,forward,2026-01-21,2026-04-23,EUR/GBP,1192781.92,1
2026-01-27,bank_3,SW202601020001,swap,2026-01-02,2026-06-08,EUR/GBP,1254980.74,2
2026-01-27,bank_4,SW202601020002,swap,2026-01-02,2026-05-06,EUR/GBP,6070601.24,2
2026-01-27,bank_1,SW202601020004,swap,2026-01-02,2026-06-08,EUR/GBP,8443061.21,2
2026-01-27,bank_3,SW202601060001,swap,2026-01-06,2026-06-08,GBP/USD,1634636.5,2
2026-01-27,bank_4,FW202601130001,forward,2026-01-13,2026-06-15,EUR/USD,2107158.8,1
2026-01-27,fx_pb_1,SW202601150001,swap,2026-01-15,2026-07-20,EUR/USD,1111995.99,2
2026-01-27,bank_2,FW202601200001,forward,2026-01-20,2026-04-22,EUR/GBP,600835.82,1
2026-01-27,fx_pb_1,FW202601200002,forward,2026-01-20,2026-04-22,GBP/USD,1603024.18,1
2026-01-27,fx_pb_1,FW202601210001,forward,2026-01-21,2026-03-23,EUR/USD,2938352.75,1
2026-01-27,bank_3,FW202601210002,forward,2026-01-21,2026-04-23,EUR/GBP,1192781.92,1
2026-01-27,fx_pb_1,FW202601270001,forward,2026-01-27,2026-04-29,GBP/USD,2168195.94,1
2026-01-28,bank_3,SW202601020001,swap,2026-01-02,2026-06-08,EUR/GBP,1254980.74,2
2026-01-28,bank_4,SW202601020002,swap,2026-01-02,2026-05-06,EUR/GBP,6070601.24,2
2026-01-28,bank_1,SW202601020004,swap,2026-01-02,2026-06-08,EUR/GBP,8443061.21,2
2026-01-28,bank_3,SW202601060001,swap,2026-01-06,2026-06-08,GBP/USD,1634636.5,2
2026-01-28,bank_4,FW202601130001,forward,2026-01-13,2026-06-15,EUR/USD,2107158.8,1
2026-01-28,fx_pb_1,SW202601150001,swap,2026-01-15,2026-07-20,EUR/USD,1111995.99,2
2026-01-28,bank_2,FW202601200001,forward,2026-01-20,2026-04-22,EUR/GBP,600835.82,1
2026-01-28,fx_pb_1,FW202601200002,forward,2026-01-20,2026-04-22,GBP/USD,1603024.18,1
2026-01-28,fx_pb_1,FW202601210001,forward,2026-01-21,2026-03-23,EUR/USD,2938352.75,1
2026-01-28,bank_3,FW202601210002,forward,2026-01-21,2026-04-23,EUR/GBP,1192781.92,1
2026-01-28,fx_pb_1,FW202601270001,forward,2026-01-27,2026-04-29,GBP/USD,2168195.94,1
2026-01-28,bank_2,SP202601280001,spot,2026-01-28,2026-01-30,EUR/GBP,124098.62,1
2026-01-29,bank_3,SW202601020001,swap,2026-01-02,2026-06-08,EUR/GBP,1254980.74,2
2026-01-29,bank_4,SW202601020002,swap,2026-01-02,2026-05-06,EUR/GBP,6070601.24,2
2026-01-29,bank_1,SW202601020004,swap,2026-01-02,2026-06-08,EUR/GBP,8443061.21,2
2026-01-29,bank_3,SW202601060001,swap,2026-01-06,2026-06-08,GBP/USD,1634636.5,2
2026-01-29,bank_4,FW202601130001,forward,2026-01-13,2026-06-15,EUR/USD,2107158.8,1
2026-01-29,fx_pb_1,SW202601150001,swap,2026-01-15,2026-07-20,EUR/USD,1111995.99,2
2026-01-29,bank_2,FW202601200001,forward,2026-01-20,2026-04-22,EUR/GBP,600835.82,1
2026-01-29,fx_pb_1,FW202601200002,forward,2026-01-20,2026-04-22,GBP/USD,1603024.18,1
2026-01-29,fx_pb_1,FW202601210001,forward,2026-01-21,2026-03-23,EUR/USD,2938352.75,1
2026-01-29,bank_3,FW202601210002,forward,2026-01-21,2026-04-23,EUR/GBP,1192781.92,1
2026-01-29,fx_pb_1,FW202601270001,forward,2026-01-27,2026-04-29,GBP/USD,2168195.94,1
2026-01-29,bank_2,SP202601280001,spot,2026-01-28,2026-01-30,EUR/GBP,124098.62,1
2026-01-30,bank_3,SW202601020001,swap,2026-01-02,2026-06-08,EUR/GBP,1254980.74,2
2026-01-30,bank_4,SW202601020002,swap,2026-01-02,2026-05-06,EUR/GBP,6070601.24,2
2026-01-30,bank_1,SW202601020004,swap,2026-01-02,2026-06-08,EUR/GBP,8443061.21,2
2026-01-30,bank_3,SW202601060001,swap,2026-01-06,2026-06-08,GBP/USD,1634636.5,2
2026-01-30,bank_4,FW202601130001,forward,2026-01-13,2026-06-15,EUR/USD,2107158.8,1
2026-01-30,fx_pb_1,SW202601150001,swap,2026-01-15,2026-07-20,EUR/USD,1111995.99,2
2026-01-30,bank_2,FW202601200001,forward,2026-01-20,2026-04-22,EUR/GBP,600835.82,1
2026-01-30,fx_pb_1,FW202601200002,forward,2026-01-20,2026-04-22,GBP/USD,1603024.18,1
2026-01-30,fx_pb_1,FW202601210001,forward,2026-01-21,2026-03-23,EUR/USD,2938352.75,1
2026-01-30,bank_3,FW202601210002,forward,2026-01-21,2026-04-23,EUR/GBP,1192781.92,1
2026-01-30,fx_pb_1,FW202601270001,forward,2026-01-27,2026-04-29,GBP/USD,2168195.94,1
2026-01-30,bank_2,SP202601300001,spot,2026-01-30,2026-02-03,GBP/USD,670115.66,1
2026-02-02,bank_3,SW202601020001,swap,2026-01-02,2026-06-08,EUR/GBP,1254980.74,2
2026-02-02,bank_4,SW202601020002,swap,2026-01-02,2026-05-06,EUR/GBP,6070601.24,2
2026-02-02,bank_1,SW202601020004,swap,2026-01-02,2026-06-08,EUR/GBP,8443061.21,2
2026-02-02,bank_3,SW202601060001,swap,2026-01-06,2026-06-08,GBP/USD,1634636.5,2
2026-02-02,bank_4,FW202601130001,forward,2026-01-13,2026-06-15,EUR/USD,2107158.8,1
2026-02-02,fx_pb_1,SW202601150001,swap,2026-01-15,2026-07-20,EUR/USD,1111995.99,2
2026-02-02,bank_2,FW202601200001,forward,2026-01-20,2026-04-22,EUR/GBP,600835.82,1
2026-02-02,fx_pb_1,FW202601200002,forward,2026-01-20,2026-04-22,GBP/USD,1603024.18,1
2026-02-02,fx_pb_1,FW202601210001,forward,2026-01-21,2026-03-23,EUR/USD,2938352.75,1
2026-02-02,bank_3,FW202601210002,forward,2026-01-21,2026-04-23,EUR/GBP,1192781.92,1
2026-02-02,fx_pb_1,FW202601270001,forward,2026-01-27,2026-04-29,GBP/USD,2168195.94,1
2026-02-02,bank_2,SP202601300001,spot,2026-01-30,2026-02-03,GBP/USD,670115.66,1
2026-02-02,bank_3,FW202602020001,forward,2026-02-02,2026-03-04,EUR/USD,2875652.91,1
2026-02-03,bank_3,SW202601020001,swap,2026-01-02,2026-06-08,EUR/GBP,1254980.74,2
2026-02-03,bank_4,SW202601020002,swap,2026-01-02,2026-05-06,EUR/GBP,6070601.24,2
2026-02-03,bank_1,SW202601020004,swap,2026-01-02,2026-06-08,EUR/GBP,8443061.21,2
2026-02-03,bank_3,SW202601060001,swap,2026-01-06,2026-06-08,GBP/USD,1634636.5,2
2026-02-03,bank_4,FW202601130001,forward,2026-01-13,2026-06-15,EUR/USD,2107158.8,1
2026-02-03,fx_pb_1,SW202601150001,swap,2026-01-15,2026-07-20,EUR/USD,1111995.99,2
2026-02-03,bank_2,FW202601200001,forward,2026-01-20,2026-04-22,EUR/GBP,600835.82,1
2026-02-03,fx_pb_1,FW202601200002,forward,2026-01-20,2026-04-22,GBP/USD,1603024.18,1
2026-02-03,fx_pb_1,FW202601210001,forward,2026-01-21,2026-03-23,EUR/USD,2938352.75,1
2026-02-03,bank_3,FW202601210002,forward,2026-01-21,2026-04-23,EUR/GBP,1192781.92,1
2026-02-03,fx_pb_1,FW202601270001,forward,2026-01-27,2026-04-29,GBP/USD,2168195.94,1
2026-02-03,bank_3,FW202602020001,forward,2026-02-02,2026-03-04,EUR/USD,2875652.91,1
2026-02-03,bank_3,SP202602030001,spot,2026-02-03,2026-02-05,GBP/USD,2041344.8,1
2026-02-04,bank_3,SW202601020001,swap,2026-01-02,2026-06-08,EUR/GBP,1254980.74,2
2026-02-04,bank_4,SW202601020002,swap,2026-01-02,2026-05-06,EUR/GBP,6070601.24,2
2026-02-04,bank_1,SW202601020004,swap,2026-01-02,2026-06-08,EUR/GBP,8443061.21,2
2026-02-04,bank_3,SW202601060001,swap,2026-01-06,2026-06-08,GBP/USD,1634636.5,2
2026-02-04,bank_4,FW202601130001,forward,2026-01-13,2026-06-15,EUR/USD,2107158.8,1
2026-02-04,fx_pb_1,SW202601150001,swap,2026-01-15,2026-07-20,EUR/USD,1111995.99,2
2026-02-04,bank_2,FW202601200001,forward,2026-01-20,2026-04-22,EUR/GBP,600835.82,1
2026-02-04,fx_pb_1,FW202601200002,forward,2026-01-20,2026-04-22,GBP/USD,1603024.18,1
2026-02-04,fx_pb_1,FW202601210001,forward,2026-01-21,2026-03-23,EUR/USD,2938352.75,1
2026-02-04,bank_3,FW202601210002,forward,2026-01-21,2026-04-23,EUR/GBP,1192781.92,1
2026-02-04,fx_pb_1,FW202601270001,forward,2026-01-27,2026-04-29,GBP/USD,2168195.94,1
2026-02-04,bank_3,FW202602020001,forward,2026-02-02,2026-03-04,EUR/USD,2875652.91,1
2026-02-04,bank_3,SP202602030001,spot,2026-02-03,2026-02-05,GBP/USD,2041344.8,1
2026-02-04,bank_4,SP202602040001,spot,2026-02-04,2026-02-06,GBP/USD,3981743.62,1
2026-02-05,bank_3,SW202601020001,swap,2026-01-02,2026-06-08,EUR/GBP,1254980.74,2
2026-02-05,bank_4,SW202601020002,swap,2026-01-02,2026-05-06,EUR/GBP,6070601.24,2
2026-02-05,bank_1,SW202601020004,swap,2026-01-02,2026-06-08,EUR/GBP,8443061.21,2
2026-02-05,bank_3,SW202601060001,swap,2026-01-06,2026-06-08,GBP/USD,1634636.5,2
2026-02-05,bank_4,FW202601130001,forward,2026-01-13,2026-06-15,EUR/USD,2107158.8,1
2026-02-05,fx_pb_1,SW202601150001,swap,2026-01-15,2026-07-20,EUR/USD,1111995.99,2
2026-02-05,bank_2,FW202601200001,forward,2026-01-20,2026-04-22,EUR/GBP,600835.82,1
2026-02-05,fx_pb_1,FW202601200002,forward,2026-01-20,2026-04-22,GBP/USD,1603024.18,1
2026-02-05,fx_pb_1,FW202601210001,forward,2026-01-21,2026-03-23,EUR/USD,2938352.75,1
2026-02-05,bank_3,FW202601210002,forward,2026-01-21,2026-04-23,EUR/GBP,1192781.92,1
2026-02-05,fx_pb_1,FW202601270001,forward,2026-01-27,2026-04-29,GBP/USD,2168195.94,1
2026-02-05,bank_3,FW202602020001,forward,2026-02-02,2026-03-04,EUR/USD,2875652.91,1
2026-02-05,bank_4,SP202602040001,spot,2026-02-04,2026-02-06,GBP/USD,3981743.62,1
2026-02-06,bank_3,SW202601020001,swap,2026-01-02,2026-06-08,EUR/GBP,1254980.74,2
2026-02-06,bank_4,SW202601020002,swap,2026-01-02,2026-05-06,EUR/GBP,6070601.24,2
2026-02-06,bank_1,SW202601020004,swap,2026-01-02,2026-06-08,EUR/GBP,8443061.21,2
2026-02-06,bank_3,SW202601060001,swap,2026-01-06,2026-06-08,GBP/USD,1634636.5,2
2026-02-06,bank_4,FW202601130001,forward,2026-01-13,2026-06-15,EUR/USD,2107158.8,1
2026-02-06,fx_pb_1,SW202601150001,swap,2026-01-15,2026-07-20,EUR/USD,1111995.99,2
2026-02-06,bank_2,FW202601200001,forward,2026-01-20,2026-04-22,EUR/GBP,600835.82,1
2026-02-06,fx_pb_1,FW202601200002,forward,2026-01-20,2026-04-22,GBP/USD,1603024.18,1
2026-02-06,fx_pb_1,FW202601210001,forward,2026-01-21,2026-03-23,EUR/USD,2938352.75,1
2026-02-06,bank_3,FW202601210002,forward,2026-01-21,2026-04-23,EUR/GBP,1192781.92,1
2026-02-06,fx_pb_1,FW202601270001,forward,2026-01-27,2026-04-29,GBP/USD,2168195.94,1
2026-02-06,bank_3,FW202602020001,forward,2026-02-02,2026-03-04,EUR/USD,2875652.91,1
2026-02-06,fx_pb_1,SP202602060001,spot,2026-02-06,2026-02-10,EUR/GBP,1562467.57,1
2026-02-09,bank_3,SW202601020001,swap,2026-01-02,2026-06-08,EUR/GBP,1254980.74,2
2026-02-09,bank_4,SW202601020002,swap,2026-01-02,2026-05-06,EUR/GBP,6070601.24,2
2026-02-09,bank_1,SW202601020004,swap,2026-01-02,2026-06-08,EUR/GBP,8443061.21,2
2026-02-09,bank_3,SW202601060001,swap,2026-01-06,2026-06-08,GBP/USD,1634636.5,2
2026-02-09,bank_4,FW202601130001,forward,2026-01-13,2026-06-15,EUR/USD,2107158.8,1
2026-02-09,fx_pb_1,SW202601150001,swap,2026-01-15,2026-07-20,EUR/USD,1111995.99,2
2026-02-09,bank_2,FW202601200001,forward,2026-01-20,2026-04-22,EUR/GBP,600835.82,1
2026-02-09,fx_pb_1,FW202601200002,forward,2026-01-20,2026-04-22,GBP/USD,1603024.18,1
2026-02-09,fx_pb_1,FW202601210001,forward,2026-01-21,2026-03-23,EUR/USD,2938352.75,1
2026-02-09,bank_3,FW202601210002,forward,2026-01-21,2026-04-23,EUR/GBP,1192781.92,1
2026-02-09,fx_pb_1,FW202601270001,forward,2026-01-27,2026-04-29,GBP/USD,2168195.94,1
2026-02-09,bank_3,FW202602020001,forward,2026-02-02,2026-03-04,EUR/USD,2875652.91,1
2026-02-09,fx_pb_1,SP202602060001,spot,2026-02-06,2026-02-10,EUR/GBP,1562467.57,1
2026-02-09,bank_2,SW202602090001,swap,2026-02-09,2026-02-11,EUR/GBP,2905798.79,1
2026-02-09,bank_2,SW202602090001,swap,2026-02-09,2026-06-11,EUR/GBP,2906673.85,2
2026-02-10,bank_3,SW202601020001,swap,2026-01-02,2026-06-08,EUR/GBP,1254980.74,2
2026-02-10,bank_4,SW202601020002,swap,2026-01-02,2026-05-06,EUR/GBP,6070601.24,2
2026-02-10,bank_1,SW202601020004,swap,2026-01-02,2026-06-08,EUR/GBP,8443061.21,2
2026-02-10,bank_3,SW202601060001,swap,2026-01-06,2026-06-08,GBP/USD,1634636.5,2
2026-02-10,bank_4,FW202601130001,forward,2026-01-13,2026-06-15,EUR/USD,2107158.8,1
2026-02-10,fx_pb_1,SW202601150001,swap,2026-01-15,2026-07-20,EUR/USD,1111995.99,2
2026-02-10,bank_2,FW202601200001,forward,2026-01-20,2026-04-22,EUR/GBP,600835.82,1
2026-02-10,fx_pb_1,FW202601200002,forward,2026-01-20,2026-04-22,GBP/USD,1603024.18,1
2026-02-10,fx_pb_1,FW202601210001,forward,2026-01-21,2026-03-23,EUR/USD,2938352.75,1
2026-02-10,bank_3,FW202601210002,forward,2026-01-21,2026-04-23,EUR/GBP,1192781.92,1
2026-02-10,fx_pb_1,FW202601270001,forward,2026-01-27,2026-04-29,GBP/USD,2168195.94,1
2026-02-10,bank_3,FW202602020001,forward,2026-02-02,2026-03-04,EUR/USD,2875652.91,1
2026-02-10,bank_2,SW202602090001,swap,2026-02-09,2026-02-11,EUR/GBP,2905798.79,1
2026-02-10,bank_2,SW202602090001,swap,2026-02-09,2026-06-11,EUR/GBP,2906673.85,2
2026-02-11,bank_3,SW202601020001,swap,2026-01-02,2026-06-08,EUR/GBP,1254980.74,2
2026-02-11,bank_4,SW202601020002,swap,2026-01-02,2026-05-06,EUR/GBP,6070601.24,2
2026-02-11,bank_1,SW202601020004,swap,2026-01-02,2026-06-08,EUR/GBP,8443061.21,2
2026-02-11,bank_3,SW202601060001,swap,2026-01-06,2026-06-08,GBP/USD,1634636.5,2
2026-02-11,bank_4,FW202601130001,forward,2026-01-13,2026-06-15,EUR/USD,2107158.8,1
2026-02-11,fx_pb_1,SW202601150001,swap,2026-01-15,2026-07-20,EUR/USD,1111995.99,2
2026-02-11,bank_2,FW202601200001,forward,2026-01-20,2026-04-22,EUR/GBP,600835.82,1
2026-02-11,fx_pb_1,FW202601200002,forward,2026-01-20,2026-04-22,GBP/USD,1603024.18,1
2026-02-11,fx_pb_1,FW202601210001,forward,2026-01-21,2026-03-23,EUR/USD,2938352.75,1
2026-02-11,bank_3,FW202601210002,forward,2026-01-21,2026-04-23,EUR/GBP,1192781.92,1
2026-02-11,fx_pb_1,FW202601270001,forward,2026-01-27,2026-04-29,GBP/USD,2168195.94,1
2026-02-11,bank_3,FW202602020001,forward,2026-02-02,2026-03-04,EUR/USD,2875652.91,1
2026-02-11,bank_2,SW202602090001,swap,2026-02-09,2026-06-11,EUR/GBP,2906673.85,2
2026-02-11,fx_pb_1,SW202602110001,swap,2026-02-11,2026-02-13,EUR/USD,235928.5,1
2026-02-11,fx_pb_1,SW202602110001,swap,2026-02-11,2026-04-13,EUR/USD,238251.81,2
2026-02-12,bank_3,SW202601020001,swap,2026-01-02,2026-06-08,EUR/GBP,1254980.74,2
2026-02-12,bank_4,SW202601020002,swap,2026-01-02,2026-05-06,EUR/GBP,6070601.24,2
2026-02-12,bank_1,SW202601020004,swap,2026-01-02,2026-06-08,EUR/GBP,8443061.21,2
2026-02-12,bank_3,SW202601060001,swap,2026-01-06,2026-06-08,GBP/USD,1634636.5,2
2026-02-12,bank_4,FW202601130001,forward,2026-01-13,2026-06-15,EUR/USD,2107158.8,1
2026-02-12,fx_pb_1,SW202601150001,swap,2026-01-15,2026-07-20,EUR/USD,1111995.99,2
2026-02-12,bank_2,FW202601200001,forward,2026-01-20,2026-04-22,EUR/GBP,600835.82,1
2026-02-12,fx_pb_1,FW202601200002,forward,2026-01-20,2026-04-22,GBP/USD,1603024.18,1
2026-02-12,fx_pb_1,FW202601210001,forward,2026-01-21,2026-03-23,EUR/USD,2938352.75,1
2026-02-12,bank_3,FW202601210002,forward,2026-01-21,2026-04-23,EUR/GBP,1192781.92,1
2026-02-12,fx_pb_1,FW202601270001,forward,2026-01-27,2026-04-29,GBP/USD,2168195.94,1
2026-02-12,bank_3,FW202602020001,forward,2026-02-02,2026-03-04,EUR/USD,2875652.91,1
2026-02-12,bank_2,SW202602090001,swap,2026-02-09,2026-06-11,EUR/GBP,2906673.85,2
2026-02-12,fx_pb_1,SW202602110001,swap,2026-02-11,2026-02-13,EUR/USD,235928.5,1
2026-02-12,fx_pb_1,SW202602110001,swap,2026-02-11,2026-04-13,EUR/USD,238251.81,2
2026-02-12,bank_2,FW202602120001,forward,2026-02-12,2026-03-17,GBP/USD,9254126.48,1
2026-02-13,bank_3,SW202601020001,swap,2026-01-02,2026-06-08,EUR/GBP,1254980.74,2
2026-02-13,bank_4,SW202601020002,swap,2026-01-02,2026-05-06,EUR/GBP,6070601.24,2
2026-02-13,bank_1,SW202601020004,swap,2026-01-02,2026-06-08,EUR/GBP,8443061.21,2
2026-02-13,bank_3,SW202601060001,swap,2026-01-06,2026-06-08,GBP/USD,1634636.5,2
2026-02-13,bank_4,FW202601130001,forward,2026-01-13,2026-06-15,EUR/USD,2107158.8,1
2026-02-13,fx_pb_1,SW202601150001,swap,2026-01-15,2026-07-20,EUR/USD,1111995.99,2
2026-02-13,bank_2,FW202601200001,forward,2026-01-20,2026-04-22,EUR/GBP,600835.82,1
2026-02-13,fx_pb_1,FW202601200002,forward,2026-01-20,2026-04-22,GBP/USD,1603024.18,1
2026-02-13,fx_pb_1,FW202601210001,forward,2026-01-21,2026-03-23,EUR/USD,2938352.75,1
2026-02-13,bank_3,FW202601210002,forward,2026-01-21,2026-04-23,EUR/GBP,1192781.92,1
2026-02-13,fx_pb_1,FW202601270001,forward,2026-01-27,2026-04-29,GBP/USD,2168195.94,1
2026-02-13,bank_3,FW202602020001,forward,2026-02-02,2026-03-04,EUR/USD,2875652.91,1
2026-02-13,bank_2,SW202602090001,swap,2026-02-09,2026-06-11,EUR/GBP,2906673.85,2
2026-02-13,fx_pb_1,SW202602110001,swap,2026-02-11,2026-04-13,EUR/USD,238251.81,2
2026-02-13,bank_2,FW202602120001,forward,2026-02-12,2026-03-17,GBP/USD,9254126.48,1
2026-02-13,bank_2,SW202602130001,swap,2026-02-13,2026-02-18,GBP/USD,1747315.46,1
2026-02-13,bank_2,SW202602130001,swap,2026-02-13,2026-08-18,GBP/USD,1755939.85,2
2026-02-17,bank_3,SW202601020001,swap,2026-01-02,2026-06-08,EUR/GBP,1254980.74,2
2026-02-17,bank_4,SW202601020002,swap,2026-01-02,2026-05-06,EUR/GBP,6070601.24,2
2026-02-17,bank_1,SW202601020004,swap,2026-01-02,2026-06-08,EUR/GBP,8443061.21,2
2026-02-17,bank_3,SW202601060001,swap,2026-01-06,2026-06-08,GBP/USD,1634636.5,2
2026-02-17,bank_4,FW202601130001,forward,2026-01-13,2026-06-15,EUR/USD,2107158.8,1
2026-02-17,fx_pb_1,SW202601150001,swap,2026-01-15,2026-07-20,EUR/USD,1111995.99,2
2026-02-17,bank_2,FW202601200001,forward,2026-01-20,2026-04-22,EUR/GBP,600835.82,1
2026-02-17,fx_pb_1,FW202601200002,forward,2026-01-20,2026-04-22,GBP/USD,1603024.18,1
2026-02-17,fx_pb_1,FW202601210001,forward,2026-01-21,2026-03-23,EUR/USD,2938352.75,1
2026-02-17,bank_3,FW202601210002,forward,2026-01-21,2026-04-23,EUR/GBP,1192781.92,1
2026-02-17,fx_pb_1,FW202601270001,forward,2026-01-27,2026-04-29,GBP/USD,2168195.94,1
2026-02-17,bank_3,FW202602020001,forward,2026-02-02,2026-03-04,EUR/USD,2875652.91,1
2026-02-17,bank_2,SW202602090001,swap,2026-02-09,2026-06-11,EUR/GBP,2906673.85,2
2026-02-17,fx_pb_1,SW202602110001,swap,2026-02-11,2026-04-13,EUR/USD,238251.81,2
2026-02-17,bank_2,FW202602120001,forward,2026-02-12,2026-03-17,GBP/USD,9254126.48,1
2026-02-17,bank_2,SW202602130001,swap,2026-02-13,2026-02-18,GBP/USD,1747315.46,1
2026-02-17,bank_2,SW202602130001,swap,2026-02-13,2026-08-18,GBP/USD,1755939.85,2
2026-02-17,bank_2,SP202602170001,spot,2026-02-17,2026-02-19,EUR/GBP,2749124.08,1
2026-02-18,bank_3,SW202601020001,swap,2026-01-02,2026-06-08,EUR/GBP,1254980.74,2
2026-02-18,bank_4,SW202601020002,swap,2026-01-02,2026-05-06,EUR/GBP,6070601.24,2
2026-02-18,bank_1,SW202601020004,swap,2026-01-02,2026-06-08,EUR/GBP,8443061.21,2
2026-02-18,bank_3,SW202601060001,swap,2026-01-06,2026-06-08,GBP/USD,1634636.5,2
2026-02-18,bank_4,FW202601130001,forward,2026-01-13,2026-06-15,EUR/USD,2107158.8,1
2026-02-18,fx_pb_1,SW202601150001,swap,2026-01-15,2026-07-20,EUR/USD,1111995.99,2
2026-02-18,bank_2,FW202601200001,forward,2026-01-20,2026-04-22,EUR/GBP,600835.82,1
2026-02-18,fx_pb_1,FW202601200002,forward,2026-01-20,2026-04-22,GBP/USD,1603024.18,1
2026-02-18,fx_pb_1,FW202601210001,forward,2026-01-21,2026-03-23,EUR/USD,2938352.75,1
2026-02-18,bank_3,FW202601210002,forward,2026-01-21,2026-04-23,EUR/GBP,1192781.92,1
2026-02-18,fx_pb_1,FW202601270001,forward,2026-01-27,2026-04-29,GBP/USD,2168195.94,1
2026-02-18,bank_3,FW202602020001,forward,2026-02-02,2026-03-04,EUR/USD,2875652.91,1
2026-02-18,bank_2,SW202602090001,swap,2026-02-09,2026-06-11,EUR/GBP,2906673.85,2
2026-02-18,fx_pb_1,SW202602110001,swap,2026-02-11,2026-04-13,EUR/USD,238251.81,2
2026-02-18,bank_2,FW202602120001,forward,2026-02-12,2026-03-17,GBP/USD,9254126.48,1
2026-02-18,bank_2,SW202602130001,swap,2026-02-13,2026-08-18,GBP/USD,1755939.85,2
2026-02-18,bank_2,SP202602170001,spot,2026-02-17,2026-02-19,EUR/GBP,2749124.08,1
2026-02-19,bank_3,SW202601020001,swap,2026-01-02,2026-06-08,EUR/GBP,1254980.74,2
2026-02-19,bank_4,SW202601020002,swap,2026-01-02,2026-05-06,EUR/GBP,6070601.24,2
2026-02-19,bank_1,SW202601020004,swap,2026-01-02,2026-06-08,EUR/GBP,8443061.21,2
2026-02-19,bank_3,SW202601060001,swap,2026-01-06,2026-06-08,GBP/USD,1634636.5,2
2026-02-19,bank_4,FW202601130001,forward,2026-01-13,2026-06-15,EUR/USD,2107158.8,1
2026-02-19,fx_pb_1,SW202601150001,swap,2026-01-15,2026-07-20,EUR/USD,1111995.99,2
2026-02-19,bank_2,FW202601200001,forward,2026-01-20,2026-04-22,EUR/GBP,600835.82,1
2026-02-19,fx_pb_1,FW202601200002,forward,2026-01-20,2026-04-22,GBP/USD,1603024.18,1
2026-02-19,fx_pb_1,FW202601210001,forward,2026-01-21,2026-03-23,EUR/USD,2938352.75,1
2026-02-19,bank_3,FW202601210002,forward,2026-01-21,2026-04-23,EUR/GBP,1192781.92,1
2026-02-19,fx_pb_1,FW202601270001,forward,2026-01-27,2026-04-29,GBP/USD,2168195.94,1
2026-02-19,bank_3,FW202602020001,forward,2026-02-02,2026-03-04,EUR/USD,2875652.91,1
2026-02-19,bank_2,SW202602090001,swap,2026-02-09,2026-06-11,EUR/GBP,2906673.85,2
2026-02-19,fx_pb_1,SW202602110001,swap,2026-02-11,2026-04-13,EUR/USD,238251.81,2
2026-02-19,bank_2,FW202602120001,forward,2026-02-12,2026-03-17,GBP/USD,9254126.48,1
2026-02-19,bank_2,SW202602130001,swap,2026-02-13,2026-08-18,GBP/USD,1755939.85,2
2026-02-20,bank_3,SW202601020001,swap,2026-01-02,2026-06-08,EUR/GBP,1254980.74,2
2026-02-20,bank_4,SW202601020002,swap,2026-01-02,2026-05-06,EUR/GBP,6070601.24,2
2026-02-20,bank_1,SW202601020004,swap,2026-01-02,2026-06-08,EUR/GBP,8443061.21,2
2026-02-20,bank_3,SW202601060001,swap,2026-01-06,2026-06-08,GBP/USD,1634636.5,2
2026-02-20,bank_4,FW202601130001,forward,2026-01-13,2026-06-15,EUR/USD,2107158.8,1
2026-02-20,fx_pb_1,SW202601150001,swap,2026-01-15,2026-07-20,EUR/USD,1111995.99,2
2026-02-20,bank_2,FW202601200001,forward,2026-01-20,2026-04-22,EUR/GBP,600835.82,1
2026-02-20,fx_pb_1,FW202601200002,forward,2026-01-20,2026-04-22,GBP/USD,1603024.18,1
2026-02-20,fx_pb_1,FW202601210001,forward,2026-01-21,2026-03-23,EUR/USD,2938352.75,1
2026-02-20,bank_3,FW202601210002,forward,2026-01-21,2026-04-23,EUR/GBP,1192781.92,1
2026-02-20,fx_pb_1,FW202601270001,forward,2026-01-27,2026-04-29,GBP/USD,2168195.94,1
2026-02-20,bank_3,FW202602020001,forward,2026-02-02,2026-03-04,EUR/USD,2875652.91,1
2026-02-20,bank_2,SW202602090001,swap,2026-02-09,2026-06-11,EUR/GBP,2906673.85,2
2026-02-20,fx_pb_1,SW202602110001,swap,2026-02-11,2026-04-13,EUR/USD,238251.81,2
2026-02-20,bank_2,FW202602120001,forward,2026-02-12,2026-03-17,GBP/USD,9254126.48,1
2026-02-20,bank_2,SW202602130001,swap,2026-02-13,2026-08-18,GBP/USD,1755939.85,2
2026-02-20,bank_4,SP202602200001,spot,2026-02-20,2026-02-24,EUR/USD,2943652.85,1
2026-02-23,bank_3,SW202601020001,swap,2026-01-02,2026-06-08,EUR/GBP,1254980.74,2
2026-02-23,bank_4,SW202601020002,swap,2026-01-02,2026-05-06,EUR/GBP,6070601.24,2
2026-02-23,bank_1,SW202601020004,swap,2026-01-02,2026-06-08,EUR/GBP,8443061.21,2
2026-02-23,bank_3,SW202601060001,swap,2026-01-06,2026-06-08,GBP/USD,1634636.5,2
2026-02-23,bank_4,FW202601130001,forward,2026-01-13,2026-06-15,EUR/USD,2107158.8,1
2026-02-23,fx_pb_1,SW202601150001,swap,2026-01-15,2026-07-20,EUR/USD,1111995.99,2
2026-02-23,bank_2,FW202601200001,forward,2026-01-20,2026-04-22,EUR/GBP,600835.82,1
2026-02-23,fx_pb_1,FW202601200002,forward,2026-01-20,2026-04-22,GBP/USD,1603024.18,1
2026-02-23,fx_pb_1,FW202601210001,forward,2026-01-21,2026-03-23,EUR/USD,2938352.75,1
2026-02-23,bank_3,FW202601210002,forward,2026-01-21,2026-04-23,EUR/GBP,1192781.92,1
2026-02-23,fx_pb_1,FW202601270001,forward,2026-01-27,2026-04-29,GBP/USD,2168195.94,1
2026-02-23,bank_3,FW202602020001,forward,2026-02-02,2026-03-04,EUR/USD,2875652.91,1
2026-02-23,bank_2,SW202602090001,swap,2026-02-09,2026-06-11,EUR/GBP,2906673.85,2
2026-02-23,fx_pb_1,SW202602110001,swap,2026-02-11,2026-04-13,EUR/USD,238251.81,2
2026-02-23,bank_2,FW202602120001,forward,2026-02-12,2026-03-17,GBP/USD,9254126.48,1
2026-02-23,bank_2,SW202602130001,swap,2026-02-13,2026-08-18,GBP/USD,1755939.85,2
2026-02-23,bank_4,SP202602200001,spot,2026-02-20,2026-02-24,EUR/USD,2943652.85,1
2026-02-23,bank_4,SP202602230001,spot,2026-02-23,2026-02-25,EUR/USD,1243665.01,1
2026-02-24,bank_3,SW202601020001,swap,2026-01-02,2026-06-08,EUR/GBP,1254980.74,2
2026-02-24,bank_4,SW202601020002,swap,2026-01-02,2026-05-06,EUR/GBP,6070601.24,2
2026-02-24,bank_1,SW202601020004,swap,2026-01-02,2026-06-08,EUR/GBP,8443061.21,2
2026-02-24,bank_3,SW202601060001,swap,2026-01-06,2026-06-08,GBP/USD,1634636.5,2
2026-02-24,bank_4,FW202601130001,forward,2026-01-13,2026-06-15,EUR/USD,2107158.8,1
2026-02-24,fx_pb_1,SW202601150001,swap,2026-01-15,2026-07-20,EUR/USD,1111995.99,2
2026-02-24,bank_2,FW202601200001,forward,2026-01-20,2026-04-22,EUR/GBP,600835.82,1
2026-02-24,fx_pb_1,FW202601200002,forward,2026-01-20,2026-04-22,GBP/USD,1603024.18,1
2026-02-24,fx_pb_1,FW202601210001,forward,2026-01-21,2026-03-23,EUR/USD,2938352.75,1
2026-02-24,bank_3,FW202601210002,forward,2026-01-21,2026-04-23,EUR/GBP,1192781.92,1
2026-02-24,fx_pb_1,FW202601270001,forward,2026-01-27,2026-04-29,GBP/USD,2168195.94,1
2026-02-24,bank_3,FW202602020001,forward,2026-02-02,2026-03-04,EUR/USD,2875652.91,1
2026-02-24,bank_2,SW202602090001,swap,2026-02-09,2026-06-11,EUR/GBP,2906673.85,2
2026-02-24,fx_pb_1,SW202602110001,swap,2026-02-11,2026-04-13,EUR/USD,238251.81,2
2026-02-24,bank_2,FW202602120001,forward,2026-02-12,2026-03-17,GBP/USD,9254126.48,1
2026-02-24,bank_2,SW202602130001,swap,2026-02-13,2026-08-18,GBP/USD,1755939.85,2
2026-02-24,bank_4,SP202602230001,spot,2026-02-23,2026-02-25,EUR/USD,1243665.01,1
2026-02-25,bank_3,SW202601020001,swap,2026-01-02,2026-06-08,EUR/GBP,1254980.74,2
2026-02-25,bank_4,SW202601020002,swap,2026-01-02,2026-05-06,EUR/GBP,6070601.24,2
2026-02-25,bank_1,SW202601020004,swap,2026-01-02,2026-06-08,EUR/GBP,8443061.21,2
2026-02-25,bank_3,SW202601060001,swap,2026-01-06,2026-06-08,GBP/USD,1634636.5,2
2026-02-25,bank_4,FW202601130001,forward,2026-01-13,2026-06-15,EUR/USD,2107158.8,1
2026-02-25,fx_pb_1,SW202601150001,swap,2026-01-15,2026-07-20,EUR/USD,1111995.99,2
2026-02-25,bank_2,FW202601200001,forward,2026-01-20,2026-04-22,EUR/GBP,600835.82,1
2026-02-25,fx_pb_1,FW202601200002,forward,2026-01-20,2026-04-22,GBP/USD,1603024.18,1
2026-02-25,fx_pb_1,FW202601210001,forward,2026-01-21,2026-03-23,EUR/USD,2938352.75,1
2026-02-25,bank_3,FW202601210002,forward,2026-01-21,2026-04-23,EUR/GBP,1192781.92,1
2026-02-25,fx_pb_1,FW202601270001,forward,2026-01-27,2026-04-29,GBP/USD,2168195.94,1
2026-02-25,bank_3,FW202602020001,forward,2026-02-02,2026-03-04,EUR/USD,2875652.91,1
2026-02-25,bank_2,SW202602090001,swap,2026-02-09,2026-06-11,EUR/GBP,2906673.85,2
2026-02-25,fx_pb_1,SW202602110001,swap,2026-02-11,2026-04-13,EUR/USD,238251.81,2
2026-02-25,bank_2,FW202602120001,forward,2026-02-12,2026-03-17,GBP/USD,9254126.48,1
2026-02-25,bank_2,SW202602130001,swap,2026-02-13,2026-08-18,GBP/USD,1755939.85,2
2026-02-26,bank_3,SW202601020001,swap,2026-01-02,2026-06-08,EUR/GBP,1254980.74,2
2026-02-26,bank_4,SW202601020002,swap,2026-01-02,2026-05-06,EUR/GBP,6070601.24,2
2026-02-26,bank_1,SW202601020004,swap,2026-01-02,2026-06-08,EUR/GBP,8443061.21,2
2026-02-26,bank_3,SW202601060001,swap,2026-01-06,2026-06-08,GBP/USD,1634636.5,2
2026-02-26,bank_4,FW202601130001,forward,2026-01-13,2026-06-15,EUR/USD,2107158.8,1
2026-02-26,fx_pb_1,SW202601150001,swap,2026-01-15,2026-07-20,EUR/USD,1111995.99,2
2026-02-26,bank_2,FW202601200001,forward,2026-01-20,2026-04-22,EUR/GBP,600835.82,1
2026-02-26,fx_pb_1,FW202601200002,forward,2026-01-20,2026-04-22,GBP/USD,1603024.18,1
2026-02-26,fx_pb_1,FW202601210001,forward,2026-01-21,2026-03-23,EUR/USD,2938352.75,1
2026-02-26,bank_3,FW202601210002,forward,2026-01-21,2026-04-23,EUR/GBP,1192781.92,1
2026-02-26,fx_pb_1,FW202601270001,forward,2026-01-27,2026-04-29,GBP/USD,2168195.94,1
2026-02-26,bank_3,FW202602020001,forward,2026-02-02,2026-03-04,EUR/USD,2875652.91,1
2026-02-26,bank_2,SW202602090001,swap,2026-02-09,2026-06-11,EUR/GBP,2906673.85,2
2026-02-26,fx_pb_1,SW202602110001,swap,2026-02-11,2026-04-13,EUR/USD,238251.81,2
2026-02-26,bank_2,FW202602120001,forward,2026-02-12,2026-03-17,GBP/USD,9254126.48,1
2026-02-26,bank_2,SW202602130001,swap,2026-02-13,2026-08-18,GBP/USD,1755939.85,2
2026-02-27,bank_3,SW202601020001,swap,2026-01-02,2026-06-08,EUR/GBP,1254980.74,2
2026-02-27,bank_4,SW202601020002,swap,2026-01-02,2026-05-06,EUR/GBP,6070601.24,2
2026-02-27,bank_1,SW202601020004,swap,2026-01-02,2026-06-08,EUR/GBP,8443061.21,2
2026-02-27,bank_3,SW202601060001,swap,2026-01-06,2026-06-08,GBP/USD,1634636.5,2
2026-02-27,bank_4,FW202601130001,forward,2026-01-13,2026-06-15,EUR/USD,2107158.8,1
2026-02-27,fx_pb_1,SW202601150001,swap,2026-01-15,2026-07-20,EUR/USD,1111995.99,2
2026-02-27,bank_2,FW202601200001,forward,2026-01-20,2026-04-22,EUR/GBP,600835.82,1
2026-02-27,fx_pb_1,FW202601200002,forward,2026-01-20,2026-04-22,GBP/USD,1603024.18,1
2026-02-27,fx_pb_1,FW202601210001,forward,2026-01-21,2026-03-23,EUR/USD,2938352.75,1
2026-02-27,bank_3,FW202601210002,forward,2026-01-21,2026-04-23,EUR/GBP,1192781.92,1
2026-02-27,fx_pb_1,FW202601270001,forward,2026-01-27,2026-04-29,GBP/USD,2168195.94,1
2026-02-27,bank_3,FW202602020001,forward,2026-02-02,2026-03-04,EUR/USD,2875652.91,1
2026-02-27,bank_2,SW202602090001,swap,2026-02-09,2026-06-11,EUR/GBP,2906673.85,2
2026-02-27,fx_pb_1,SW202602110001,swap,2026-02-11,2026-04-13,EUR/USD,238251.81,2
2026-02-27,bank_2,FW202602120001,forward,2026-02-12,2026-03-17,GBP/USD,9254126.48,1
2026-02-27,bank_2,SW202602130001,swap,2026-02-13,2026-08-18,GBP/USD,1755939.85,2
2026-03-02,bank_3,SW202601020001,swap,2026-01-02,2026-06-08,EUR/GBP,1254980.74,2
2026-03-02,bank_4,SW202601020002,swap,2026-01-02,2026-05-06,EUR/GBP,6070601.24,2
2026-03-02,bank_1,SW202601020004,swap,2026-01-02,2026-06-08,EUR/GBP,8443061.21,2
2026-03-02,bank_3,SW202601060001,swap,2026-01-06,2026-06-08,GBP/USD,1634636.5,2
2026-03-02,bank_4,FW202601130001,forward,2026-01-13,2026-06-15,EUR/USD,2107158.8,1
2026-03-02,fx_pb_1,SW202601150001,swap,2026-01-15,2026-07-20,EUR/USD,1111995.99,2
2026-03-02,bank_2,FW202601200001,forward,2026-01-20,2026-04-22,EUR/GBP,600835.82,1
2026-03-02,fx_pb_1,FW202601200002,forward,2026-01-20,2026-04-22,GBP/USD,1603024.18,1
2026-03-02,fx_pb_1,FW202601210001,forward,2026-01-21,2026-03-23,EUR/USD,2938352.75,1
2026-03-02,bank_3,FW202601210002,forward,2026-01-21,2026-04-23,EUR/GBP,1192781.92,1
2026-03-02,fx_pb_1,FW202601270001,forward,2026-01-27,2026-04-29,GBP/USD,2168195.94,1
2026-03-02,bank_3,FW202602020001,forward,2026-02-02,2026-03-04,EUR/USD,2875652.91,1
2026-03-02,bank_2,SW202602090001,swap,2026-02-09,2026-06-11,EUR/GBP,2906673.85,2
2026-03-02,fx_pb_1,SW202602110001,swap,2026-02-11,2026-04-13,EUR/USD,238251.81,2
2026-03-02,bank_2,FW202602120001,forward,2026-02-12,2026-03-17,GBP/USD,9254126.48,1
2026-03-02,bank_2,SW202602130001,swap,2026-02-13,2026-08-18,GBP/USD,1755939.85,2
2026-03-02,bank_3,SP202603020001,spot,2026-03-02,2026-03-04,EUR/USD,2911246.51,1
2026-03-02,bank_2,SW202603020002,swap,2026-03-02,2026-03-04,GBP/USD,133279.71,1
2026-03-02,bank_2,SW202603020002,swap,2026-03-02,2026-04-06,GBP/USD,132229.19,2
2026-03-03,bank_3,SW202601020001,swap,2026-01-02,2026-06-08,EUR/GBP,1254980.74,2
2026-03-03,bank_4,SW202601020002,swap,2026-01-02,2026-05-06,EUR/GBP,6070601.24,2
2026-03-03,bank_1,SW202601020004,swap,2026-01-02,2026-06-08,EUR/GBP,8443061.21,2
2026-03-03,bank_3,SW202601060001,swap,2026-01-06,2026-06-08,GBP/USD,1634636.5,2
2026-03-03,bank_4,FW202601130001,forward,2026-01-13,2026-06-15,EUR/USD,2107158.8,1
2026-03-03,fx_pb_1,SW202601150001,swap,2026-01-15,2026-07-20,EUR/USD,1111995.99,2
2026-03-03,bank_2,FW202601200001,forward,2026-01-20,2026-04-22,EUR/GBP,600835.82,1
2026-03-03,fx_pb_1,FW202601200002,forward,2026-01-20,2026-04-22,GBP/USD,1603024.18,1
2026-03-03,fx_pb_1,FW202601210001,forward,2026-01-21,2026-03-23,EUR/USD,2938352.75,1
2026-03-03,bank_3,FW202601210002,forward,2026-01-21,2026-04-23,EUR/GBP,1192781.92,1
2026-03-03,fx_pb_1,FW202601270001,forward,2026-01-27,2026-04-29,GBP/USD,2168195.94,1
2026-03-03,bank_3,FW202602020001,forward,2026-02-02,2026-03-04,EUR/USD,2875652.91,1
2026-03-03,bank_2,SW202602090001,swap,2026-02-09,2026-06-11,EUR/GBP,2906673.85,2
2026-03-03,fx_pb_1,SW202602110001,swap,2026-02-11,2026-04-13,EUR/USD,238251.81,2
2026-03-03,bank_2,FW202602120001,forward,2026-02-12,2026-03-17,GBP/USD,9254126.48,1
2026-03-03,bank_2,SW202602130001,swap,2026-02-13,2026-08-18,GBP/USD,1755939.85,2
2026-03-03,bank_3,SP202603020001,spot,2026-03-02,2026-03-04,EUR/USD,2911246.51,1
2026-03-03,bank_2,SW202603020002,swap,2026-03-02,2026-03-04,GBP/USD,133279.71,1
2026-03-03,bank_2,SW202603020002,swap,2026-03-02,2026-04-06,GBP/USD,132229.19,2
2026-03-03,fx_pb_1,FW202603030001,forward,2026-03-03,2026-05-05,GBP/USD,7172297.87,1
2026-03-04,bank_3,SW202601020001,swap,2026-01-02,2026-06-08,EUR/GBP,1254980.74,2
2026-03-04,bank_4,SW202601020002,swap,2026-01-02,2026-05-06,EUR/GBP,6070601.24,2
2026-03-04,bank_1,SW202601020004,swap,2026-01-02,2026-06-08,EUR/GBP,8443061.21,2
2026-03-04,bank_3,SW202601060001,swap,2026-01-06,2026-06-08,GBP/USD,1634636.5,2
2026-03-04,bank_4,FW202601130001,forward,2026-01-13,2026-06-15,EUR/USD,2107158.8,1
2026-03-04,fx_pb_1,SW202601150001,swap,2026-01-15,2026-07-20,EUR/USD,1111995.99,2
2026-03-04,bank_2,FW202601200001,forward,2026-01-20,2026-04-22,EUR/GBP,600835.82,1
2026-03-04,fx_pb_1,FW202601200002,forward,2026-01-20,2026-04-22,GBP/USD,1603024.18,1
2026-03-04,fx_pb_1,FW202601210001,forward,2026-01-21,2026-03-23,EUR/USD,2938352.75,1
2026-03-04,bank_3,FW202601210002,forward,2026-01-21,2026-04-23,EUR/GBP,1192781.92,1
2026-03-04,fx_pb_1,FW202601270001,forward,2026-01-27,2026-04-29,GBP/USD,2168195.94,1
2026-03-04,bank_2,SW202602090001,swap,2026-02-09,2026-06-11,EUR/GBP,2906673.85,2
2026-03-04,fx_pb_1,SW202602110001,swap,2026-02-11,2026-04-13,EUR/USD,238251.81,2
2026-03-04,bank_2,FW202602120001,forward,2026-02-12,2026-03-17,GBP/USD,9254126.48,1
2026-03-04,bank_2,SW202602130001,swap,2026-02-13,2026-08-18,GBP/USD,1755939.85,2
2026-03-04,bank_2,SW202603020002,swap,2026-03-02,2026-04-06,GBP/USD,132229.19,2
2026-03-04,fx_pb_1,FW202603030001,forward,2026-03-03,2026-05-05,GBP/USD,7172297.87,1
2026-03-04,fx_pb_1,FW202603040001,forward,2026-03-04,2026-07-06,EUR/GBP,1035673.57,1
2026-03-04,bank_4,SW202603040002,swap,2026-03-04,2026-03-06,EUR/USD,2061539.18,1
2026-03-04,bank_4,SW202603040002,swap,2026-03-04,2026-08-06,EUR/USD,2076701.35,2
2026-03-05,bank_3,SW202601020001,swap,2026-01-02,2026-06-08,EUR/GBP,1254980.74,2
2026-03-05,bank_4,SW202601020002,swap,2026-01-02,2026-05-06,EUR/GBP,6070601.24,2
2026-03-05,bank_1,SW202601020004,swap,2026-01-02,2026-06-08,EUR/GBP,8443061.21,2
2026-03-05,bank_3,SW202601060001,swap,2026-01-06,2026-06-08,GBP/USD,1634636.5,2
2026-03-05,bank_4,FW202601130001,forward,2026-01-13,2026-06-15,EUR/USD,2107158.8,1
2026-03-05,fx_pb_1,SW202601150001,swap,2026-01-15,2026-07-20,EUR/USD,1111995.99,2
2026-03-05,bank_2,FW202601200001,forward,2026-01-20,2026-04-22,EUR/GBP,600835.82,1
2026-03-05,fx_pb_1,FW202601200002,forward,2026-01-20,2026-04-22,GBP/USD,1603024.18,1
2026-03-05,fx_pb_1,FW202601210001,forward,2026-01-21,2026-03-23,EUR/USD,2938352.75,1
2026-03-05,bank_3,FW202601210002,forward,2026-01-21,2026-04-23,EUR/GBP,1192781.92,1
2026-03-05,fx_pb_1,FW202601270001,forward,2026-01-27,2026-04-29,GBP/USD,2168195.94,1
2026-03-05,bank_2,SW202602090001,swap,2026-02-09,2026-06-11,EUR/GBP,2906673.85,2
2026-03-05,fx_pb_1,SW202602110001,swap,2026-02-11,2026-04-13,EUR/USD,238251.81,2
2026-03-05,bank_2,FW202602120001,forward,2026-02-12,2026-03-17,GBP/USD,9254126.48,1
2026-03-05,bank_2,SW202602130001,swap,2026-02-13,2026-08-18,GBP/USD,1755939.85,2
2026-03-05,bank_2,SW202603020002,swap,2026-03-02,2026-04-06,GBP/USD,132229.19,2
2026-03-05,fx_pb_1,FW202603030001,forward,2026-03-03,2026-05-05,GBP/USD,7172297.87,1
2026-03-05,fx_pb_1,FW202603040001,forward,2026-03-04,2026-07-06,EUR/GBP,1035673.57,1
2026-03-05,bank_4,SW202603040002,swap,2026-03-04,2026-03-06,EUR/USD,2061539.18,1
2026-03-05,bank_4,SW202603040002,swap,2026-03-04,2026-08-06,EUR/USD,2076701.35,2
2026-03-06,bank_3,SW202601020001,swap,2026-01-02,2026-06-08,EUR/GBP,1254980.74,2
2026-03-06,bank_4,SW202601020002,swap,2026-01-02,2026-05-06,EUR/GBP,6070601.24,2
2026-03-06,bank_1,SW202601020004,swap,2026-01-02,2026-06-08,EUR/GBP,8443061.21,2
2026-03-06,bank_3,SW202601060001,swap,2026-01-06,2026-06-08,GBP/USD,1634636.5,2
2026-03-06,bank_4,FW202601130001,forward,2026-01-13,2026-06-15,EUR/USD,2107158.8,1
2026-03-06,fx_pb_1,SW202601150001,swap,2026-01-15,2026-07-20,EUR/USD,1111995.99,2
2026-03-06,bank_2,FW202601200001,forward,2026-01-20,2026-04-22,EUR/GBP,600835.82,1
2026-03-06,fx_pb_1,FW202601200002,forward,2026-01-20,2026-04-22,GBP/USD,1603024.18,1
2026-03-06,fx_pb_1,FW202601210001,forward,2026-01-21,2026-03-23,EUR/USD,2938352.75,1
2026-03-06,bank_3,FW202601210002,forward,2026-01-21,2026-04-23,EUR/GBP,1192781.92,1
2026-03-06,fx_pb_1,FW202601270001,forward,2026-01-27,2026-04-29,GBP/USD,2168195.94,1
2026-03-06,bank_2,SW202602090001,swap,2026-02-09,2026-06-11,EUR/GBP,2906673.85,2
2026-03-06,fx_pb_1,SW202602110001,swap,2026-02-11,2026-04-13,EUR/USD,238251.81,2
2026-03-06,bank_2,FW202602120001,forward,2026-02-12,2026-03-17,GBP/USD,9254126.48,1
2026-03-06,bank_2,SW202602130001,swap,2026-02-13,2026-08-18,GBP/USD,1755939.85,2
2026-03-06,bank_2,SW202603020002,swap,2026-03-02,2026-04-06,GBP/USD,132229.19,2
2026-03-06,fx_pb_1,FW202603030001,forward,2026-03-03,2026-05-05,GBP/USD,7172297.87,1
2026-03-06,fx_pb_1,FW202603040001,forward,2026-03-04,2026-07-06,EUR/GBP,1035673.57,1
2026-03-06,bank_4,SW202603040002,swap,2026-03-04,2026-08-06,EUR/USD,2076701.35,2
2026-03-06,fx_pb_1,FW202603060001,forward,2026-03-06,2026-04-10,GBP/USD,1851764.17,1
2026-03-09,bank_3,SW202601020001,swap,2026-01-02,2026-06-08,EUR/GBP,1254980.74,2
2026-03-09,bank_4,SW202601020002,swap,2026-01-02,2026-05-06,EUR/GBP,6070601.24,2
2026-03-09,bank_1,SW202601020004,swap,2026-01-02,2026-06-08,EUR/GBP,8443061.21,2
2026-03-09,bank_3,SW202601060001,swap,2026-01-06,2026-06-08,GBP/USD,1634636.5,2
2026-03-09,bank_4,FW202601130001,forward,2026-01-13,2026-06-15,EUR/USD,2107158.8,1
2026-03-09,fx_pb_1,SW202601150001,swap,2026-01-15,2026-07-20,EUR/USD,1111995.99,2
2026-03-09,bank_2,FW202601200001,forward,2026-01-20,2026-04-22,EUR/GBP,600835.82,1
2026-03-09,fx_pb_1,FW202601200002,forward,2026-01-20,2026-04-22,GBP/USD,1603024.18,1
2026-03-09,fx_pb_1,FW202601210001,forward,2026-01-21,2026-03-23,EUR/USD,2938352.75,1
2026-03-09,bank_3,FW202601210002,forward,2026-01-21,2026-04-23,EUR/GBP,1192781.92,1
2026-03-09,fx_pb_1,FW202601270001,forward,2026-01-27,2026-04-29,GBP/USD,2168195.94,1
2026-03-09,bank_2,SW202602090001,swap,2026-02-09,2026-06-11,EUR/GBP,2906673.85,2
2026-03-09,fx_pb_1,SW202602110001,swap,2026-02-11,2026-04-13,EUR/USD,238251.81,2
2026-03-09,bank_2,FW202602120001,forward,2026-02-12,2026-03-17,GBP/USD,9254126.48,1
2026-03-09,bank_2,SW202602130001,swap,2026-02-13,2026-08-18,GBP/USD,1755939.85,2
2026-03-09,bank_2,SW202603020002,swap,2026-03-02,2026-04-06,GBP/USD,132229.19,2
2026-03-09,fx_pb_1,FW202603030001,forward,2026-03-03,2026-05-05,GBP/USD,7172297.87,1
2026-03-09,fx_pb_1,FW202603040001,forward,2026-03-04,2026-07-06,EUR/GBP,1035673.57,1
2026-03-09,bank_4,SW202603040002,swap,2026-03-04,2026-08-06,EUR/USD,2076701.35,2
2026-03-09,fx_pb_1,FW202603060001,forward,2026-03-06,2026-04-10,GBP/USD,1851764.17,1
2026-03-10,bank_3,SW202601020001,swap,2026-01-02,2026-06-08,EUR/GBP,1254980.74,2
2026-03-10,bank_4,SW202601020002,swap,2026-01-02,2026-05-06,EUR/GBP,6070601.24,2
2026-03-10,bank_1,SW202601020004,swap,2026-01-02,2026-06-08,EUR/GBP,8443061.21,2
2026-03-10,bank_3,SW202601060001,swap,2026-01-06,2026-06-08,GBP/USD,1634636.5,2
2026-03-10,bank_4,FW202601130001,forward,2026-01-13,2026-06-15,EUR/USD,2107158.8,1
2026-03-10,fx_pb_1,SW202601150001,swap,2026-01-15,2026-07-20,EUR/USD,1111995.99,2
2026-03-10,bank_2,FW202601200001,forward,2026-01-20,2026-04-22,EUR/GBP,600835.82,1
2026-03-10,fx_pb_1,FW202601200002,forward,2026-01-20,2026-04-22,GBP/USD,1603024.18,1
2026-03-10,fx_pb_1,FW202601210001,forward,2026-01-21,2026-03-23,EUR/USD,2938352.75,1
2026-03-10,bank_3,FW202601210002,forward,2026-01-21,2026-04-23,EUR/GBP,1192781.92,1
2026-03-10,fx_pb_1,FW202601270001,forward,2026-01-27,2026-04-29,GBP/USD,2168195.94,1
2026-03-10,bank_2,SW202602090001,swap,2026-02-09,2026-06-11,EUR/GBP,2906673.85,2
2026-03-10,fx_pb_1,SW202602110001,swap,2026-02-11,2026-04-13,EUR/USD,238251.81,2
2026-03-10,bank_2,FW202602120001,forward,2026-02-12,2026-03-17,GBP/USD,9254126.48,1
2026-03-10,bank_2,SW202602130001,swap,2026-02-13,2026-08-18,GBP/USD,1755939.85,2
2026-03-10,bank_2,SW202603020002,swap,2026-03-02,2026-04-06,GBP/USD,132229.19,2
2026-03-10,fx_pb_1,FW202603030001,forward,2026-03-03,2026-05-05,GBP/USD,7172297.87,1
2026-03-10,fx_pb_1,FW202603040001,forward,2026-03-04,2026-07-06,EUR/GBP,1035673.57,1
2026-03-10,bank_4,SW202603040002,swap,2026-03-04,2026-08-06,EUR/USD,2076701.35,2
2026-03-10,fx_pb_1,FW202603060001,forward,2026-03-06,2026-04-10,GBP/USD,1851764.17,1
2026-03-11,bank_3,SW202601020001,swap,2026-01-02,2026-06-08,EUR/GBP,1254980.74,2
2026-03-11,bank_4,SW202601020002,swap,2026-01-02,2026-05-06,EUR/GBP,6070601.24,2
2026-03-11,bank_1,SW202601020004,swap,2026-01-02,2026-06-08,EUR/GBP,8443061.21,2
2026-03-11,bank_3,SW202601060001,swap,2026-01-06,2026-06-08,GBP/USD,1634636.5,2
2026-03-11,bank_4,FW202601130001,forward,2026-01-13,2026-06-15,EUR/USD,2107158.8,1
2026-03-11,fx_pb_1,SW202601150001,swap,2026-01-15,2026-07-20,EUR/USD,1111995.99,2
2026-03-11,bank_2,FW202601200001,forward,2026-01-20,2026-04-22,EUR/GBP,600835.82,1
2026-03-11,fx_pb_1,FW202601200002,forward,2026-01-20,2026-04-22,GBP/USD,1603024.18,1
2026-03-11,fx_pb_1,FW202601210001,forward,2026-01-21,2026-03-23,EUR/USD,2938352.75,1
2026-03-11,bank_3,FW202601210002,forward,2026-01-21,2026-04-23,EUR/GBP,1192781.92,1
2026-03-11,fx_pb_1,FW202601270001,forward,2026-01-27,2026-04-29,GBP/USD,2168195.94,1
2026-03-11,bank_2,SW202602090001,swap,2026-02-09,2026-06-11,EUR/GBP,2906673.85,2
2026-03-11,fx_pb_1,SW202602110001,swap,2026-02-11,2026-04-13,EUR/USD,238251.81,2
2026-03-11,bank_2,FW202602120001,forward,2026-02-12,2026-03-17,GBP/USD,9254126.48,1
2026-03-11,bank_2,SW202602130001,swap,2026-02-13,2026-08-18,GBP/USD,1755939.85,2
2026-03-11,bank_2,SW202603020002,swap,2026-03-02,2026-04-06,GBP/USD,132229.19,2
2026-03-11,fx_pb_1,FW202603030001,forward,2026-03-03,2026-05-05,GBP/USD,7172297.87,1
2026-03-11,fx_pb_1,FW202603040001,forward,2026-03-04,2026-07-06,EUR/GBP,1035673.57,1
2026-03-11,bank_4,SW202603040002,swap,2026-03-04,2026-08-06,EUR/USD,2076701.35,2
2026-03-11,fx_pb_1,FW202603060001,forward,2026-03-06,2026-04-10,GBP/USD,1851764.17,1
2026-03-11,fx_pb_1,SW202603110001,swap,2026-03-11,2026-03-13,EUR/GBP,675546.93,1
2026-03-11,fx_pb_1,SW202603110001,swap,2026-03-11,2026-04-13,EUR/GBP,670766.4,2
2026-03-12,bank_3,SW202601020001,swap,2026-01-02,2026-06-08,EUR/GBP,1254980.74,2
2026-03-12,bank_4,SW202601020002,swap,2026-01-02,2026-05-06,EUR/GBP,6070601.24,2
2026-03-12,bank_1,SW202601020004,swap,2026-01-02,2026-06-08,EUR/GBP,8443061.21,2
2026-03-12,bank_3,SW202601060001,swap,2026-01-06,2026-06-08,GBP/USD,1634636.5,2
2026-03-12,bank_4,FW202601130001,forward,2026-01-13,2026-06-15,EUR/USD,2107158.8,1
2026-03-12,fx_pb_1,SW202601150001,swap,2026-01-15,2026-07-20,EUR/USD,1111995.99,2
2026-03-12,bank_2,FW202601200001,forward,2026-01-20,2026-04-22,EUR/GBP,600835.82,1
2026-03-12,fx_pb_1,FW202601200002,forward,2026-01-20,2026-04-22,GBP/USD,1603024.18,1
2026-03-12,fx_pb_1,FW202601210001,forward,2026-01-21,2026-03-23,EUR/USD,2938352.75,1
2026-03-12,bank_3,FW202601210002,forward,2026-01-21,2026-04-23,EUR/GBP,1192781.92,1
2026-03-12,fx_pb_1,FW202601270001,forward,2026-01-27,2026-04-29,GBP/USD,2168195.94,1
2026-03-12,bank_2,SW202602090001,swap,2026-02-09,2026-06-11,EUR/GBP,2906673.85,2
2026-03-12,fx_pb_1,SW202602110001,swap,2026-02-11,2026-04-13,EUR/USD,238251.81,2
2026-03-12,bank_2,FW202602120001,forward,2026-02-12,2026-03-17,GBP/USD,9254126.48,1
2026-03-12,bank_2,SW202602130001,swap,2026-02-13,2026-08-18,GBP/USD,1755939.85,2
2026-03-12,bank_2,SW202603020002,swap,2026-03-02,2026-04-06,GBP/USD,132229.19,2
2026-03-12,fx_pb_1,FW202603030001,forward,2026-03-03,2026-05-05,GBP/USD,7172297.87,1
2026-03-12,fx_pb_1,FW202603040001,forward,2026-03-04,2026-07-06,EUR/GBP,1035673.57,1
2026-03-12,bank_4,SW202603040002,swap,2026-03-04,2026-08-06,EUR/USD,2076701.35,2
2026-03-12,fx_pb_1,FW202603060001,forward,2026-03-06,2026-04-10,GBP/USD,1851764.17,1
2026-03-12,fx_pb_1,SW202603110001,swap,2026-03-11,2026-03-13,EUR/GBP,675546.93,1
2026-03-12,fx_pb_1,SW202603110001,swap,2026-03-11,2026-04-13,EUR/GBP,670766.4,2
2026-03-13,bank_3,SW202601020001,swap,2026-01-02,2026-06-08,EUR/GBP,1254980.74,2
2026-03-13,bank_4,SW202601020002,swap,2026-01-02,2026-05-06,EUR/GBP,6070601.24,2
2026-03-13,bank_1,SW202601020004,swap,2026-01-02,2026-06-08,EUR/GBP,8443061.21,2
2026-03-13,bank_3,SW202601060001,swap,2026-01-06,2026-06-08,GBP/USD,1634636.5,2
2026-03-13,bank_4,FW202601130001,forward,2026-01-13,2026-06-15,EUR/USD,2107158.8,1
2026-03-13,fx_pb_1,SW202601150001,swap,2026-01-15,2026-07-20,EUR/USD,1111995.99,2
2026-03-13,bank_2,FW202601200001,forward,2026-01-20,2026-04-22,EUR/GBP,600835.82,1
2026-03-13,fx_pb_1,FW202601200002,forward,2026-01-20,2026-04-22,GBP/USD,1603024.18,1
2026-03-13,fx_pb_1,FW202601210001,forward,2026-01-21,2026-03-23,EUR/USD,2938352.75,1
2026-03-13,bank_3,FW202601210002,forward,2026-01-21,2026-04-23,EUR/GBP,1192781.92,1
2026-03-13,fx_pb_1,FW202601270001,forward,2026-01-27,2026-04-29,GBP/USD,2168195.94,1
2026-03-13,bank_2,SW202602090001,swap,2026-02-09,2026-06-11,EUR/GBP,2906673.85,2
2026-03-13,fx_pb_1,SW202602110001,swap,2026-02-11,2026-04-13,EUR/USD,238251.81,2
2026-03-13,bank_2,FW202602120001,forward,2026-02-12,2026-03-17,GBP/USD,9254126.48,1
2026-03-13,bank_2,SW202602130001,swap,2026-02-13,2026-08-18,GBP/USD,1755939.85,2
2026-03-13,bank_2,SW202603020002,swap,2026-03-02,2026-04-06,GBP/USD,132229.19,2
2026-03-13,fx_pb_1,FW202603030001,forward,2026-03-03,2026-05-05,GBP/USD,7172297.87,1
2026-03-13,fx_pb_1,FW202603040001,forward,2026-03-04,2026-07-06,EUR/GBP,1035673.57,1
2026-03-13,bank_4,SW202603040002,swap,2026-03-04,2026-08-06,EUR/USD,2076701.35,2
2026-03-13,fx_pb_1,FW202603060001,forward,2026-03-06,2026-04-10,GBP/USD,1851764.17,1
2026-03-13,fx_pb_1,SW202603110001,swap,2026-03-11,2026-04-13,EUR/GBP,670766.4,2
2026-03-13,bank_2,SP202603130001,spot,2026-03-13,2026-03-17,EUR/GBP,4158722.06,1
2026-03-16,bank_3,SW202601020001,swap,2026-01-02,2026-06-08,EUR/GBP,1254980.74,2
2026-03-16,bank_4,SW202601020002,swap,2026-01-02,2026-05-06,EUR/GBP,6070601.24,2
2026-03-16,bank_1,SW202601020004,swap,2026-01-02,2026-06-08,EUR/GBP,8443061.21,2
2026-03-16,bank_3,SW202601060001,swap,2026-01-06,2026-06-08,GBP/USD,1634636.5,2
2026-03-16,bank_4,FW202601130001,forward,2026-01-13,2026-06-15,EUR/USD,2107158.8,1
2026-03-16,fx_pb_1,SW202601150001,swap,2026-01-15,2026-07-20,EUR/USD,1111995.99,2
2026-03-16,bank_2,FW202601200001,forward,2026-01-20,2026-04-22,EUR/GBP,600835.82,1
2026-03-16,fx_pb_1,FW202601200002,forward,2026-01-20,2026-04-22,GBP/USD,1603024.18,1
2026-03-16,fx_pb_1,FW202601210001,forward,2026-01-21,2026-03-23,EUR/USD,2938352.75,1
2026-03-16,bank_3,FW202601210002,forward,2026-01-21,2026-04-23,EUR/GBP,1192781.92,1
2026-03-16,fx_pb_1,FW202601270001,forward,2026-01-27,2026-04-29,GBP/USD,2168195.94,1
2026-03-16,bank_2,SW202602090001,swap,2026-02-09,2026-06-11,EUR/GBP,2906673.85,2
2026-03-16,fx_pb_1,SW202602110001,swap,2026-02-11,2026-04-13,EUR/USD,238251.81,2
2026-03-16,bank_2,FW202602120001,forward,2026-02-12,2026-03-17,GBP/USD,9254126.48,1
2026-03-16,bank_2,SW202602130001,swap,2026-02-13,2026-08-18,GBP/USD,1755939.85,2
2026-03-16,bank_2,SW202603020002,swap,2026-03-02,2026-04-06,GBP/USD,132229.19,2
2026-03-16,fx_pb_1,FW202603030001,forward,2026-03-03,2026-05-05,GBP/USD,7172297.87,1
2026-03-16,fx_pb_1,FW202603040001,forward,2026-03-04,2026-07-06,EUR/GBP,1035673.57,1
2026-03-16,bank_4,SW202603040002,swap,2026-03-04,2026-08-06,EUR/USD,2076701.35,2
2026-03-16,fx_pb_1,FW202603060001,forward,2026-03-06,2026-04-10,GBP/USD,1851764.17,1
2026-03-16,fx_pb_1,SW202603110001,swap,2026-03-11,2026-04-13,EUR/GBP,670766.4,2
2026-03-16,bank_2,SP202603130001,spot,2026-03-13,2026-03-17,EUR/GBP,4158722.06,1
2026-03-16,bank_4,SP202603160001,spot,2026-03-16,2026-03-18,EUR/GBP,242705.55,1
2026-03-17,bank_3,SW202601020001,swap,2026-01-02,2026-06-08,EUR/GBP,1254980.74,2
2026-03-17,bank_4,SW202601020002,swap,2026-01-02,2026-05-06,EUR/GBP,6070601.24,2
2026-03-17,bank_1,SW202601020004,swap,2026-01-02,2026-06-08,EUR/GBP,8443061.21,2
2026-03-17,bank_3,SW202601060001,swap,2026-01-06,2026-06-08,GBP/USD,1634636.5,2
2026-03-17,bank_4,FW202601130001,forward,2026-01-13,2026-06-15,EUR/USD,2107158.8,1
2026-03-17,fx_pb_1,SW202601150001,swap,2026-01-15,2026-07-20,EUR/USD,1111995.99,2
2026-03-17,bank_2,FW202601200001,forward,2026-01-20,2026-04-22,EUR/GBP,600835.82,1
2026-03-17,fx_pb_1,FW202601200002,forward,2026-01-20,2026-04-22,GBP/USD,1603024.18,1
2026-03-17,fx_pb_1,FW202601210001,forward,2026-01-21,2026-03-23,EUR/USD,2938352.75,1
2026-03-17,bank_3,FW202601210002,forward,2026-01-21,2026-04-23,EUR/GBP,1192781.92,1
2026-03-17,fx_pb_1,FW202601270001,forward,2026-01-27,2026-04-29,GBP/USD,2168195.94,1
2026-03-17,bank_2,SW202602090001,swap,2026-02-09,2026-06-11,EUR/GBP,2906673.85,2
2026-03-17,fx_pb_1,SW202602110001,swap,2026-02-11,2026-04-13,EUR/USD,238251.81,2
2026-03-17,bank_2,SW202602130001,swap,2026-02-13,2026-08-18,GBP/USD,1755939.85,2
2026-03-17,bank_2,SW202603020002,swap,2026-03-02,2026-04-06,GBP/USD,132229.19,2
2026-03-17,fx_pb_1,FW202603030001,forward,2026-03-03,2026-05-05,GBP/USD,7172297.87,1
2026-03-17,fx_pb_1,FW202603040001,forward,2026-03-04,2026-07-06,EUR/GBP,1035673.57,1
2026-03-17,bank_4,SW202603040002,swap,2026-03-04,2026-08-06,EUR/USD,2076701.35,2
2026-03-17,fx_pb_1,FW202603060001,forward,2026-03-06,2026-04-10,GBP/USD,1851764.17,1
2026-03-17,fx_pb_1,SW202603110001,swap,2026-03-11,2026-04-13,EUR/GBP,670766.4,2
2026-03-17,bank_4,SP202603160001,spot,2026-03-16,2026-03-18,EUR/GBP,242705.55,1
2026-03-18,bank_3,SW202601020001,swap,2026-01-02,2026-06-08,EUR/GBP,1254980.74,2
2026-03-18,bank_4,SW202601020002,swap,2026-01-02,2026-05-06,EUR/GBP,6070601.24,2
2026-03-18,bank_1,SW202601020004,swap,2026-01-02,2026-06-08,EUR/GBP,8443061.21,2
2026-03-18,bank_3,SW202601060001,swap,2026-01-06,2026-06-08,GBP/USD,1634636.5,2
2026-03-18,bank_4,FW202601130001,forward,2026-01-13,2026-06-15,EUR/USD,2107158.8,1
2026-03-18,fx_pb_1,SW202601150001,swap,2026-01-15,2026-07-20,EUR/USD,1111995.99,2
2026-03-18,bank_2,FW202601200001,forward,2026-01-20,2026-04-22,EUR/GBP,600835.82,1
2026-03-18,fx_pb_1,FW202601200002,forward,2026-01-20,2026-04-22,GBP/USD,1603024.18,1
2026-03-18,fx_pb_1,FW202601210001,forward,2026-01-21,2026-03-23,EUR/USD,2938352.75,1
2026-03-18,bank_3,FW202601210002,forward,2026-01-21,2026-04-23,EUR/GBP,1192781.92,1
2026-03-18,fx_pb_1,FW202601270001,forward,2026-01-27,2026-04-29,GBP/USD,2168195.94,1
2026-03-18,bank_2,SW202602090001,swap,2026-02-09,2026-06-11,EUR/GBP,2906673.85,2
2026-03-18,fx_pb_1,SW202602110001,swap,2026-02-11,2026-04-13,EUR/USD,238251.81,2
2026-03-18,bank_2,SW202602130001,swap,2026-02-13,2026-08-18,GBP/USD,1755939.85,2
2026-03-18,bank_2,SW202603020002,swap,2026-03-02,2026-04-06,GBP/USD,132229.19,2
2026-03-18,fx_pb_1,FW202603030001,forward,2026-03-03,2026-05-05,GBP/USD,7172297.87,1
2026-03-18,fx_pb_1,FW202603040001,forward,2026-03-04,2026-07-06,EUR/GBP,1035673.57,1
2026-03-18,bank_4,SW202603040002,swap,2026-03-04,2026-08-06,EUR/USD,2076701.35,2
2026-03-18,fx_pb_1,FW202603060001,forward,2026-03-06,2026-04-10,GBP/USD,1851764.17,1
2026-03-18,fx_pb_1,SW202603110001,swap,2026-03-11,2026-04-13,EUR/GBP,670766.4,2
2026-03-19,bank_3,SW202601020001,swap,2026-01-02,2026-06-08,EUR/GBP,1254980.74,2
2026-03-19,bank_4,SW202601020002,swap,2026-01-02,2026-05-06,EUR/GBP,6070601.24,2
2026-03-19,bank_1,SW202601020004,swap,2026-01-02,2026-06-08,EUR/GBP,8443061.21,2
2026-03-19,bank_3,SW202601060001,swap,2026-01-06,2026-06-08,GBP/USD,1634636.5,2
2026-03-19,bank_4,FW202601130001,forward,2026-01-13,2026-06-15,EUR/USD,2107158.8,1
2026-03-19,fx_pb_1,SW202601150001,swap,2026-01-15,2026-07-20,EUR/USD,1111995.99,2
2026-03-19,bank_2,FW202601200001,forward,2026-01-20,2026-04-22,EUR/GBP,600835.82,1
2026-03-19,fx_pb_1,FW202601200002,forward,2026-01-20,2026-04-22,GBP/USD,1603024.18,1
2026-03-19,fx_pb_1,FW202601210001,forward,2026-01-21,2026-03-23,EUR/USD,2938352.75,1
2026-03-19,bank_3,FW202601210002,forward,2026-01-21,2026-04-23,EUR/GBP,1192781.92,1
2026-03-19,fx_pb_1,FW202601270001,forward,2026-01-27,2026-04-29,GBP/USD,2168195.94,1
2026-03-19,bank_2,SW202602090001,swap,2026-02-09,2026-06-11,EUR/GBP,2906673.85,2
2026-03-19,fx_pb_1,SW202602110001,swap,2026-02-11,2026-04-13,EUR/USD,238251.81,2
2026-03-19,bank_2,SW202602130001,swap,2026-02-13,2026-08-18,GBP/USD,1755939.85,2
2026-03-19,bank_2,SW202603020002,swap,2026-03-02,2026-04-06,GBP/USD,132229.19,2
2026-03-19,fx_pb_1,FW202603030001,forward,2026-03-03,2026-05-05,GBP/USD,7172297.87,1
2026-03-19,fx_pb_1,FW202603040001,forward,2026-03-04,2026-07-06,EUR/GBP,1035673.57,1
2026-03-19,bank_4,SW202603040002,swap,2026-03-04,2026-08-06,EUR/USD,2076701.35,2
2026-03-19,fx_pb_1,FW202603060001,forward,2026-03-06,2026-04-10,GBP/USD,1851764.17,1
2026-03-19,fx_pb_1,SW202603110001,swap,2026-03-11,2026-04-13,EUR/GBP,670766.4,2
2026-03-20,bank_3,SW202601020001,swap,2026-01-02,2026-06-08,EUR/GBP,1254980.74,2
2026-03-20,bank_4,SW202601020002,swap,2026-01-02,2026-05-06,EUR/GBP,6070601.24,2
2026-03-20,bank_1,SW202601020004,swap,2026-01-02,2026-06-08,EUR/GBP,8443061.21,2
2026-03-20,bank_3,SW202601060001,swap,2026-01-06,2026-06-08,GBP/USD,1634636.5,2
2026-03-20,bank_4,FW202601130001,forward,2026-01-13,2026-06-15,EUR/USD,2107158.8,1
2026-03-20,fx_pb_1,SW202601150001,swap,2026-01-15,2026-07-20,EUR/USD,1111995.99,2
2026-03-20,bank_2,FW202601200001,forward,2026-01-20,2026-04-22,EUR/GBP,600835.82,1
2026-03-20,fx_pb_1,FW202601200002,forward,2026-01-20,2026-04-22,GBP/USD,1603024.18,1
2026-03-20,fx_pb_1,FW202601210001,forward,2026-01-21,2026-03-23,EUR/USD,2938352.75,1
2026-03-20,bank_3,FW202601210002,forward,2026-01-21,2026-04-23,EUR/GBP,1192781.92,1
2026-03-20,fx_pb_1,FW202601270001,forward,2026-01-27,2026-04-29,GBP/USD,2168195.94,1
2026-03-20,bank_2,SW202602090001,swap,2026-02-09,2026-06-11,EUR/GBP,2906673.85,2
2026-03-20,fx_pb_1,SW202602110001,swap,2026-02-11,2026-04-13,EUR/USD,238251.81,2
2026-03-20,bank_2,SW202602130001,swap,2026-02-13,2026-08-18,GBP/USD,1755939.85,2
2026-03-20,bank_2,SW202603020002,swap,2026-03-02,2026-04-06,GBP/USD,132229.19,2
2026-03-20,fx_pb_1,FW202603030001,forward,2026-03-03,2026-05-05,GBP/USD,7172297.87,1
2026-03-20,fx_pb_1,FW202603040001,forward,2026-03-04,2026-07-06,EUR/GBP,1035673.57,1
2026-03-20,bank_4,SW202603040002,swap,2026-03-04,2026-08-06,EUR/USD,2076701.35,2
2026-03-20,fx_pb_1,FW202603060001,forward,2026-03-06,2026-04-10,GBP/USD,1851764.17,1
2026-03-20,fx_pb_1,SW202603110001,swap,2026-03-11,2026-04-13,EUR/GBP,670766.4,2
2026-03-23,bank_3,SW202601020001,swap,2026-01-02,2026-06-08,EUR/GBP,1254980.74,2
2026-03-23,bank_4,SW202601020002,swap,2026-01-02,2026-05-06,EUR/GBP,6070601.24,2
2026-03-23,bank_1,SW202601020004,swap,2026-01-02,2026-06-08,EUR/GBP,8443061.21,2
2026-03-23,bank_3,SW202601060001,swap,2026-01-06,2026-06-08,GBP/USD,1634636.5,2
2026-03-23,bank_4,FW202601130001,forward,2026-01-13,2026-06-15,EUR/USD,2107158.8,1
2026-03-23,fx_pb_1,SW202601150001,swap,2026-01-15,2026-07-20,EUR/USD,1111995.99,2
2026-03-23,bank_2,FW202601200001,forward,2026-01-20,2026-04-22,EUR/GBP,600835.82,1
2026-03-23,fx_pb_1,FW202601200002,forward,2026-01-20,2026-04-22,GBP/USD,1603024.18,1
2026-03-23,bank_3,FW202601210002,forward,2026-01-21,2026-04-23,EUR/GBP,1192781.92,1
2026-03-23,fx_pb_1,FW202601270001,forward,2026-01-27,2026-04-29,GBP/USD,2168195.94,1
2026-03-23,bank_2,SW202602090001,swap,2026-02-09,2026-06-11,EUR/GBP,2906673.85,2
2026-03-23,fx_pb_1,SW202602110001,swap,2026-02-11,2026-04-13,EUR/USD,238251.81,2
2026-03-23,bank_2,SW202602130001,swap,2026-02-13,2026-08-18,GBP/USD,1755939.85,2
2026-03-23,bank_2,SW202603020002,swap,2026-03-02,2026-04-06,GBP/USD,132229.19,2
2026-03-23,fx_pb_1,FW202603030001,forward,2026-03-03,2026-05-05,GBP/USD,7172297.87,1
2026-03-23,fx_pb_1,FW202603040001,forward,2026-03-04,2026-07-06,EUR/GBP,1035673.57,1
2026-03-23,bank_4,SW202603040002,swap,2026-03-04,2026-08-06,EUR/USD,2076701.35,2
2026-03-23,fx_pb_1,FW202603060001,forward,2026-03-06,2026-04-10,GBP/USD,1851764.17,1
2026-03-23,fx_pb_1,SW202603110001,swap,2026-03-11,2026-04-13,EUR/GBP,670766.4,2
2026-03-23,bank_3,FW202603230001,forward,2026-03-23,2026-04-27,EUR/USD,1098508.24,1
2026-03-23,fx_pb_1,SP202603230002,spot,2026-03-23,2026-03-25,GBP/USD,3363733.07,1
2026-03-24,bank_3,SW202601020001,swap,2026-01-02,2026-06-08,EUR/GBP,1254980.74,2
2026-03-24,bank_4,SW202601020002,swap,2026-01-02,2026-05-06,EUR/GBP,6070601.24,2
2026-03-24,bank_1,SW202601020004,swap,2026-01-02,2026-06-08,EUR/GBP,8443061.21,2
2026-03-24,bank_3,SW202601060001,swap,2026-01-06,2026-06-08,GBP/USD,1634636.5,2
2026-03-24,bank_4,FW202601130001,forward,2026-01-13,2026-06-15,EUR/USD,2107158.8,1
2026-03-24,fx_pb_1,SW202601150001,swap,2026-01-15,2026-07-20,EUR/USD,1111995.99,2
2026-03-24,bank_2,FW202601200001,forward,2026-01-20,2026-04-22,EUR/GBP,600835.82,1
2026-03-24,fx_pb_1,FW202601200002,forward,2026-01-20,2026-04-22,GBP/USD,1603024.18,1
2026-03-24,bank_3,FW202601210002,forward,2026-01-21,2026-04-23,EUR/GBP,1192781.92,1
2026-03-24,fx_pb_1,FW202601270001,forward,2026-01-27,2026-04-29,GBP/USD,2168195.94,1
2026-03-24,bank_2,SW202602090001,swap,2026-02-09,2026-06-11,EUR/GBP,2906673.85,2
2026-03-24,fx_pb_1,SW202602110001,swap,2026-02-11,2026-04-13,EUR/USD,238251.81,2
2026-03-24,bank_2,SW202602130001,swap,2026-02-13,2026-08-18,GBP/USD,1755939.85,2
2026-03-24,bank_2,SW202603020002,swap,2026-03-02,2026-04-06,GBP/USD,132229.19,2
2026-03-24,fx_pb_1,FW202603030001,forward,2026-03-03,2026-05-05,GBP/USD,7172297.87,1
2026-03-24,fx_pb_1,FW202603040001,forward,2026-03-04,2026-07-06,EUR/GBP,1035673.57,1
2026-03-24,bank_4,SW202603040002,swap,2026-03-04,2026-08-06,EUR/USD,2076701.35,2
2026-03-24,fx_pb_1,FW202603060001,forward,2026-03-06,2026-04-10,GBP/USD,1851764.17,1
2026-03-24,fx_pb_1,SW202603110001,swap,2026-03-11,2026-04-13,EUR/GBP,670766.4,2
2026-03-24,bank_3,FW202603230001,forward,2026-03-23,2026-04-27,EUR/USD,1098508.24,1
2026-03-24,fx_pb_1,SP202603230002,spot,2026-03-23,2026-03-25,GBP/USD,3363733.07,1
2026-03-24,fx_pb_1,SP202603240001,spot,2026-03-24,2026-03-26,EUR/GBP,9856994.76,1
2026-03-24,bank_3,SW202603240002,swap,2026-03-24,2026-03-26,EUR/GBP,2557992.71,1
2026-03-24,bank_3,SW202603240002,swap,2026-03-24,2026-08-26,EUR/GBP,2559837.95,2
2026-03-25,bank_3,SW202601020001,swap,2026-01-02,2026-06-08,EUR/GBP,1254980.74,2
2026-03-25,bank_4,SW202601020002,swap,2026-01-02,2026-05-06,EUR/GBP,6070601.24,2
2026-03-25,bank_1,SW202601020004,swap,2026-01-02,2026-06-08,EUR/GBP,8443061.21,2
2026-03-25,bank_3,SW202601060001,swap,2026-01-06,2026-06-08,GBP/USD,1634636.5,2
2026-03-25,bank_4,FW202601130001,forward,2026-01-13,2026-06-15,EUR/USD,2107158.8,1
2026-03-25,fx_pb_1,SW202601150001,swap,2026-01-15,2026-07-20,EUR/USD,1111995.99,2
2026-03-25,bank_2,FW202601200001,forward,2026-01-20,2026-04-22,EUR/GBP,600835.82,1
2026-03-25,fx_pb_1,FW202601200002,forward,2026-01-20,2026-04-22,GBP/USD,1603024.18,1
2026-03-25,bank_3,FW202601210002,forward,2026-01-21,2026-04-23,EUR/GBP,1192781.92,1
2026-03-25,fx_pb_1,FW202601270001,forward,2026-01-27,2026-04-29,GBP/USD,2168195.94,1
2026-03-25,bank_2,SW202602090001,swap,2026-02-09,2026-06-11,EUR/GBP,2906673.85,2
2026-03-25,fx_pb_1,SW202602110001,swap,2026-02-11,2026-04-13,EUR/USD,238251.81,2
2026-03-25,bank_2,SW202602130001,swap,2026-02-13,2026-08-18,GBP/USD,1755939.85,2
2026-03-25,bank_2,SW202603020002,swap,2026-03-02,2026-04-06,GBP/USD,132229.19,2
2026-03-25,fx_pb_1,FW202603030001,forward,2026-03-03,2026-05-05,GBP/USD,7172297.87,1
2026-03-25,fx_pb_1,FW202603040001,forward,2026-03-04,2026-07-06,EUR/GBP,1035673.57,1
2026-03-25,bank_4,SW202603040002,swap,2026-03-04,2026-08-06,EUR/USD,2076701.35,2
2026-03-25,fx_pb_1,FW202603060001,forward,2026-03-06,2026-04-10,GBP/USD,1851764.17,1
2026-03-25,fx_pb_1,SW202603110001,swap,2026-03-11,2026-04-13,EUR/GBP,670766.4,2
2026-03-25,bank_3,FW202603230001,forward,2026-03-23,2026-04-27,EUR/USD,1098508.24,1
2026-03-25,fx_pb_1,SP202603240001,spot,2026-03-24,2026-03-26,EUR/GBP,9856994.76,1
2026-03-25,bank_3,SW202603240002,swap,2026-03-24,2026-03-26,EUR/GBP,2557992.71,1
2026-03-25,bank_3,SW202603240002,swap,2026-03-24,2026-08-26,EUR/GBP,2559837.95,2
2026-03-25,bank_1,SW202603250001,swap,2026-03-25,2026-03-27,EUR/USD,1770178.99,1
2026-03-25,bank_1,SW202603250001,swap,2026-03-25,2026-08-27,EUR/USD,1761910.96,2
2026-03-26,bank_3,SW202601020001,swap,2026-01-02,2026-06-08,EUR/GBP,1254980.74,2
2026-03-26,bank_4,SW202601020002,swap,2026-01-02,2026-05-06,EUR/GBP,6070601.24,2
2026-03-26,bank_1,SW202601020004,swap,2026-01-02,2026-06-08,EUR/GBP,8443061.21,2
2026-03-26,bank_3,SW202601060001,swap,2026-01-06,2026-06-08,GBP/USD,1634636.5,2
2026-03-26,bank_4,FW202601130001,forward,2026-01-13,2026-06-15,EUR/USD,2107158.8,1
2026-03-26,fx_pb_1,SW202601150001,swap,2026-01-15,2026-07-20,EUR/USD,1111995.99,2
2026-03-26,bank_2,FW202601200001,forward,2026-01-20,2026-04-22,EUR/GBP,600835.82,1
2026-03-26,fx_pb_1,FW202601200002,forward,2026-01-20,2026-04-22,GBP/USD,1603024.18,1
2026-03-26,bank_3,FW202601210002,forward,2026-01-21,2026-04-23,EUR/GBP,1192781.92,1
2026-03-26,fx_pb_1,FW202601270001,forward,2026-01-27,2026-04-29,GBP/USD,2168195.94,1
2026-03-26,bank_2,SW202602090001,swap,2026-02-09,2026-06-11,EUR/GBP,2906673.85,2
2026-03-26,fx_pb_1,SW202602110001,swap,2026-02-11,2026-04-13,EUR/USD,238251.81,2
2026-03-26,bank_2,SW202602130001,swap,2026-02-13,2026-08-18,GBP/USD,1755939.85,2
2026-03-26,bank_2,SW202603020002,swap,2026-03-02,2026-04-06,GBP/USD,132229.19,2
2026-03-26,fx_pb_1,FW202603030001,forward,2026-03-03,2026-05-05,GBP/USD,7172297.87,1
2026-03-26,fx_pb_1,FW202603040001,forward,2026-03-04,2026-07-06,EUR/GBP,1035673.57,1
2026-03-26,bank_4,SW202603040002,swap,2026-03-04,2026-08-06,EUR/USD,2076701.35,2
2026-03-26,fx_pb_1,FW202603060001,forward,2026-03-06,2026-04-10,GBP/USD,1851764.17,1
2026-03-26,fx_pb_1,SW202603110001,swap,2026-03-11,2026-04-13,EUR/GBP,670766.4,2
2026-03-26,bank_3,FW202603230001,forward,2026-03-23,2026-04-27,EUR/USD,1098508.24,1
2026-03-26,bank_3,SW202603240002,swap,2026-03-24,2026-08-26,EUR/GBP,2559837.95,2
2026-03-26,bank_1,SW202603250001,swap,2026-03-25,2026-03-27,EUR/USD,1770178.99,1
2026-03-26,bank_1,SW202603250001,swap,2026-03-25,2026-08-27,EUR/USD,1761910.96,2
2026-03-27,bank_3,SW202601020001,swap,2026-01-02,2026-06-08,EUR/GBP,1254980.74,2
2026-03-27,bank_4,SW202601020002,swap,2026-01-02,2026-05-06,EUR/GBP,6070601.24,2
2026-03-27,bank_1,SW202601020004,swap,2026-01-02,2026-06-08,EUR/GBP,8443061.21,2
2026-03-27,bank_3,SW202601060001,swap,2026-01-06,2026-06-08,GBP/USD,1634636.5,2
2026-03-27,bank_4,FW202601130001,forward,2026-01-13,2026-06-15,EUR/USD,2107158.8,1
2026-03-27,fx_pb_1,SW202601150001,swap,2026-01-15,2026-07-20,EUR/USD,1111995.99,2
2026-03-27,bank_2,FW202601200001,forward,2026-01-20,2026-04-22,EUR/GBP,600835.82,1
2026-03-27,fx_pb_1,FW202601200002,forward,2026-01-20,2026-04-22,GBP/USD,1603024.18,1
2026-03-27,bank_3,FW202601210002,forward,2026-01-21,2026-04-23,EUR/GBP,1192781.92,1
2026-03-27,fx_pb_1,FW202601270001,forward,2026-01-27,2026-04-29,GBP/USD,2168195.94,1
2026-03-27,bank_2,SW202602090001,swap,2026-02-09,2026-06-11,EUR/GBP,2906673.85,2
2026-03-27,fx_pb_1,SW202602110001,swap,2026-02-11,2026-04-13,EUR/USD,238251.81,2
2026-03-27,bank_2,SW202602130001,swap,2026-02-13,2026-08-18,GBP/USD,1755939.85,2
2026-03-27,bank_2,SW202603020002,swap,2026-03-02,2026-04-06,GBP/USD,132229.19,2
2026-03-27,fx_pb_1,FW202603030001,forward,2026-03-03,2026-05-05,GBP/USD,7172297.87,1
2026-03-27,fx_pb_1,FW202603040001,forward,2026-03-04,2026-07-06,EUR/GBP,1035673.57,1
2026-03-27,bank_4,SW202603040002,swap,2026-03-04,2026-08-06,EUR/USD,2076701.35,2
2026-03-27,fx_pb_1,FW202603060001,forward,2026-03-06,2026-04-10,GBP/USD,1851764.17,1
2026-03-27,fx_pb_1,SW202603110001,swap,2026-03-11,2026-04-13,EUR/GBP,670766.4,2
2026-03-27,bank_3,FW202603230001,forward,2026-03-23,2026-04-27,EUR/USD,1098508.24,1
2026-03-27,bank_3,SW202603240002,swap,2026-03-24,2026-08-26,EUR/GBP,2559837.95,2
2026-03-27,bank_1,SW202603250001,swap,2026-03-25,2026-08-27,EUR/USD,1761910.96,2
2026-03-27,bank_3,FW202603270001,forward,2026-03-27,2026-06-30,GBP/USD,1465139.88,1
2026-03-30,bank_3,SW202601020001,swap,2026-01-02,2026-06-08,EUR/GBP,1254980.74,2
2026-03-30,bank_4,SW202601020002,swap,2026-01-02,2026-05-06,EUR/GBP,6070601.24,2
2026-03-30,bank_1,SW202601020004,swap,2026-01-02,2026-06-08,EUR/GBP,8443061.21,2
2026-03-30,bank_3,SW202601060001,swap,2026-01-06,2026-06-08,GBP/USD,1634636.5,2
2026-03-30,bank_4,FW202601130001,forward,2026-01-13,2026-06-15,EUR/USD,2107158.8,1
2026-03-30,fx_pb_1,SW202601150001,swap,2026-01-15,2026-07-20,EUR/USD,1111995.99,2
2026-03-30,bank_2,FW202601200001,forward,2026-01-20,2026-04-22,EUR/GBP,600835.82,1
2026-03-30,fx_pb_1,FW202601200002,forward,2026-01-20,2026-04-22,GBP/USD,1603024.18,1
2026-03-30,bank_3,FW202601210002,forward,2026-01-21,2026-04-23,EUR/GBP,1192781.92,1
2026-03-30,fx_pb_1,FW202601270001,forward,2026-01-27,2026-04-29,GBP/USD,2168195.94,1
2026-03-30,bank_2,SW202602090001,swap,2026-02-09,2026-06-11,EUR/GBP,2906673.85,2
2026-03-30,fx_pb_1,SW202602110001,swap,2026-02-11,2026-04-13,EUR/USD,238251.81,2
2026-03-30,bank_2,SW202602130001,swap,2026-02-13,2026-08-18,GBP/USD,1755939.85,2
2026-03-30,bank_2,SW202603020002,swap,2026-03-02,2026-04-06,GBP/USD,132229.19,2
2026-03-30,fx_pb_1,FW202603030001,forward,2026-03-03,2026-05-05,GBP/USD,7172297.87,1
2026-03-30,fx_pb_1,FW202603040001,forward,2026-03-04,2026-07-06,EUR/GBP,1035673.57,1
2026-03-30,bank_4,SW202603040002,swap,2026-03-04,2026-08-06,EUR/USD,2076701.35,2
2026-03-30,fx_pb_1,FW202603060001,forward,2026-03-06,2026-04-10,GBP/USD,1851764.17,1
2026-03-30,fx_pb_1,SW202603110001,swap,2026-03-11,2026-04-13,EUR/GBP,670766.4,2
2026-03-30,bank_3,FW202603230001,forward,2026-03-23,2026-04-27,EUR/USD,1098508.24,1
2026-03-30,bank_3,SW202603240002,swap,2026-03-24,2026-08-26,EUR/GBP,2559837.95,2
2026-03-30,bank_1,SW202603250001,swap,2026-03-25,2026-08-27,EUR/USD,1761910.96,2
2026-03-30,bank_3,FW202603270001,forward,2026-03-27,2026-06-30,GBP/USD,1465139.88,1
2026-03-31,bank_3,SW202601020001,swap,2026-01-02,2026-06-08,EUR/GBP,1254980.74,2
2026-03-31,bank_4,SW202601020002,swap,2026-01-02,2026-05-06,EUR/GBP,6070601.24,2
2026-03-31,bank_1,SW202601020004,swap,2026-01-02,2026-06-08,EUR/GBP,8443061.21,2
2026-03-31,bank_3,SW202601060001,swap,2026-01-06,2026-06-08,GBP/USD,1634636.5,2
2026-03-31,bank_4,FW202601130001,forward,2026-01-13,2026-06-15,EUR/USD,2107158.8,1
2026-03-31,fx_pb_1,SW202601150001,swap,2026-01-15,2026-07-20,EUR/USD,1111995.99,2
2026-03-31,bank_2,FW202601200001,forward,2026-01-20,2026-04-22,EUR/GBP,600835.82,1
2026-03-31,fx_pb_1,FW202601200002,forward,2026-01-20,2026-04-22,GBP/USD,1603024.18,1
2026-03-31,bank_3,FW202601210002,forward,2026-01-21,2026-04-23,EUR/GBP,1192781.92,1
2026-03-31,fx_pb_1,FW202601270001,forward,2026-01-27,2026-04-29,GBP/USD,2168195.94,1
2026-03-31,bank_2,SW202602090001,swap,2026-02-09,2026-06-11,EUR/GBP,2906673.85,2
2026-03-31,fx_pb_1,SW202602110001,swap,2026-02-11,2026-04-13,EUR/USD,238251.81,2
2026-03-31,bank_2,SW202602130001,swap,2026-02-13,2026-08-18,GBP/USD,1755939.85,2
2026-03-31,bank_2,SW202603020002,swap,2026-03-02,2026-04-06,GBP/USD,132229.19,2
2026-03-31,fx_pb_1,FW202603030001,forward,2026-03-03,2026-05-05,GBP/USD,7172297.87,1
2026-03-31,fx_pb_1,FW202603040001,forward,2026-03-04,2026-07-06,EUR/GBP,1035673.57,1
2026-03-31,bank_4,SW202603040002,swap,2026-03-04,2026-08-06,EUR/USD,2076701.35,2
2026-03-31,fx_pb_1,FW202603060001,forward,2026-03-06,2026-04-10,GBP/USD,1851764.17,1
2026-03-31,fx_pb_1,SW202603110001,swap,2026-03-11,2026-04-13,EUR/GBP,670766.4,2
2026-03-31,bank_3,FW202603230001,forward,2026-03-23,2026-04-27,EUR/USD,1098508.24,1
2026-03-31,bank_3,SW202603240002,swap,2026-03-24,2026-08-26,EUR/GBP,2559837.95,2
2026-03-31,bank_1,SW202603250001,swap,2026-03-25,2026-08-27,EUR/USD,1761910.96,2
2026-03-31,bank_3,FW202603270001,forward,2026-03-27,2026-06-30,GBP/USD,1465139.88,1
2026-03-31,bank_4,FW202603310001,forward,2026-03-31,2026-06-02,EUR/GBP,2697120.98,1
2026-04-01,bank_3,SW202601020001,swap,2026-01-02,2026-06-08,EUR/GBP,1254980.74,2
2026-04-01,bank_4,SW202601020002,swap,2026-01-02,2026-05-06,EUR/GBP,6070601.24,2
2026-04-01,bank_1,SW202601020004,swap,2026-01-02,2026-06-08,EUR/GBP,8443061.21,2
2026-04-01,bank_3,SW202601060001,swap,2026-01-06,2026-06-08,GBP/USD,1634636.5,2
2026-04-01,bank_4,FW202601130001,forward,2026-01-13,2026-06-15,EUR/USD,2107158.8,1
2026-04-01,fx_pb_1,SW202601150001,swap,2026-01-15,2026-07-20,EUR/USD,1111995.99,2
2026-04-01,bank_2,FW202601200001,forward,2026-01-20,2026-04-22,EUR/GBP,600835.82,1
2026-04-01,fx_pb_1,FW202601200002,forward,2026-01-20,2026-04-22,GBP/USD,1603024.18,1
2026-04-01,bank_3,FW202601210002,forward,2026-01-21,2026-04-23,EUR/GBP,1192781.92,1
2026-04-01,fx_pb_1,FW202601270001,forward,2026-01-27,2026-04-29,GBP/USD,2168195.94,1
2026-04-01,bank_2,SW202602090001,swap,2026-02-09,2026-06-11,EUR/GBP,2906673.85,2
2026-04-01,fx_pb_1,SW202602110001,swap,2026-02-11,2026-04-13,EUR/USD,238251.81,2
2026-04-01,bank_2,SW202602130001,swap,2026-02-13,2026-08-18,GBP/USD,1755939.85,2
2026-04-01,bank_2,SW202603020002,swap,2026-03-02,2026-04-06,GBP/USD,132229.19,2
2026-04-01,fx_pb_1,FW202603030001,forward,2026-03-03,2026-05-05,GBP/USD,7172297.87,1
2026-04-01,fx_pb_1,FW202603040001,forward,2026-03-04,2026-07-06,EUR/GBP,1035673.57,1
2026-04-01,bank_4,SW202603040002,swap,2026-03-04,2026-08-06,EUR/USD,2076701.35,2
2026-04-01,fx_pb_1,FW202603060001,forward,2026-03-06,2026-04-10,GBP/USD,1851764.17,1
2026-04-01,fx_pb_1,SW202603110001,swap,2026-03-11,2026-04-13,EUR/GBP,670766.4,2
2026-04-01,bank_3,FW202603230001,forward,2026-03-23,2026-04-27,EUR/USD,1098508.24,1
2026-04-01,bank_3,SW202603240002,swap,2026-03-24,2026-08-26,EUR/GBP,2559837.95,2
2026-04-01,bank_1,SW202603250001,swap,2026-03-25,2026-08-27,EUR/USD,1761910.96,2
2026-04-01,bank_3,FW202603270001,forward,2026-03-27,2026-06-30,GBP/USD,1465139.88,1
2026-04-01,bank_4,FW202603310001,forward,2026-03-31,2026-06-02,EUR/GBP,2697120.98,1
2026-04-02,bank_3,SW202601020001,swap,2026-01-02,2026-06-08,EUR/GBP,1254980.74,2
2026-04-02,bank_4,SW202601020002,swap,2026-01-02,2026-05-06,EUR/GBP,6070601.24,2
2026-04-02,bank_1,SW202601020004,swap,2026-01-02,2026-06-08,EUR/GBP,8443061.21,2
2026-04-02,bank_3,SW202601060001,swap,2026-01-06,2026-06-08,GBP/USD,1634636.5,2
2026-04-02,bank_4,FW202601130001,forward,2026-01-13,2026-06-15,EUR/USD,2107158.8,1
2026-04-02,fx_pb_1,SW202601150001,swap,2026-01-15,2026-07-20,EUR/USD,1111995.99,2
2026-04-02,bank_2,FW202601200001,forward,2026-01-20,2026-04-22,EUR/GBP,600835.82,1
2026-04-02,fx_pb_1,FW202601200002,forward,2026-01-20,2026-04-22,GBP/USD,1603024.18,1
2026-04-02,bank_3,FW202601210002,forward,2026-01-21,2026-04-23,EUR/GBP,1192781.92,1
2026-04-02,fx_pb_1,FW202601270001,forward,2026-01-27,2026-04-29,GBP/USD,2168195.94,1
2026-04-02,bank_2,SW202602090001,swap,2026-02-09,2026-06-11,EUR/GBP,2906673.85,2
2026-04-02,fx_pb_1,SW202602110001,swap,2026-02-11,2026-04-13,EUR/USD,238251.81,2
2026-04-02,bank_2,SW202602130001,swap,2026-02-13,2026-08-18,GBP/USD,1755939.85,2
2026-04-02,bank_2,SW202603020002,swap,2026-03-02,2026-04-06,GBP/USD,132229.19,2
2026-04-02,fx_pb_1,FW202603030001,forward,2026-03-03,2026-05-05,GBP/USD,7172297.87,1
2026-04-02,fx_pb_1,FW202603040001,forward,2026-03-04,2026-07-06,EUR/GBP,1035673.57,1
2026-04-02,bank_4,SW202603040002,swap,2026-03-04,2026-08-06,EUR/USD,2076701.35,2
2026-04-02,fx_pb_1,FW202603060001,forward,2026-03-06,2026-04-10,GBP/USD,1851764.17,1
2026-04-02,fx_pb_1,SW202603110001,swap,2026-03-11,2026-04-13,EUR/GBP,670766.4,2
2026-04-02,bank_3,FW202603230001,forward,2026-03-23,2026-04-27,EUR/USD,1098508.24,1
2026-04-02,bank_3,SW202603240002,swap,2026-03-24,2026-08-26,EUR/GBP,2559837.95,2
2026-04-02,bank_1,SW202603250001,swap,2026-03-25,2026-08-27,EUR/USD,1761910.96,2
2026-04-02,bank_3,FW202603270001,forward,2026-03-27,2026-06-30,GBP/USD,1465139.88,1
2026-04-02,bank_4,FW202603310001,forward,2026-03-31,2026-06-02,EUR/GBP,2697120.98,1
2026-04-02,bank_2,SW202604020001,swap,2026-04-02,2026-04-06,GBP/USD,1576311.23,1
2026-04-02,bank_2,SW202604020001,swap,2026-04-02,2026-08-06,GBP/USD,1583716.52,2
2026-04-03,bank_3,SW202601020001,swap,2026-01-02,2026-06-08,EUR/GBP,1254980.74,2
2026-04-03,bank_4,SW202601020002,swap,2026-01-02,2026-05-06,EUR/GBP,6070601.24,2
2026-04-03,bank_1,SW202601020004,swap,2026-01-02,2026-06-08,EUR/GBP,8443061.21,2
2026-04-03,bank_3,SW202601060001,swap,2026-01-06,2026-06-08,GBP/USD,1634636.5,2
2026-04-03,bank_4,FW202601130001,forward,2026-01-13,2026-06-15,EUR/USD,2107158.8,1
2026-04-03,fx_pb_1,SW202601150001,swap,2026-01-15,2026-07-20,EUR/USD,1111995.99,2
2026-04-03,bank_2,FW202601200001,forward,2026-01-20,2026-04-22,EUR/GBP,600835.82,1
2026-04-03,fx_pb_1,FW202601200002,forward,2026-01-20,2026-04-22,GBP/USD,1603024.18,1
2026-04-03,bank_3,FW202601210002,forward,2026-01-21,2026-04-23,EUR/GBP,1192781.92,1
2026-04-03,fx_pb_1,FW202601270001,forward,2026-01-27,2026-04-29,GBP/USD,2168195.94,1
2026-04-03,bank_2,SW202602090001,swap,2026-02-09,2026-06-11,EUR/GBP,2906673.85,2
2026-04-03,fx_pb_1,SW202602110001,swap,2026-02-11,2026-04-13,EUR/USD,238251.81,2
2026-04-03,bank_2,SW202602130001,swap,2026-02-13,2026-08-18,GBP/USD,1755939.85,2
2026-04-03,bank_2,SW202603020002,swap,2026-03-02,2026-04-06,GBP/USD,132229.19,2
2026-04-03,fx_pb_1,FW202603030001,forward,2026-03-03,2026-05-05,GBP/USD,7172297.87,1
2026-04-03,fx_pb_1,FW202603040001,forward,2026-03-04,2026-07-06,EUR/GBP,1035673.57,1
2026-04-03,bank_4,SW202603040002,swap,2026-03-04,2026-08-06,EUR/USD,2076701.35,2
2026-04-03,fx_pb_1,FW202603060001,forward,2026-03-06,2026-04-10,GBP/USD,1851764.17,1
2026-04-03,fx_pb_1,SW202603110001,swap,2026-03-11,2026-04-13,EUR/GBP,670766.4,2
2026-04-03,bank_3,FW202603230001,forward,2026-03-23,2026-04-27,EUR/USD,1098508.24,1
2026-04-03,bank_3,SW202603240002,swap,2026-03-24,2026-08-26,EUR/GBP,2559837.95,2
2026-04-03,bank_1,SW202603250001,swap,2026-03-25,2026-08-27,EUR/USD,1761910.96,2
2026-04-03,bank_3,FW202603270001,forward,2026-03-27,2026-06-30,GBP/USD,1465139.88,1
2026-04-03,bank_4,FW202603310001,forward,2026-03-31,2026-06-02,EUR/GBP,2697120.98,1
2026-04-03,bank_2,SW202604020001,swap,2026-04-02,2026-04-06,GBP/USD,1576311.23,1
2026-04-03,bank_2,SW202604020001,swap,2026-04-02,2026-08-06,GBP/USD,1583716.52,2
2026-04-03,bank_1,FW202604030001,forward,2026-04-03,2026-10-07,GBP/USD,691503.79,1
2026-04-06,bank_3,SW202601020001,swap,2026-01-02,2026-06-08,EUR/GBP,1254980.74,2
2026-04-06,bank_4,SW202601020002,swap,2026-01-02,2026-05-06,EUR/GBP,6070601.24,2
2026-04-06,bank_1,SW202601020004,swap,2026-01-02,2026-06-08,EUR/GBP,8443061.21,2
2026-04-06,bank_3,SW202601060001,swap,2026-01-06,2026-06-08,GBP/USD,1634636.5,2
2026-04-06,bank_4,FW202601130001,forward,2026-01-13,2026-06-15,EUR/USD,2107158.8,1
2026-04-06,fx_pb_1,SW202601150001,swap,2026-01-15,2026-07-20,EUR/USD,1111995.99,2
2026-04-06,bank_2,FW202601200001,forward,2026-01-20,2026-04-22,EUR/GBP,600835.82,1
2026-04-06,fx_pb_1,FW202601200002,forward,2026-01-20,2026-04-22,GBP/USD,1603024.18,1
2026-04-06,bank_3,FW202601210002,forward,2026-01-21,2026-04-23,EUR/GBP,1192781.92,1
2026-04-06,fx_pb_1,FW202601270001,forward,2026-01-27,2026-04-29,GBP/USD,2168195.94,1
2026-04-06,bank_2,SW202602090001,swap,2026-02-09,2026-06-11,EUR/GBP,2906673.85,2
2026-04-06,fx_pb_1,SW202602110001,swap,2026-02-11,2026-04-13,EUR/USD,238251.81,2
2026-04-06,bank_2,SW202602130001,swap,2026-02-13,2026-08-18,GBP/USD,1755939.85,2
2026-04-06,fx_pb_1,FW202603030001,forward,2026-03-03,2026-05-05,GBP/USD,7172297.87,1
2026-04-06,fx_pb_1,FW202603040001,forward,2026-03-04,2026-07-06,EUR/GBP,1035673.57,1
2026-04-06,bank_4,SW202603040002,swap,2026-03-04,2026-08-06,EUR/USD,2076701.35,2
2026-04-06,fx_pb_1,FW202603060001,forward,2026-03-06,2026-04-10,GBP/USD,1851764.17,1
2026-04-06,fx_pb_1,SW202603110001,swap,2026-03-11,2026-04-13,EUR/GBP,670766.4,2
2026-04-06,bank_3,FW202603230001,forward,2026-03-23,2026-04-27,EUR/USD,1098508.24,1
2026-04-06,bank_3,SW202603240002,swap,2026-03-24,2026-08-26,EUR/GBP,2559837.95,2
2026-04-06,bank_1,SW202603250001,swap,2026-03-25,2026-08-27,EUR/USD,1761910.96,2
2026-04-06,bank_3,FW202603270001,forward,2026-03-27,2026-06-30,GBP/USD,1465139.88,1
2026-04-06,bank_4,FW202603310001,forward,2026-03-31,2026-06-02,EUR/GBP,2697120.98,1
2026-04-06,bank_2,SW202604020001,swap,2026-04-02,2026-08-06,GBP/USD,1583716.52,2
2026-04-06,bank_1,FW202604030001,forward,2026-04-03,2026-10-07,GBP/USD,691503.79,1
2026-04-06,bank_1,SW202604060001,swap,2026-04-06,2026-04-08,GBP/USD,2892054.13,1
2026-04-06,bank_1,SW202604060001,swap,2026-04-06,2026-05-08,GBP/USD,2897264.22,2
2026-04-07,bank_3,SW202601020001,swap,2026-01-02,2026-06-08,EUR/GBP,1254980.74,2
2026-04-07,bank_4,SW202601020002,swap,2026-01-02,2026-05-06,EUR/GBP,6070601.24,2
2026-04-07,bank_1,SW202601020004,swap,2026-01-02,2026-06-08,EUR/GBP,8443061.21,2
2026-04-07,bank_3,SW202601060001,swap,2026-01-06,2026-06-08,GBP/USD,1634636.5,2
2026-04-07,bank_4,FW202601130001,forward,2026-01-13,2026-06-15,EUR/USD,2107158.8,1
2026-04-07,fx_pb_1,SW202601150001,swap,2026-01-15,2026-07-20,EUR/USD,1111995.99,2
2026-04-07,bank_2,FW202601200001,forward,2026-01-20,2026-04-22,EUR/GBP,600835.82,1
2026-04-07,fx_pb_1,FW202601200002,forward,2026-01-20,2026-04-22,GBP/USD,1603024.18,1
2026-04-07,bank_3,FW202601210002,forward,2026-01-21,2026-04-23,EUR/GBP,1192781.92,1
2026-04-07,fx_pb_1,FW202601270001,forward,2026-01-27,2026-04-29,GBP/USD,2168195.94,1
2026-04-07,bank_2,SW202602090001,swap,2026-02-09,2026-06-11,EUR/GBP,2906673.85,2
2026-04-07,fx_pb_1,SW202602110001,swap,2026-02-11,2026-04-13,EUR/USD,238251.81,2
2026-04-07,bank_2,SW202602130001,swap,2026-02-13,2026-08-18,GBP/USD,1755939.85,2
2026-04-07,fx_pb_1,FW202603030001,forward,2026-03-03,2026-05-05,GBP/USD,7172297.87,1
2026-04-07,fx_pb_1,FW202603040001,forward,2026-03-04,2026-07-06,EUR/GBP,1035673.57,1
2026-04-07,bank_4,SW202603040002,swap,2026-03-04,2026-08-06,EUR/USD,2076701.35,2
2026-04-07,fx_pb_1,FW202603060001,forward,2026-03-06,2026-04-10,GBP/USD,1851764.17,1
2026-04-07,fx_pb_1,SW202603110001,swap,2026-03-11,2026-04-13,EUR/GBP,670766.4,2
2026-04-07,bank_3,FW202603230001,forward,2026-03-23,2026-04-27,EUR/USD,1098508.24,1
2026-04-07,bank_3,SW202603240002,swap,2026-03-24,2026-08-26,EUR/GBP,2559837.95,2
2026-04-07,bank_1,SW202603250001,swap,2026-03-25,2026-08-27,EUR/USD,1761910.96,2
2026-04-07,bank_3,FW202603270001,forward,2026-03-27,2026-06-30,GBP/USD,1465139.88,1
2026-04-07,bank_4,FW202603310001,forward,2026-03-31,2026-06-02,EUR/GBP,2697120.98,1
2026-04-07,bank_2,SW202604020001,swap,2026-04-02,2026-08-06,GBP/USD,1583716.52,2
2026-04-07,bank_1,FW202604030001,forward,2026-04-03,2026-10-07,GBP/USD,691503.79,1
2026-04-07,bank_1,SW202604060001,swap,2026-04-06,2026-04-08,GBP/USD,2892054.13,1
2026-04-07,bank_1,SW202604060001,swap,2026-04-06,2026-05-08,GBP/USD,2897264.22,2
2026-04-08,bank_3,SW202601020001,swap,2026-01-02,2026-06-08,EUR/GBP,1254980.74,2
2026-04-08,bank_4,SW202601020002,swap,2026-01-02,2026-05-06,EUR/GBP,6070601.24,2
2026-04-08,bank_1,SW202601020004,swap,2026-01-02,2026-06-08,EUR/GBP,8443061.21,2
2026-04-08,bank_3,SW202601060001,swap,2026-01-06,2026-06-08,GBP/USD,1634636.5,2
2026-04-08,bank_4,FW202601130001,forward,2026-01-13,2026-06-15,EUR/USD,2107158.8,1
2026-04-08,fx_pb_1,SW202601150001,swap,2026-01-15,2026-07-20,EUR/USD,1111995.99,2
2026-04-08,bank_2,FW202601200001,forward,2026-01-20,2026-04-22,EUR/GBP,600835.82,1
2026-04-08,fx_pb_1,FW202601200002,forward,2026-01-20,2026-04-22,GBP/USD,1603024.18,1
2026-04-08,bank_3,FW202601210002,forward,2026-01-21,2026-04-23,EUR/GBP,1192781.92,1
2026-04-08,fx_pb_1,FW202601270001,forward,2026-01-27,2026-04-29,GBP/USD,2168195.94,1
2026-04-08,bank_2,SW202602090001,swap,2026-02-09,2026-06-11,EUR/GBP,2906673.85,2
2026-04-08,fx_pb_1,SW202602110001,swap,2026-02-11,2026-04-13,EUR/USD,238251.81,2
2026-04-08,bank_2,SW202602130001,swap,2026-02-13,2026-08-18,GBP/USD,1755939.85,2
2026-04-08,fx_pb_1,FW202603030001,forward,2026-03-03,2026-05-05,GBP/USD,7172297.87,1
2026-04-08,fx_pb_1,FW202603040001,forward,2026-03-04,2026-07-06,EUR/GBP,1035673.57,1
2026-04-08,bank_4,SW202603040002,swap,2026-03-04,2026-08-06,EUR/USD,2076701.35,2
2026-04-08,fx_pb_1,FW202603060001,forward,2026-03-06,2026-04-10,GBP/USD,1851764.17,1
2026-04-08,fx_pb_1,SW202603110001,swap,2026-03-11,2026-04-13,EUR/GBP,670766.4,2
2026-04-08,bank_3,FW202603230001,forward,2026-03-23,2026-04-27,EUR/USD,1098508.24,1
2026-04-08,bank_3,SW202603240002,swap,2026-03-24,2026-08-26,EUR/GBP,2559837.95,2
2026-04-08,bank_1,SW202603250001,swap,2026-03-25,2026-08-27,EUR/USD,1761910.96,2
2026-04-08,bank_3,FW202603270001,forward,2026-03-27,2026-06-30,GBP/USD,1465139.88,1
2026-04-08,bank_4,FW202603310001,forward,2026-03-31,2026-06-02,EUR/GBP,2697120.98,1
2026-04-08,bank_2,SW202604020001,swap,2026-04-02,2026-08-06,GBP/USD,1583716.52,2
2026-04-08,bank_1,FW202604030001,forward,2026-04-03,2026-10-07,GBP/USD,691503.79,1
2026-04-08,bank_1,SW202604060001,swap,2026-04-06,2026-05-08,GBP/USD,2897264.22,2
2026-04-08,bank_3,FW202604080001,forward,2026-04-08,2026-05-11,EUR/USD,651960.49,1
2026-04-09,bank_3,SW202601020001,swap,2026-01-02,2026-06-08,EUR/GBP,1254980.74,2
2026-04-09,bank_4,SW202601020002,swap,2026-01-02,2026-05-06,EUR/GBP,6070601.24,2
2026-04-09,bank_1,SW202601020004,swap,2026-01-02,2026-06-08,EUR/GBP,8443061.21,2
2026-04-09,bank_3,SW202601060001,swap,2026-01-06,2026-06-08,GBP/USD,1634636.5,2
2026-04-09,bank_4,FW202601130001,forward,2026-01-13,2026-06-15,EUR/USD,2107158.8,1
2026-04-09,fx_pb_1,SW202601150001,swap,2026-01-15,2026-07-20,EUR/USD,1111995.99,2
2026-04-09,bank_2,FW202601200001,forward,2026-01-20,2026-04-22,EUR/GBP,600835.82,1
2026-04-09,fx_pb_1,FW202601200002,forward,2026-01-20,2026-04-22,GBP/USD,1603024.18,1
2026-04-09,bank_3,FW202601210002,forward,2026-01-21,2026-04-23,EUR/GBP,1192781.92,1
2026-04-09,fx_pb_1,FW202601270001,forward,2026-01-27,2026-04-29,GBP/USD,2168195.94,1
2026-04-09,bank_2,SW202602090001,swap,2026-02-09,2026-06-11,EUR/GBP,2906673.85,2
2026-04-09,fx_pb_1,SW202602110001,swap,2026-02-11,2026-04-13,EUR/USD,238251.81,2
2026-04-09,bank_2,SW202602130001,swap,2026-02-13,2026-08-18,GBP/USD,1755939.85,2
2026-04-09,fx_pb_1,FW202603030001,forward,2026-03-03,2026-05-05,GBP/USD,7172297.87,1
2026-04-09,fx_pb_1,FW202603040001,forward,2026-03-04,2026-07-06,EUR/GBP,1035673.57,1
2026-04-09,bank_4,SW202603040002,swap,2026-03-04,2026-08-06,EUR/USD,2076701.35,2
2026-04-09,fx_pb_1,FW202603060001,forward,2026-03-06,2026-04-10,GBP/USD,1851764.17,1
2026-04-09,fx_pb_1,SW202603110001,swap,2026-03-11,2026-04-13,EUR/GBP,670766.4,2
2026-04-09,bank_3,FW202603230001,forward,2026-03-23,2026-04-27,EUR/USD,1098508.24,1
2026-04-09,bank_3,SW202603240002,swap,2026-03-24,2026-08-26,EUR/GBP,2559837.95,2
2026-04-09,bank_1,SW202603250001,swap,2026-03-25,2026-08-27,EUR/USD,1761910.96,2
2026-04-09,bank_3,FW202603270001,forward,2026-03-27,2026-06-30,GBP/USD,1465139.88,1
2026-04-09,bank_4,FW202603310001,forward,2026-03-31,2026-06-02,EUR/GBP,2697120.98,1
2026-04-09,bank_2,SW202604020001,swap,2026-04-02,2026-08-06,GBP/USD,1583716.52,2
2026-04-09,bank_1,FW202604030001,forward,2026-04-03,2026-10-07,GBP/USD,691503.79,1
2026-04-09,bank_1,SW202604060001,swap,2026-04-06,2026-05-08,GBP/USD,2897264.22,2
2026-04-09,bank_3,FW202604080001,forward,2026-04-08,2026-05-11,EUR/USD,651960.49,1
2026-04-09,bank_4,FW202604090001,forward,2026-04-09,2026-08-13,GBP/USD,2598489.43,1
2026-04-10,bank_3,SW202601020001,swap,2026-01-02,2026-06-08,EUR/GBP,1254980.74,2
2026-04-10,bank_4,SW202601020002,swap,2026-01-02,2026-05-06,EUR/GBP,6070601.24,2
2026-04-10,bank_1,SW202601020004,swap,2026-01-02,2026-06-08,EUR/GBP,8443061.21,2
2026-04-10,bank_3,SW202601060001,swap,2026-01-06,2026-06-08,GBP/USD,1634636.5,2
2026-04-10,bank_4,FW202601130001,forward,2026-01-13,2026-06-15,EUR/USD,2107158.8,1
2026-04-10,fx_pb_1,SW202601150001,swap,2026-01-15,2026-07-20,EUR/USD,1111995.99,2
2026-04-10,bank_2,FW202601200001,forward,2026-01-20,2026-04-22,EUR/GBP,600835.82,1
2026-04-10,fx_pb_1,FW202601200002,forward,2026-01-20,2026-04-22,GBP/USD,1603024.18,1
2026-04-10,bank_3,FW202601210002,forward,2026-01-21,2026-04-23,EUR/GBP,1192781.92,1
2026-04-10,fx_pb_1,FW202601270001,forward,2026-01-27,2026-04-29,GBP/USD,2168195.94,1
2026-04-10,bank_2,SW202602090001,swap,2026-02-09,2026-06-11,EUR/GBP,2906673.85,2
2026-04-10,fx_pb_1,SW202602110001,swap,2026-02-11,2026-04-13,EUR/USD,238251.81,2
2026-04-10,bank_2,SW202602130001,swap,2026-02-13,2026-08-18,GBP/USD,1755939.85,2
2026-04-10,fx_pb_1,FW202603030001,forward,2026-03-03,2026-05-05,GBP/USD,7172297.87,1
2026-04-10,fx_pb_1,FW202603040001,forward,2026-03-04,2026-07-06,EUR/GBP,1035673.57,1
2026-04-10,bank_4,SW202603040002,swap,2026-03-04,2026-08-06,EUR/USD,2076701.35,2
2026-04-10,fx_pb_1,SW202603110001,swap,2026-03-11,2026-04-13,EUR/GBP,670766.4,2
2026-04-10,bank_3,FW202603230001,forward,2026-03-23,2026-04-27,EUR/USD,1098508.24,1
2026-04-10,bank_3,SW202603240002,swap,2026-03-24,2026-08-26,EUR/GBP,2559837.95,2
2026-04-10,bank_1,SW202603250001,swap,2026-03-25,2026-08-27,EUR/USD,1761910.96,2
2026-04-10,bank_3,FW202603270001,forward,2026-03-27,2026-06-30,GBP/USD,1465139.88,1
2026-04-10,bank_4,FW202603310001,forward,2026-03-31,2026-06-02,EUR/GBP,2697120.98,1
2026-04-10,bank_2,SW202604020001,swap,2026-04-02,2026-08-06,GBP/USD,1583716.52,2
2026-04-10,bank_1,FW202604030001,forward,2026-04-03,2026-10-07,GBP/USD,691503.79,1
2026-04-10,bank_1,SW202604060001,swap,2026-04-06,2026-05-08,GBP/USD,2897264.22,2
2026-04-10,bank_3,FW202604080001,forward,2026-04-08,2026-05-11,EUR/USD,651960.49,1
2026-04-10,bank_4,FW202604090001,forward,2026-04-09,2026-08-13,GBP/USD,2598489.43,1
2026-04-13,bank_3,SW202601020001,swap,2026-01-02,2026-06-08,EUR/GBP,1254980.74,2
2026-04-13,bank_4,SW202601020002,swap,2026-01-02,2026-05-06,EUR/GBP,6070601.24,2
2026-04-13,bank_1,SW202601020004,swap,2026-01-02,2026-06-08,EUR/GBP,8443061.21,2
2026-04-13,bank_3,SW202601060001,swap,2026-01-06,2026-06-08,GBP/USD,1634636.5,2
2026-04-13,bank_4,FW202601130001,forward,2026-01-13,2026-06-15,EUR/USD,2107158.8,1
2026-04-13,fx_pb_1,SW202601150001,swap,2026-01-15,2026-07-20,EUR/USD,1111995.99,2
2026-04-13,bank_2,FW202601200001,forward,2026-01-20,2026-04-22,EUR/GBP,600835.82,1
2026-04-13,fx_pb_1,FW202601200002,forward,2026-01-20,2026-04-22,GBP/USD,1603024.18,1
2026-04-13,bank_3,FW202601210002,forward,2026-01-21,2026-04-23,EUR/GBP,1192781.92,1
2026-04-13,fx_pb_1,FW202601270001,forward,2026-01-27,2026-04-29,GBP/USD,2168195.94,1
2026-04-13,bank_2,SW202602090001,swap,2026-02-09,2026-06-11,EUR/GBP,2906673.85,2
2026-04-13,bank_2,SW202602130001,swap,2026-02-13,2026-08-18,GBP/USD,1755939.85,2
2026-04-13,fx_pb_1,FW202603030001,forward,2026-03-03,2026-05-05,GBP/USD,7172297.87,1
2026-04-13,fx_pb_1,FW202603040001,forward,2026-03-04,2026-07-06,EUR/GBP,1035673.57,1
2026-04-13,bank_4,SW202603040002,swap,2026-03-04,2026-08-06,EUR/USD,2076701.35,2
2026-04-13,bank_3,FW202603230001,forward,2026-03-23,2026-04-27,EUR/USD,1098508.24,1
2026-04-13,bank_3,SW202603240002,swap,2026-03-24,2026-08-26,EUR/GBP,2559837.95,2
2026-04-13,bank_1,SW202603250001,swap,2026-03-25,2026-08-27,EUR/USD,1761910.96,2
2026-04-13,bank_3,FW202603270001,forward,2026-03-27,2026-06-30,GBP/USD,1465139.88,1
2026-04-13,bank_4,FW202603310001,forward,2026-03-31,2026-06-02,EUR/GBP,2697120.98,1
2026-04-13,bank_2,SW202604020001,swap,2026-04-02,2026-08-06,GBP/USD,1583716.52,2
2026-04-13,bank_1,FW202604030001,forward,2026-04-03,2026-10-07,GBP/USD,691503.79,1
2026-04-13,bank_1,SW202604060001,swap,2026-04-06,2026-05-08,GBP/USD,2897264.22,2
2026-04-13,bank_3,FW202604080001,forward,2026-04-08,2026-05-11,EUR/USD,651960.49,1
2026-04-13,bank_4,FW202604090001,forward,2026-04-09,2026-08-13,GBP/USD,2598489.43,1
2026-04-14,bank_3,SW202601020001,swap,2026-01-02,2026-06-08,EUR/GBP,1254980.74,2
2026-04-14,bank_4,SW202601020002,swap,2026-01-02,2026-05-06,EUR/GBP,6070601.24,2
2026-04-14,bank_1,SW202601020004,swap,2026-01-02,2026-06-08,EUR/GBP,8443061.21,2
2026-04-14,bank_3,SW202601060001,swap,2026-01-06,2026-06-08,GBP/USD,1634636.5,2
2026-04-14,bank_4,FW202601130001,forward,2026-01-13,2026-06-15,EUR/USD,2107158.8,1
2026-04-14,fx_pb_1,SW202601150001,swap,2026-01-15,2026-07-20,EUR/USD,1111995.99,2
2026-04-14,bank_2,FW202601200001,forward,2026-01-20,2026-04-22,EUR/GBP,600835.82,1
2026-04-14,fx_pb_1,FW202601200002,forward,2026-01-20,2026-04-22,GBP/USD,1603024.18,1
2026-04-14,bank_3,FW202601210002,forward,2026-01-21,2026-04-23,EUR/GBP,1192781.92,1
2026-04-14,fx_pb_1,FW202601270001,forward,2026-01-27,2026-04-29,GBP/USD,2168195.94,1
2026-04-14,bank_2,SW202602090001,swap,2026-02-09,2026-06-11,EUR/GBP,2906673.85,2
2026-04-14,bank_2,SW202602130001,swap,2026-02-13,2026-08-18,GBP/USD,1755939.85,2
2026-04-14,fx_pb_1,FW202603030001,forward,2026-03-03,2026-05-05,GBP/USD,7172297.87,1
2026-04-14,fx_pb_1,FW202603040001,forward,2026-03-04,2026-07-06,EUR/GBP,1035673.57,1
2026-04-14,bank_4,SW202603040002,swap,2026-03-04,2026-08-06,EUR/USD,2076701.35,2
2026-04-14,bank_3,FW202603230001,forward,2026-03-23,2026-04-27,EUR/USD,1098508.24,1
2026-04-14,bank_3,SW202603240002,swap,2026-03-24,2026-08-26,EUR/GBP,2559837.95,2
2026-04-14,bank_1,SW202603250001,swap,2026-03-25,2026-08-27,EUR/USD,1761910.96,2
2026-04-14,bank_3,FW202603270001,forward,2026-03-27,2026-06-30,GBP/USD,1465139.88,1
2026-04-14,bank_4,FW202603310001,forward,2026-03-31,2026-06-02,EUR/GBP,2697120.98,1
2026-04-14,bank_2,SW202604020001,swap,2026-04-02,2026-08-06,GBP/USD,1583716.52,2
2026-04-14,bank_1,FW202604030001,forward,2026-04-03,2026-10-07,GBP/USD,691503.79,1
2026-04-14,bank_1,SW202604060001,swap,2026-04-06,2026-05-08,GBP/USD,2897264.22,2
2026-04-14,bank_3,FW202604080001,forward,2026-04-08,2026-05-11,EUR/USD,651960.49,1
2026-04-14,bank_4,FW202604090001,forward,2026-04-09,2026-08-13,GBP/USD,2598489.43,1
2026-04-14,bank_2,FW202604140001,forward,2026-04-14,2026-07-16,EUR/GBP,2342462.83,1
2026-04-15,bank_3,SW202601020001,swap,2026-01-02,2026-06-08,EUR/GBP,1254980.74,2
2026-04-15,bank_4,SW202601020002,swap,2026-01-02,2026-05-06,EUR/GBP,6070601.24,2
2026-04-15,bank_1,SW202601020004,swap,2026-01-02,2026-06-08,EUR/GBP,8443061.21,2
2026-04-15,bank_3,SW202601060001,swap,2026-01-06,2026-06-08,GBP/USD,1634636.5,2
2026-04-15,bank_4,FW202601130001,forward,2026-01-13,2026-06-15,EUR/USD,2107158.8,1
2026-04-15,fx_pb_1,SW202601150001,swap,2026-01-15,2026-07-20,EUR/USD,1111995.99,2
2026-04-15,bank_2,FW202601200001,forward,2026-01-20,2026-04-22,EUR/GBP,600835.82,1
2026-04-15,fx_pb_1,FW202601200002,forward,2026-01-20,2026-04-22,GBP/USD,1603024.18,1
2026-04-15,bank_3,FW202601210002,forward,2026-01-21,2026-04-23,EUR/GBP,1192781.92,1
2026-04-15,fx_pb_1,FW202601270001,forward,2026-01-27,2026-04-29,GBP/USD,2168195.94,1
2026-04-15,bank_2,SW202602090001,swap,2026-02-09,2026-06-11,EUR/GBP,2906673.85,2
2026-04-15,bank_2,SW202602130001,swap,2026-02-13,2026-08-18,GBP/USD,1755939.85,2
2026-04-15,fx_pb_1,FW202603030001,forward,2026-03-03,2026-05-05,GBP/USD,7172297.87,1
2026-04-15,fx_pb_1,FW202603040001,forward,2026-03-04,2026-07-06,EUR/GBP,1035673.57,1
2026-04-15,bank_4,SW202603040002,swap,2026-03-04,2026-08-06,EUR/USD,2076701.35,2
2026-04-15,bank_3,FW202603230001,forward,2026-03-23,2026-04-27,EUR/USD,1098508.24,1
2026-04-15,bank_3,SW202603240002,swap,2026-03-24,2026-08-26,EUR/GBP,2559837.95,2
2026-04-15,bank_1,SW202603250001,swap,2026-03-25,2026-08-27,EUR/USD,1761910.96,2
2026-04-15,bank_3,FW202603270001,forward,2026-03-27,2026-06-30,GBP/USD,1465139.88,1
2026-04-15,bank_4,FW202603310001,forward,2026-03-31,2026-06-02,EUR/GBP,2697120.98,1
2026-04-15,bank_2,SW202604020001,swap,2026-04-02,2026-08-06,GBP/USD,1583716.52,2
2026-04-15,bank_1,FW202604030001,forward,2026-04-03,2026-10-07,GBP/USD,691503.79,1
2026-04-15,bank_1,SW202604060001,swap,2026-04-06,2026-05-08,GBP/USD,2897264.22,2
2026-04-15,bank_3,FW202604080001,forward,2026-04-08,2026-05-11,EUR/USD,651960.49,1
2026-04-15,bank_4,FW202604090001,forward,2026-04-09,2026-08-13,GBP/USD,2598489.43,1
2026-04-15,bank_2,FW202604140001,forward,2026-04-14,2026-07-16,EUR/GBP,2342462.83,1
2026-04-16,bank_3,SW202601020001,swap,2026-01-02,2026-06-08,EUR/GBP,1254980.74,2
2026-04-16,bank_4,SW202601020002,swap,2026-01-02,2026-05-06,EUR/GBP,6070601.24,2
2026-04-16,bank_1,SW202601020004,swap,2026-01-02,2026-06-08,EUR/GBP,8443061.21,2
2026-04-16,bank_3,SW202601060001,swap,2026-01-06,2026-06-08,GBP/USD,1634636.5,2
2026-04-16,bank_4,FW202601130001,forward,2026-01-13,2026-06-15,EUR/USD,2107158.8,1
2026-04-16,fx_pb_1,SW202601150001,swap,2026-01-15,2026-07-20,EUR/USD,1111995.99,2
2026-04-16,bank_2,FW202601200001,forward,2026-01-20,2026-04-22,EUR/GBP,600835.82,1
2026-04-16,fx_pb_1,FW202601200002,forward,2026-01-20,2026-04-22,GBP/USD,1603024.18,1
2026-04-16,bank_3,FW202601210002,forward,2026-01-21,2026-04-23,EUR/GBP,1192781.92,1
2026-04-16,fx_pb_1,FW202601270001,forward,2026-01-27,2026-04-29,GBP/USD,2168195.94,1
2026-04-16,bank_2,SW202602090001,swap,2026-02-09,2026-06-11,EUR/GBP,2906673.85,2
2026-04-16,bank_2,SW202602130001,swap,2026-02-13,2026-08-18,GBP/USD,1755939.85,2
2026-04-16,fx_pb_1,FW202603030001,forward,2026-03-03,2026-05-05,GBP/USD,7172297.87,1
2026-04-16,fx_pb_1,FW202603040001,forward,2026-03-04,2026-07-06,EUR/GBP,1035673.57,1
2026-04-16,bank_4,SW202603040002,swap,2026-03-04,2026-08-06,EUR/USD,2076701.35,2
2026-04-16,bank_3,FW202603230001,forward,2026-03-23,2026-04-27,EUR/USD,1098508.24,1
2026-04-16,bank_3,SW202603240002,swap,2026-03-24,2026-08-26,EUR/GBP,2559837.95,2
2026-04-16,bank_1,SW202603250001,swap,2026-03-25,2026-08-27,EUR/USD,1761910.96,2
2026-04-16,bank_3,FW202603270001,forward,2026-03-27,2026-06-30,GBP/USD,1465139.88,1
2026-04-16,bank_4,FW202603310001,forward,2026-03-31,2026-06-02,EUR/GBP,2697120.98,1
2026-04-16,bank_2,SW202604020001,swap,2026-04-02,2026-08-06,GBP/USD,1583716.52,2
2026-04-16,bank_1,FW202604030001,forward,2026-04-03,2026-10-07,GBP/USD,691503.79,1
2026-04-16,bank_1,SW202604060001,swap,2026-04-06,2026-05-08,GBP/USD,2897264.22,2
2026-04-16,bank_3,FW202604080001,forward,2026-04-08,2026-05-11,EUR/USD,651960.49,1
2026-04-16,bank_4,FW202604090001,forward,2026-04-09,2026-08-13,GBP/USD,2598489.43,1
2026-04-16,bank_2,FW202604140001,forward,2026-04-14,2026-07-16,EUR/GBP,2342462.83,1
2026-04-16,bank_2,SW202604160001,swap,2026-04-16,2026-04-20,EUR/GBP,1728384.04,1
2026-04-16,bank_2,SW202604160001,swap,2026-04-16,2026-09-21,EUR/GBP,1721969.66,2
2026-04-17,bank_3,SW202601020001,swap,2026-01-02,2026-06-08,EUR/GBP,1254980.74,2
2026-04-17,bank_4,SW202601020002,swap,2026-01-02,2026-05-06,EUR/GBP,6070601.24,2
2026-04-17,bank_1,SW202601020004,swap,2026-01-02,2026-06-08,EUR/GBP,8443061.21,2
2026-04-17,bank_3,SW202601060001,swap,2026-01-06,2026-06-08,GBP/USD,1634636.5,2
2026-04-17,bank_4,FW202601130001,forward,2026-01-13,2026-06-15,EUR/USD,2107158.8,1
2026-04-17,fx_pb_1,SW202601150001,swap,2026-01-15,2026-07-20,EUR/USD,1111995.99,2
2026-04-17,bank_2,FW202601200001,forward,2026-01-20,2026-04-22,EUR/GBP,600835.82,1
2026-04-17,fx_pb_1,FW202601200002,forward,2026-01-20,2026-04-22,GBP/USD,1603024.18,1
2026-04-17,bank_3,FW202601210002,forward,2026-01-21,2026-04-23,EUR/GBP,1192781.92,1
2026-04-17,fx_pb_1,FW202601270001,forward,2026-01-27,2026-04-29,GBP/USD,2168195.94,1
2026-04-17,bank_2,SW202602090001,swap,2026-02-09,2026-06-11,EUR/GBP,2906673.85,2
2026-04-17,bank_2,SW202602130001,swap,2026-02-13,2026-08-18,GBP/USD,1755939.85,2
2026-04-17,fx_pb_1,FW202603030001,forward,2026-03-03,2026-05-05,GBP/USD,7172297.87,1
2026-04-17,fx_pb_1,FW202603040001,forward,2026-03-04,2026-07-06,EUR/GBP,1035673.57,1
2026-04-17,bank_4,SW202603040002,swap,2026-03-04,2026-08-06,EUR/USD,2076701.35,2
2026-04-17,bank_3,FW202603230001,forward,2026-03-23,2026-04-27,EUR/USD,1098508.24,1
2026-04-17,bank_3,SW202603240002,swap,2026-03-24,2026-08-26,EUR/GBP,2559837.95,2
2026-04-17,bank_1,SW202603250001,swap,2026-03-25,2026-08-27,EUR/USD,1761910.96,2
2026-04-17,bank_3,FW202603270001,forward,2026-03-27,2026-06-30,GBP/USD,1465139.88,1
2026-04-17,bank_4,FW202603310001,forward,2026-03-31,2026-06-02,EUR/GBP,2697120.98,1
2026-04-17,bank_2,SW202604020001,swap,2026-04-02,2026-08-06,GBP/USD,1583716.52,2
2026-04-17,bank_1,FW202604030001,forward,2026-04-03,2026-10-07,GBP/USD,691503.79,1
2026-04-17,bank_1,SW202604060001,swap,2026-04-06,2026-05-08,GBP/USD,2897264.22,2
2026-04-17,bank_3,FW202604080001,forward,2026-04-08,2026-05-11,EUR/USD,651960.49,1
2026-04-17,bank_4,FW202604090001,forward,2026-04-09,2026-08-13,GBP/USD,2598489.43,1
2026-04-17,bank_2,FW202604140001,forward,2026-04-14,2026-07-16,EUR/GBP,2342462.83,1
2026-04-17,bank_2,SW202604160001,swap,2026-04-16,2026-04-20,EUR/GBP,1728384.04,1
2026-04-17,bank_2,SW202604160001,swap,2026-04-16,2026-09-21,EUR/GBP,1721969.66,2
2026-04-20,bank_3,SW202601020001,swap,2026-01-02,2026-06-08,EUR/GBP,1254980.74,2
2026-04-20,bank_4,SW202601020002,swap,2026-01-02,2026-05-06,EUR/GBP,6070601.24,2
2026-04-20,bank_1,SW202601020004,swap,2026-01-02,2026-06-08,EUR/GBP,8443061.21,2
2026-04-20,bank_3,SW202601060001,swap,2026-01-06,2026-06-08,GBP/USD,1634636.5,2
2026-04-20,bank_4,FW202601130001,forward,2026-01-13,2026-06-15,EUR/USD,2107158.8,1
2026-04-20,fx_pb_1,SW202601150001,swap,2026-01-15,2026-07-20,EUR/USD,1111995.99,2
2026-04-20,bank_2,FW202601200001,forward,2026-01-20,2026-04-22,EUR/GBP,600835.82,1
2026-04-20,fx_pb_1,FW202601200002,forward,2026-01-20,2026-04-22,GBP/USD,1603024.18,1
2026-04-20,bank_3,FW202601210002,forward,2026-01-21,2026-04-23,EUR/GBP,1192781.92,1
2026-04-20,fx_pb_1,FW202601270001,forward,2026-01-27,2026-04-29,GBP/USD,2168195.94,1
2026-04-20,bank_2,SW202602090001,swap,2026-02-09,2026-06-11,EUR/GBP,2906673.85,2
2026-04-20,bank_2,SW202602130001,swap,2026-02-13,2026-08-18,GBP/USD,1755939.85,2
2026-04-20,fx_pb_1,FW202603030001,forward,2026-03-03,2026-05-05,GBP/USD,7172297.87,1
2026-04-20,fx_pb_1,FW202603040001,forward,2026-03-04,2026-07-06,EUR/GBP,1035673.57,1
2026-04-20,bank_4,SW202603040002,swap,2026-03-04,2026-08-06,EUR/USD,2076701.35,2
2026-04-20,bank_3,FW202603230001,forward,2026-03-23,2026-04-27,EUR/USD,1098508.24,1
2026-04-20,bank_3,SW202603240002,swap,2026-03-24,2026-08-26,EUR/GBP,2559837.95,2
2026-04-20,bank_1,SW202603250001,swap,2026-03-25,2026-08-27,EUR/USD,1761910.96,2
2026-04-20,bank_3,FW202603270001,forward,2026-03-27,2026-06-30,GBP/USD,1465139.88,1
2026-04-20,bank_4,FW202603310001,forward,2026-03-31,2026-06-02,EUR/GBP,2697120.98,1
2026-04-20,bank_2,SW202604020001,swap,2026-04-02,2026-08-06,GBP/USD,1583716.52,2
2026-04-20,bank_1,FW202604030001,forward,2026-04-03,2026-10-07,GBP/USD,691503.79,1
2026-04-20,bank_1,SW202604060001,swap,2026-04-06,2026-05-08,GBP/USD,2897264.22,2
2026-04-20,bank_3,FW202604080001,forward,2026-04-08,2026-05-11,EUR/USD,651960.49,1
2026-04-20,bank_4,FW202604090001,forward,2026-04-09,2026-08-13,GBP/USD,2598489.43,1
2026-04-20,bank_2,FW202604140001,forward,2026-04-14,2026-07-16,EUR/GBP,2342462.83,1
2026-04-20,bank_2,SW202604160001,swap,2026-04-16,2026-09-21,EUR/GBP,1721969.66,2
2026-04-20,fx_pb_1,SW202604200001,swap,2026-04-20,2026-04-22,EUR/GBP,1752718.95,1
2026-04-20,fx_pb_1,SW202604200001,swap,2026-04-20,2026-08-24,EUR/GBP,1760352.4,2
2026-04-21,bank_3,SW202601020001,swap,2026-01-02,2026-06-08,EUR/GBP,1254980.74,2
2026-04-21,bank_4,SW202601020002,swap,2026-01-02,2026-05-06,EUR/GBP,6070601.24,2
2026-04-21,bank_1,SW202601020004,swap,2026-01-02,2026-06-08,EUR/GBP,8443061.21,2
2026-04-21,bank_3,SW202601060001,swap,2026-01-06,2026-06-08,GBP/USD,1634636.5,2
2026-04-21,bank_4,FW202601130001,forward,2026-01-13,2026-06-15,EUR/USD,2107158.8,1
2026-04-21,fx_pb_1,SW202601150001,swap,2026-01-15,2026-07-20,EUR/USD,1111995.99,2
2026-04-21,bank_2,FW202601200001,forward,2026-01-20,2026-04-22,EUR/GBP,600835.82,1
2026-04-21,fx_pb_1,FW202601200002,forward,2026-01-20,2026-04-22,GBP/USD,1603024.18,1
2026-04-21,bank_3,FW202601210002,forward,2026-01-21,2026-04-23,EUR/GBP,1192781.92,1
2026-04-21,fx_pb_1,FW202601270001,forward,2026-01-27,2026-04-29,GBP/USD,2168195.94,1
2026-04-21,bank_2,SW202602090001,swap,2026-02-09,2026-06-11,EUR/GBP,2906673.85,2
2026-04-21,bank_2,SW202602130001,swap,2026-02-13,2026-08-18,GBP/USD,1755939.85,2
2026-04-21,fx_pb_1,FW202603030001,forward,2026-03-03,2026-05-05,GBP/USD,7172297.87,1
2026-04-21,fx_pb_1,FW202603040001,forward,2026-03-04,2026-07-06,EUR/GBP,1035673.57,1
2026-04-21,bank_4,SW202603040002,swap,2026-03-04,2026-08-06,EUR/USD,2076701.35,2
2026-04-21,bank_3,FW202603230001,forward,2026-03-23,2026-04-27,EUR/USD,1098508.24,1
2026-04-21,bank_3,SW202603240002,swap,2026-03-24,2026-08-26,EUR/GBP,2559837.95,2
2026-04-21,bank_1,SW202603250001,swap,2026-03-25,2026-08-27,EUR/USD,1761910.96,2
2026-04-21,bank_3,FW202603270001,forward,2026-03-27,2026-06-30,GBP/USD,1465139.88,1
2026-04-21,bank_4,FW202603310001,forward,2026-03-31,2026-06-02,EUR/GBP,2697120.98,1
2026-04-21,bank_2,SW202604020001,swap,2026-04-02,2026-08-06,GBP/USD,1583716.52,2
2026-04-21,bank_1,FW202604030001,forward,2026-04-03,2026-10-07,GBP/USD,691503.79,1
2026-04-21,bank_1,SW202604060001,swap,2026-04-06,2026-05-08,GBP/USD,2897264.22,2
2026-04-21,bank_3,FW202604080001,forward,2026-04-08,2026-05-11,EUR/USD,651960.49,1
2026-04-21,bank_4,FW202604090001,forward,2026-04-09,2026-08-13,GBP/USD,2598489.43,1
2026-04-21,bank_2,FW202604140001,forward,2026-04-14,2026-07-16,EUR/GBP,2342462.83,1
2026-04-21,bank_2,SW202604160001,swap,2026-04-16,2026-09-21,EUR/GBP,1721969.66,2
2026-04-21,fx_pb_1,SW202604200001,swap,2026-04-20,2026-04-22,EUR/GBP,1752718.95,1
2026-04-21,fx_pb_1,SW202604200001,swap,2026-04-20,2026-08-24,EUR/GBP,1760352.4,2
2026-04-22,bank_3,SW202601020001,swap,2026-01-02,2026-06-08,EUR/GBP,1254980.74,2
2026-04-22,bank_4,SW202601020002,swap,2026-01-02,2026-05-06,EUR/GBP,6070601.24,2
2026-04-22,bank_1,SW202601020004,swap,2026-01-02,2026-06-08,EUR/GBP,8443061.21,2
2026-04-22,bank_3,SW202601060001,swap,2026-01-06,2026-06-08,GBP/USD,1634636.5,2
2026-04-22,bank_4,FW202601130001,forward,2026-01-13,2026-06-15,EUR/USD,2107158.8,1
2026-04-22,fx_pb_1,SW202601150001,swap,2026-01-15,2026-07-20,EUR/USD,1111995.99,2
2026-04-22,bank_3,FW202601210002,forward,2026-01-21,2026-04-23,EUR/GBP,1192781.92,1
2026-04-22,fx_pb_1,FW202601270001,forward,2026-01-27,2026-04-29,GBP/USD,2168195.94,1
2026-04-22,bank_2,SW202602090001,swap,2026-02-09,2026-06-11,EUR/GBP,2906673.85,2
2026-04-22,bank_2,SW202602130001,swap,2026-02-13,2026-08-18,GBP/USD,1755939.85,2
2026-04-22,fx_pb_1,FW202603030001,forward,2026-03-03,2026-05-05,GBP/USD,7172297.87,1
2026-04-22,fx_pb_1,FW202603040001,forward,2026-03-04,2026-07-06,EUR/GBP,1035673.57,1
2026-04-22,bank_4,SW202603040002,swap,2026-03-04,2026-08-06,EUR/USD,2076701.35,2
2026-04-22,bank_3,FW202603230001,forward,2026-03-23,2026-04-27,EUR/USD,1098508.24,1
2026-04-22,bank_3,SW202603240002,swap,2026-03-24,2026-08-26,EUR/GBP,2559837.95,2
2026-04-22,bank_1,SW202603250001,swap,2026-03-25,2026-08-27,EUR/USD,1761910.96,2
2026-04-22,bank_3,FW202603270001,forward,2026-03-27,2026-06-30,GBP/USD,1465139.88,1
2026-04-22,bank_4,FW202603310001,forward,2026-03-31,2026-06-02,EUR/GBP,2697120.98,1
2026-04-22,bank_2,SW202604020001,swap,2026-04-02,2026-08-06,GBP/USD,1583716.52,2
2026-04-22,bank_1,FW202604030001,forward,2026-04-03,2026-10-07,GBP/USD,691503.79,1
2026-04-22,bank_1,SW202604060001,swap,2026-04-06,2026-05-08,GBP/USD,2897264.22,2
2026-04-22,bank_3,FW202604080001,forward,2026-04-08,2026-05-11,EUR/USD,651960.49,1
2026-04-22,bank_4,FW202604090001,forward,2026-04-09,2026-08-13,GBP/USD,2598489.43,1
2026-04-22,bank_2,FW202604140001,forward,2026-04-14,2026-07-16,EUR/GBP,2342462.83,1
2026-04-22,bank_2,SW202604160001,swap,2026-04-16,2026-09-21,EUR/GBP,1721969.66,2
2026-04-22,fx_pb_1,SW202604200001,swap,2026-04-20,2026-08-24,EUR/GBP,1760352.4,2
2026-04-22,bank_2,SP202604220001,spot,2026-04-22,2026-04-24,EUR/GBP,7459517.19,1
2026-04-23,bank_3,SW202601020001,swap,2026-01-02,2026-06-08,EUR/GBP,1254980.74,2
2026-04-23,bank_4,SW202601020002,swap,2026-01-02,2026-05-06,EUR/GBP,6070601.24,2
2026-04-23,bank_1,SW202601020004,swap,2026-01-02,2026-06-08,EUR/GBP,8443061.21,2
2026-04-23,bank_3,SW202601060001,swap,2026-01-06,2026-06-08,GBP/USD,1634636.5,2
2026-04-23,bank_4,FW202601130001,forward,2026-01-13,2026-06-15,EUR/USD,2107158.8,1
2026-04-23,fx_pb_1,SW202601150001,swap,2026-01-15,2026-07-20,EUR/USD,1111995.99,2
2026-04-23,fx_pb_1,FW202601270001,forward,2026-01-27,2026-04-29,GBP/USD,2168195.94,1
2026-04-23,bank_2,SW202602090001,swap,2026-02-09,2026-06-11,EUR/GBP,2906673.85,2
2026-04-23,bank_2,SW202602130001,swap,2026-02-13,2026-08-18,GBP/USD,1755939.85,2
2026-04-23,fx_pb_1,FW202603030001,forward,2026-03-03,2026-05-05,GBP/USD,7172297.87,1
2026-04-23,fx_pb_1,FW202603040001,forward,2026-03-04,2026-07-06,EUR/GBP,1035673.57,1
2026-04-23,bank_4,SW202603040002,swap,2026-03-04,2026-08-06,EUR/USD,2076701.35,2
2026-04-23,bank_3,FW202603230001,forward,2026-03-23,2026-04-27,EUR/USD,1098508.24,1
2026-04-23,bank_3,SW202603240002,swap,2026-03-24,2026-08-26,EUR/GBP,2559837.95,2
2026-04-23,bank_1,SW202603250001,swap,2026-03-25,2026-08-27,EUR/USD,1761910.96,2
2026-04-23,bank_3,FW202603270001,forward,2026-03-27,2026-06-30,GBP/USD,1465139.88,1
2026-04-23,bank_4,FW202603310001,forward,2026-03-31,2026-06-02,EUR/GBP,2697120.98,1
2026-04-23,bank_2,SW202604020001,swap,2026-04-02,2026-08-06,GBP/USD,1583716.52,2
2026-04-23,bank_1,FW202604030001,forward,2026-04-03,2026-10-07,GBP/USD,691503.79,1
2026-04-23,bank_1,SW202604060001,swap,2026-04-06,2026-05-08,GBP/USD,2897264.22,2
2026-04-23,bank_3,FW202604080001,forward,2026-04-08,2026-05-11,EUR/USD,651960.49,1
2026-04-23,bank_4,FW202604090001,forward,2026-04-09,2026-08-13,GBP/USD,2598489.43,1
2026-04-23,bank_2,FW202604140001,forward,2026-04-14,2026-07-16,EUR/GBP,2342462.83,1
2026-04-23,bank_2,SW202604160001,swap,2026-04-16,2026-09-21,EUR/GBP,1721969.66,2
2026-04-23,fx_pb_1,SW202604200001,swap,2026-04-20,2026-08-24,EUR/GBP,1760352.4,2
2026-04-23,bank_2,SP202604220001,spot,2026-04-22,2026-04-24,EUR/GBP,7459517.19,1
2026-04-24,bank_3,SW202601020001,swap,2026-01-02,2026-06-08,EUR/GBP,1254980.74,2
2026-04-24,bank_4,SW202601020002,swap,2026-01-02,2026-05-06,EUR/GBP,6070601.24,2
2026-04-24,bank_1,SW202601020004,swap,2026-01-02,2026-06-08,EUR/GBP,8443061.21,2
2026-04-24,bank_3,SW202601060001,swap,2026-01-06,2026-06-08,GBP/USD,1634636.5,2
2026-04-24,bank_4,FW202601130001,forward,2026-01-13,2026-06-15,EUR/USD,2107158.8,1
2026-04-24,fx_pb_1,SW202601150001,swap,2026-01-15,2026-07-20,EUR/USD,1111995.99,2
2026-04-24,fx_pb_1,FW202601270001,forward,2026-01-27,2026-04-29,GBP/USD,2168195.94,1
2026-04-24,bank_2,SW202602090001,swap,2026-02-09,2026-06-11,EUR/GBP,2906673.85,2
2026-04-24,bank_2,SW202602130001,swap,2026-02-13,2026-08-18,GBP/USD,1755939.85,2
2026-04-24,fx_pb_1,FW202603030001,forward,2026-03-03,2026-05-05,GBP/USD,7172297.87,1
2026-04-24,fx_pb_1,FW202603040001,forward,2026-03-04,2026-07-06,EUR/GBP,1035673.57,1
2026-04-24,bank_4,SW202603040002,swap,2026-03-04,2026-08-06,EUR/USD,2076701.35,2
2026-04-24,bank_3,FW202603230001,forward,2026-03-23,2026-04-27,EUR/USD,1098508.24,1
2026-04-24,bank_3,SW202603240002,swap,2026-03-24,2026-08-26,EUR/GBP,2559837.95,2
2026-04-24,bank_1,SW202603250001,swap,2026-03-25,2026-08-27,EUR/USD,1761910.96,2
2026-04-24,bank_3,FW202603270001,forward,2026-03-27,2026-06-30,GBP/USD,1465139.88,1
2026-04-24,bank_4,FW202603310001,forward,2026-03-31,2026-06-02,EUR/GBP,2697120.98,1
2026-04-24,bank_2,SW202604020001,swap,2026-04-02,2026-08-06,GBP/USD,1583716.52,2
2026-04-24,bank_1,FW202604030001,forward,2026-04-03,2026-10-07,GBP/USD,691503.79,1
2026-04-24,bank_1,SW202604060001,swap,2026-04-06,2026-05-08,GBP/USD,2897264.22,2
2026-04-24,bank_3,FW202604080001,forward,2026-04-08,2026-05-11,EUR/USD,651960.49,1
2026-04-24,bank_4,FW202604090001,forward,2026-04-09,2026-08-13,GBP/USD,2598489.43,1
2026-04-24,bank_2,FW202604140001,forward,2026-04-14,2026-07-16,EUR/GBP,2342462.83,1
2026-04-24,bank_2,SW202604160001,swap,2026-04-16,2026-09-21,EUR/GBP,1721969.66,2
2026-04-24,fx_pb_1,SW202604200001,swap,2026-04-20,2026-08-24,EUR/GBP,1760352.4,2
2026-04-24,fx_pb_1,FW202604240001,forward,2026-04-24,2026-09-28,EUR/USD,118147.69,1
2026-04-27,bank_3,SW202601020001,swap,2026-01-02,2026-06-08,EUR/GBP,1254980.74,2
2026-04-27,bank_4,SW202601020002,swap,2026-01-02,2026-05-06,EUR/GBP,6070601.24,2
2026-04-27,bank_1,SW202601020004,swap,2026-01-02,2026-06-08,EUR/GBP,8443061.21,2
2026-04-27,bank_3,SW202601060001,swap,2026-01-06,2026-06-08,GBP/USD,1634636.5,2
2026-04-27,bank_4,FW202601130001,forward,2026-01-13,2026-06-15,EUR/USD,2107158.8,1
2026-04-27,fx_pb_1,SW202601150001,swap,2026-01-15,2026-07-20,EUR/USD,1111995.99,2
2026-04-27,fx_pb_1,FW202601270001,forward,2026-01-27,2026-04-29,GBP/USD,2168195.94,1
2026-04-27,bank_2,SW202602090001,swap,2026-02-09,2026-06-11,EUR/GBP,2906673.85,2
2026-04-27,bank_2,SW202602130001,swap,2026-02-13,2026-08-18,GBP/USD,1755939.85,2
2026-04-27,fx_pb_1,FW202603030001,forward,2026-03-03,2026-05-05,GBP/USD,7172297.87,1
2026-04-27,fx_pb_1,FW202603040001,forward,2026-03-04,2026-07-06,EUR/GBP,1035673.57,1
2026-04-27,bank_4,SW202603040002,swap,2026-03-04,2026-08-06,EUR/USD,2076701.35,2
2026-04-27,bank_3,SW202603240002,swap,2026-03-24,2026-08-26,EUR/GBP,2559837.95,2
2026-04-27,bank_1,SW202603250001,swap,2026-03-25,2026-08-27,EUR/USD,1761910.96,2
2026-04-27,bank_3,FW202603270001,forward,2026-03-27,2026-06-30,GBP/USD,1465139.88,1
2026-04-27,bank_4,FW202603310001,forward,2026-03-31,2026-06-02,EUR/GBP,2697120.98,1
2026-04-27,bank_2,SW202604020001,swap,2026-04-02,2026-08-06,GBP/USD,1583716.52,2
2026-04-27,bank_1,FW202604030001,forward,2026-04-03,2026-10-07,GBP/USD,691503.79,1
2026-04-27,bank_1,SW202604060001,swap,2026-04-06,2026-05-08,GBP/USD,2897264.22,2
2026-04-27,bank_3,FW202604080001,forward,2026-04-08,2026-05-11,EUR/USD,651960.49,1
2026-04-27,bank_4,FW202604090001,forward,2026-04-09,2026-08-13,GBP/USD,2598489.43,1
2026-04-27,bank_2,FW202604140001,forward,2026-04-14,2026-07-16,EUR/GBP,2342462.83,1
2026-04-27,bank_2,SW202604160001,swap,2026-04-16,2026-09-21,EUR/GBP,1721969.66,2
2026-04-27,fx_pb_1,SW202604200001,swap,2026-04-20,2026-08-24,EUR/GBP,1760352.4,2
2026-04-27,fx_pb_1,FW202604240001,forward,2026-04-24,2026-09-28,EUR/USD,118147.69,1
2026-04-28,bank_3,SW202601020001,swap,2026-01-02,2026-06-08,EUR/GBP,1254980.74,2
2026-04-28,bank_4,SW202601020002,swap,2026-01-02,2026-05-06,EUR/GBP,6070601.24,2
2026-04-28,bank_1,SW202601020004,swap,2026-01-02,2026-06-08,EUR/GBP,8443061.21,2
2026-04-28,bank_3,SW202601060001,swap,2026-01-06,2026-06-08,GBP/USD,1634636.5,2
2026-04-28,bank_4,FW202601130001,forward,2026-01-13,2026-06-15,EUR/USD,2107158.8,1
2026-04-28,fx_pb_1,SW202601150001,swap,2026-01-15,2026-07-20,EUR/USD,1111995.99,2
2026-04-28,fx_pb_1,FW202601270001,forward,2026-01-27,2026-04-29,GBP/USD,2168195.94,1
2026-04-28,bank_2,SW202602090001,swap,2026-02-09,2026-06-11,EUR/GBP,2906673.85,2
2026-04-28,bank_2,SW202602130001,swap,2026-02-13,2026-08-18,GBP/USD,1755939.85,2
2026-04-28,fx_pb_1,FW202603030001,forward,2026-03-03,2026-05-05,GBP/USD,7172297.87,1
2026-04-28,fx_pb_1,FW202603040001,forward,2026-03-04,2026-07-06,EUR/GBP,1035673.57,1
2026-04-28,bank_4,SW202603040002,swap,2026-03-04,2026-08-06,EUR/USD,2076701.35,2
2026-04-28,bank_3,SW202603240002,swap,2026-03-24,2026-08-26,EUR/GBP,2559837.95,2
2026-04-28,bank_1,SW202603250001,swap,2026-03-25,2026-08-27,EUR/USD,1761910.96,2
2026-04-28,bank_3,FW202603270001,forward,2026-03-27,2026-06-30,GBP/USD,1465139.88,1
2026-04-28,bank_4,FW202603310001,forward,2026-03-31,2026-06-02,EUR/GBP,2697120.98,1
2026-04-28,bank_2,SW202604020001,swap,2026-04-02,2026-08-06,GBP/USD,1583716.52,2
2026-04-28,bank_1,FW202604030001,forward,2026-04-03,2026-10-07,GBP/USD,691503.79,1
2026-04-28,bank_1,SW202604060001,swap,2026-04-06,2026-05-08,GBP/USD,2897264.22,2
2026-04-28,bank_3,FW202604080001,forward,2026-04-08,2026-05-11,EUR/USD,651960.49,1
2026-04-28,bank_4,FW202604090001,forward,2026-04-09,2026-08-13,GBP/USD,2598489.43,1
2026-04-28,bank_2,FW202604140001,forward,2026-04-14,2026-07-16,EUR/GBP,2342462.83,1
2026-04-28,bank_2,SW202604160001,swap,2026-04-16,2026-09-21,EUR/GBP,1721969.66,2
2026-04-28,fx_pb_1,SW202604200001,swap,2026-04-20,2026-08-24,EUR/GBP,1760352.4,2
2026-04-28,fx_pb_1,FW202604240001,forward,2026-04-24,2026-09-28,EUR/USD,118147.69,1
2026-04-28,fx_pb_1,SW202604280001,swap,2026-04-28,2026-04-30,EUR/USD,4987359.07,1
2026-04-28,fx_pb_1,SW202604280001,swap,2026-04-28,2026-09-30,EUR/USD,4948100.53,2
2026-04-29,bank_3,SW202601020001,swap,2026-01-02,2026-06-08,EUR/GBP,1254980.74,2
2026-04-29,bank_4,SW202601020002,swap,2026-01-02,2026-05-06,EUR/GBP,6070601.24,2
2026-04-29,bank_1,SW202601020004,swap,2026-01-02,2026-06-08,EUR/GBP,8443061.21,2
2026-04-29,bank_3,SW202601060001,swap,2026-01-06,2026-06-08,GBP/USD,1634636.5,2
2026-04-29,bank_4,FW202601130001,forward,2026-01-13,2026-06-15,EUR/USD,2107158.8,1
2026-04-29,fx_pb_1,SW202601150001,swap,2026-01-15,2026-07-20,EUR/USD,1111995.99,2
2026-04-29,bank_2,SW202602090001,swap,2026-02-09,2026-06-11,EUR/GBP,2906673.85,2
2026-04-29,bank_2,SW202602130001,swap,2026-02-13,2026-08-18,GBP/USD,1755939.85,2
2026-04-29,fx_pb_1,FW202603030001,forward,2026-03-03,2026-05-05,GBP/USD,7172297.87,1
2026-04-29,fx_pb_1,FW202603040001,forward,2026-03-04,2026-07-06,EUR/GBP,1035673.57,1
2026-04-29,bank_4,SW202603040002,swap,2026-03-04,2026-08-06,EUR/USD,2076701.35,2
2026-04-29,bank_3,SW202603240002,swap,2026-03-24,2026-08-26,EUR/GBP,2559837.95,2
2026-04-29,bank_1,SW202603250001,swap,2026-03-25,2026-08-27,EUR/USD,1761910.96,2
2026-04-29,bank_3,FW202603270001,forward,2026-03-27,2026-06-30,GBP/USD,1465139.88,1
2026-04-29,bank_4,FW202603310001,forward,2026-03-31,2026-06-02,EUR/GBP,2697120.98,1
2026-04-29,bank_2,SW202604020001,swap,2026-04-02,2026-08-06,GBP/USD,1583716.52,2
2026-04-29,bank_1,FW202604030001,forward,2026-04-03,2026-10-07,GBP/USD,691503.79,1
2026-04-29,bank_1,SW202604060001,swap,2026-04-06,2026-05-08,GBP/USD,2897264.22,2
2026-04-29,bank_3,FW202604080001,forward,2026-04-08,2026-05-11,EUR/USD,651960.49,1
2026-04-29,bank_4,FW202604090001,forward,2026-04-09,2026-08-13,GBP/USD,2598489.43,1
2026-04-29,bank_2,FW202604140001,forward,2026-04-14,2026-07-16,EUR/GBP,2342462.83,1
2026-04-29,bank_2,SW202604160001,swap,2026-04-16,2026-09-21,EUR/GBP,1721969.66,2
2026-04-29,fx_pb_1,SW202604200001,swap,2026-04-20,2026-08-24,EUR/GBP,1760352.4,2
2026-04-29,fx_pb_1,FW202604240001,forward,2026-04-24,2026-09-28,EUR/USD,118147.69,1
2026-04-29,fx_pb_1,SW202604280001,swap,2026-04-28,2026-04-30,EUR/USD,4987359.07,1
2026-04-29,fx_pb_1,SW202604280001,swap,2026-04-28,2026-09-30,EUR/USD,4948100.53,2
2026-04-30,bank_3,SW202601020001,swap,2026-01-02,2026-06-08,EUR/GBP,1254980.74,2
2026-04-30,bank_4,SW202601020002,swap,2026-01-02,2026-05-06,EUR/GBP,6070601.24,2
2026-04-30,bank_1,SW202601020004,swap,2026-01-02,2026-06-08,EUR/GBP,8443061.21,2
2026-04-30,bank_3,SW202601060001,swap,2026-01-06,2026-06-08,GBP/USD,1634636.5,2
2026-04-30,bank_4,FW202601130001,forward,2026-01-13,2026-06-15,EUR/USD,2107158.8,1
2026-04-30,fx_pb_1,SW202601150001,swap,2026-01-15,2026-07-20,EUR/USD,1111995.99,2
2026-04-30,bank_2,SW202602090001,swap,2026-02-09,2026-06-11,EUR/GBP,2906673.85,2
2026-04-30,bank_2,SW202602130001,swap,2026-02-13,2026-08-18,GBP/USD,1755939.85,2
2026-04-30,fx_pb_1,FW202603030001,forward,2026-03-03,2026-05-05,GBP/USD,7172297.87,1
2026-04-30,fx_pb_1,FW202603040001,forward,2026-03-04,2026-07-06,EUR/GBP,1035673.57,1
2026-04-30,bank_4,SW202603040002,swap,2026-03-04,2026-08-06,EUR/USD,2076701.35,2
2026-04-30,bank_3,SW202603240002,swap,2026-03-24,2026-08-26,EUR/GBP,2559837.95,2
2026-04-30,bank_1,SW202603250001,swap,2026-03-25,2026-08-27,EUR/USD,1761910.96,2
2026-04-30,bank_3,FW202603270001,forward,2026-03-27,2026-06-30,GBP/USD,1465139.88,1
2026-04-30,bank_4,FW202603310001,forward,2026-03-31,2026-06-02,EUR/GBP,2697120.98,1
2026-04-30,bank_2,SW202604020001,swap,2026-04-02,2026-08-06,GBP/USD,1583716.52,2
2026-04-30,bank_1,FW202604030001,forward,2026-04-03,2026-10-07,GBP/USD,691503.79,1
2026-04-30,bank_1,SW202604060001,swap,2026-04-06,2026-05-08,GBP/USD,2897264.22,2
2026-04-30,bank_3,FW202604080001,forward,2026-04-08,2026-05-11,EUR/USD,651960.49,1
2026-04-30,bank_4,FW202604090001,forward,2026-04-09,2026-08-13,GBP/USD,2598489.43,1
2026-04-30,bank_2,FW202604140001,forward,2026-04-14,2026-07-16,EUR/GBP,2342462.83,1
2026-04-30,bank_2,SW202604160001,swap,2026-04-16,2026-09-21,EUR/GBP,1721969.66,2
2026-04-30,fx_pb_1,SW202604200001,swap,2026-04-20,2026-08-24,EUR/GBP,1760352.4,2
2026-04-30,fx_pb_1,FW202604240001,forward,2026-04-24,2026-09-28,EUR/USD,118147.69,1
2026-04-30,fx_pb_1,SW202604280001,swap,2026-04-28,2026-09-30,EUR/USD,4948100.53,2
2026-04-30,bank_1,FW202604300001,forward,2026-04-30,2026-10-05,EUR/GBP,1180881.45,1
2026-05-01,bank_3,SW202601020001,swap,2026-01-02,2026-06-08,EUR/GBP,1254980.74,2
2026-05-01,bank_4,SW202601020002,swap,2026-01-02,2026-05-06,EUR/GBP,6070601.24,2
2026-05-01,bank_1,SW202601020004,swap,2026-01-02,2026-06-08,EUR/GBP,8443061.21,2
2026-05-01,bank_3,SW202601060001,swap,2026-01-06,2026-06-08,GBP/USD,1634636.5,2
2026-05-01,bank_4,FW202601130001,forward,2026-01-13,2026-06-15,EUR/USD,2107158.8,1
2026-05-01,fx_pb_1,SW202601150001,swap,2026-01-15,2026-07-20,EUR/USD,1111995.99,2
2026-05-01,bank_2,SW202602090001,swap,2026-02-09,2026-06-11,EUR/GBP,2906673.85,2
2026-05-01,bank_2,SW202602130001,swap,2026-02-13,2026-08-18,GBP/USD,1755939.85,2
2026-05-01,fx_pb_1,FW202603030001,forward,2026-03-03,2026-05-05,GBP/USD,7172297.87,1
2026-05-01,fx_pb_1,FW202603040001,forward,2026-03-04,2026-07-06,EUR/GBP,1035673.57,1
2026-05-01,bank_4,SW202603040002,swap,2026-03-04,2026-08-06,EUR/USD,2076701.35,2
2026-05-01,bank_3,SW202603240002,swap,2026-03-24,2026-08-26,EUR/GBP,2559837.95,2
2026-05-01,bank_1,SW202603250001,swap,2026-03-25,2026-08-27,EUR/USD,1761910.96,2
2026-05-01,bank_3,FW202603270001,forward,2026-03-27,2026-06-30,GBP/USD,1465139.88,1
2026-05-01,bank_4,FW202603310001,forward,2026-03-31,2026-06-02,EUR/GBP,2697120.98,1
2026-05-01,bank_2,SW202604020001,swap,2026-04-02,2026-08-06,GBP/USD,1583716.52,2
2026-05-01,bank_1,FW202604030001,forward,2026-04-03,2026-10-07,GBP/USD,691503.79,1
2026-05-01,bank_1,SW202604060001,swap,2026-04-06,2026-05-08,GBP/USD,2897264.22,2
2026-05-01,bank_3,FW202604080001,forward,2026-04-08,2026-05-11,EUR/USD,651960.49,1
2026-05-01,bank_4,FW202604090001,forward,2026-04-09,2026-08-13,GBP/USD,2598489.43,1
2026-05-01,bank_2,FW202604140001,forward,2026-04-14,2026-07-16,EUR/GBP,2342462.83,1
2026-05-01,bank_2,SW202604160001,swap,2026-04-16,2026-09-21,EUR/GBP,1721969.66,2
2026-05-01,fx_pb_1,SW202604200001,swap,2026-04-20,2026-08-24,EUR/GBP,1760352.4,2
2026-05-01,fx_pb_1,FW202604240001,forward,2026-04-24,2026-09-28,EUR/USD,118147.69,1
2026-05-01,fx_pb_1,SW202604280001,swap,2026-04-28,2026-09-30,EUR/USD,4948100.53,2
2026-05-01,bank_1,FW202604300001,forward,2026-04-30,2026-10-05,EUR/GBP,1180881.45,1
2026-05-01,bank_2,SP202605010001,spot,2026-05-01,2026-05-05,EUR/GBP,821414.35,1
2026-05-04,bank_3,SW202601020001,swap,2026-01-02,2026-06-08,EUR/GBP,1254980.74,2
2026-05-04,bank_4,SW202601020002,swap,2026-01-02,2026-05-06,EUR/GBP,6070601.24,2
2026-05-04,bank_1,SW202601020004,swap,2026-01-02,2026-06-08,EUR/GBP,8443061.21,2
2026-05-04,bank_3,SW202601060001,swap,2026-01-06,2026-06-08,GBP/USD,1634636.5,2
2026-05-04,bank_4,FW202601130001,forward,2026-01-13,2026-06-15,EUR/USD,2107158.8,1
2026-05-04,fx_pb_1,SW202601150001,swap,2026-01-15,2026-07-20,EUR/USD,1111995.99,2
2026-05-04,bank_2,SW202602090001,swap,2026-02-09,2026-06-11,EUR/GBP,2906673.85,2
2026-05-04,bank_2,SW202602130001,swap,2026-02-13,2026-08-18,GBP/USD,1755939.85,2
2026-05-04,fx_pb_1,FW202603030001,forward,2026-03-03,2026-05-05,GBP/USD,7172297.87,1
2026-05-04,fx_pb_1,FW202603040001,forward,2026-03-04,2026-07-06,EUR/GBP,1035673.57,1
2026-05-04,bank_4,SW202603040002,swap,2026-03-04,2026-08-06,EUR/USD,2076701.35,2
2026-05-04,bank_3,SW202603240002,swap,2026-03-24,2026-08-26,EUR/GBP,2559837.95,2
2026-05-04,bank_1,SW202603250001,swap,2026-03-25,2026-08-27,EUR/USD,1761910.96,2
2026-05-04,bank_3,FW202603270001,forward,2026-03-27,2026-06-30,GBP/USD,1465139.88,1
2026-05-04,bank_4,FW202603310001,forward,2026-03-31,2026-06-02,EUR/GBP,2697120.98,1
2026-05-04,bank_2,SW202604020001,swap,2026-04-02,2026-08-06,GBP/USD,1583716.52,2
2026-05-04,bank_1,FW202604030001,forward,2026-04-03,2026-10-07,GBP/USD,691503.79,1
2026-05-04,bank_1,SW202604060001,swap,2026-04-06,2026-05-08,GBP/USD,2897264.22,2
2026-05-04,bank_3,FW202604080001,forward,2026-04-08,2026-05-11,EUR/USD,651960.49,1
2026-05-04,bank_4,FW202604090001,forward,2026-04-09,2026-08-13,GBP/USD,2598489.43,1
2026-05-04,bank_2,FW202604140001,forward,2026-04-14,2026-07-16,EUR/GBP,2342462.83,1
2026-05-04,bank_2,SW202604160001,swap,2026-04-16,2026-09-21,EUR/GBP,1721969.66,2
2026-05-04,fx_pb_1,SW202604200001,swap,2026-04-20,2026-08-24,EUR/GBP,1760352.4,2
2026-05-04,fx_pb_1,FW202604240001,forward,2026-04-24,2026-09-28,EUR/USD,118147.69,1
2026-05-04,fx_pb_1,SW202604280001,swap,2026-04-28,2026-09-30,EUR/USD,4948100.53,2
2026-05-04,bank_1,FW202604300001,forward,2026-04-30,2026-10-05,EUR/GBP,1180881.45,1
2026-05-04,bank_2,SP202605010001,spot,2026-05-01,2026-05-05,EUR/GBP,821414.35,1
2026-05-04,bank_1,FW202605040001,forward,2026-05-04,2026-07-06,EUR/USD,4669869.74,1
2026-05-05,bank_3,SW202601020001,swap,2026-01-02,2026-06-08,EUR/GBP,1254980.74,2
2026-05-05,bank_4,SW202601020002,swap,2026-01-02,2026-05-06,EUR/GBP,6070601.24,2
2026-05-05,bank_1,SW202601020004,swap,2026-01-02,2026-06-08,EUR/GBP,8443061.21,2
2026-05-05,bank_3,SW202601060001,swap,2026-01-06,2026-06-08,GBP/USD,1634636.5,2
2026-05-05,bank_4,FW202601130001,forward,2026-01-13,2026-06-15,EUR/USD,2107158.8,1
2026-05-05,fx_pb_1,SW202601150001,swap,2026-01-15,2026-07-20,EUR/USD,1111995.99,2
2026-05-05,bank_2,SW202602090001,swap,2026-02-09,2026-06-11,EUR/GBP,2906673.85,2
2026-05-05,bank_2,SW202602130001,swap,2026-02-13,2026-08-18,GBP/USD,1755939.85,2
2026-05-05,fx_pb_1,FW202603040001,forward,2026-03-04,2026-07-06,EUR/GBP,1035673.57,1
2026-05-05,bank_4,SW202603040002,swap,2026-03-04,2026-08-06,EUR/USD,2076701.35,2
2026-05-05,bank_3,SW202603240002,swap,2026-03-24,2026-08-26,EUR/GBP,2559837.95,2
2026-05-05,bank_1,SW202603250001,swap,2026-03-25,2026-08-27,EUR/USD,1761910.96,2
2026-05-05,bank_3,FW202603270001,forward,2026-03-27,2026-06-30,GBP/USD,1465139.88,1
2026-05-05,bank_4,FW202603310001,forward,2026-03-31,2026-06-02,EUR/GBP,2697120.98,1
2026-05-05,bank_2,SW202604020001,swap,2026-04-02,2026-08-06,GBP/USD,1583716.52,2
2026-05-05,bank_1,FW202604030001,forward,2026-04-03,2026-10-07,GBP/USD,691503.79,1
2026-05-05,bank_1,SW202604060001,swap,2026-04-06,2026-05-08,GBP/USD,2897264.22,2
2026-05-05,bank_3,FW202604080001,forward,2026-04-08,2026-05-11,EUR/USD,651960.49,1
2026-05-05,bank_4,FW202604090001,forward,2026-04-09,2026-08-13,GBP/USD,2598489.43,1
2026-05-05,bank_2,FW202604140001,forward,2026-04-14,2026-07-16,EUR/GBP,2342462.83,1
2026-05-05,bank_2,SW202604160001,swap,2026-04-16,2026-09-21,EUR/GBP,1721969.66,2
2026-05-05,fx_pb_1,SW202604200001,swap,2026-04-20,2026-08-24,EUR/GBP,1760352.4,2
2026-05-05,fx_pb_1,FW202604240001,forward,2026-04-24,2026-09-28,EUR/USD,118147.69,1
2026-05-05,fx_pb_1,SW202604280001,swap,2026-04-28,2026-09-30,EUR/USD,4948100.53,2
2026-05-05,bank_1,FW202604300001,forward,2026-04-30,2026-10-05,EUR/GBP,1180881.45,1
2026-05-05,bank_1,FW202605040001,forward,2026-05-04,2026-07-06,EUR/USD,4669869.74,1
2026-05-06,bank_3,SW202601020001,swap,2026-01-02,2026-06-08,EUR/GBP,1254980.74,2
2026-05-06,bank_1,SW202601020004,swap,2026-01-02,2026-06-08,EUR/GBP,8443061.21,2
2026-05-06,bank_3,SW202601060001,swap,2026-01-06,2026-06-08,GBP/USD,1634636.5,2
2026-05-06,bank_4,FW202601130001,forward,2026-01-13,2026-06-15,EUR/USD,2107158.8,1
2026-05-06,fx_pb_1,SW202601150001,swap,2026-01-15,2026-07-20,EUR/USD,1111995.99,2
2026-05-06,bank_2,SW202602090001,swap,2026-02-09,2026-06-11,EUR/GBP,2906673.85,2
2026-05-06,bank_2,SW202602130001,swap,2026-02-13,2026-08-18,GBP/USD,1755939.85,2
2026-05-06,fx_pb_1,FW202603040001,forward,2026-03-04,2026-07-06,EUR/GBP,1035673.57,1
2026-05-06,bank_4,SW202603040002,swap,2026-03-04,2026-08-06,EUR/USD,2076701.35,2
2026-05-06,bank_3,SW202603240002,swap,2026-03-24,2026-08-26,EUR/GBP,2559837.95,2
2026-05-06,bank_1,SW202603250001,swap,2026-03-25,2026-08-27,EUR/USD,1761910.96,2
2026-05-06,bank_3,FW202603270001,forward,2026-03-27,2026-06-30,GBP/USD,1465139.88,1
2026-05-06,bank_4,FW202603310001,forward,2026-03-31,2026-06-02,EUR/GBP,2697120.98,1
2026-05-06,bank_2,SW202604020001,swap,2026-04-02,2026-08-06,GBP/USD,1583716.52,2
2026-05-06,bank_1,FW202604030001,forward,2026-04-03,2026-10-07,GBP/USD,691503.79,1
2026-05-06,bank_1,SW202604060001,swap,2026-04-06,2026-05-08,GBP/USD,2897264.22,2
2026-05-06,bank_3,FW202604080001,forward,2026-04-08,2026-05-11,EUR/USD,651960.49,1
2026-05-06,bank_4,FW202604090001,forward,2026-04-09,2026-08-13,GBP/USD,2598489.43,1
2026-05-06,bank_2,FW202604140001,forward,2026-04-14,2026-07-16,EUR/GBP,2342462.83,1
2026-05-06,bank_2,SW202604160001,swap,2026-04-16,2026-09-21,EUR/GBP,1721969.66,2
2026-05-06,fx_pb_1,SW202604200001,swap,2026-04-20,2026-08-24,EUR/GBP,1760352.4,2
2026-05-06,fx_pb_1,FW202604240001,forward,2026-04-24,2026-09-28,EUR/USD,118147.69,1
2026-05-06,fx_pb_1,SW202604280001,swap,2026-04-28,2026-09-30,EUR/USD,4948100.53,2
2026-05-06,bank_1,FW202604300001,forward,2026-04-30,2026-10-05,EUR/GBP,1180881.45,1
2026-05-06,bank_1,FW202605040001,forward,2026-05-04,2026-07-06,EUR/USD,4669869.74,1
2026-05-07,bank_3,SW202601020001,swap,2026-01-02,2026-06-08,EUR/GBP,1254980.74,2
2026-05-07,bank_1,SW202601020004,swap,2026-01-02,2026-06-08,EUR/GBP,8443061.21,2
2026-05-07,bank_3,SW202601060001,swap,2026-01-06,2026-06-08,GBP/USD,1634636.5,2
2026-05-07,bank_4,FW202601130001,forward,2026-01-13,2026-06-15,EUR/USD,2107158.8,1
2026-05-07,fx_pb_1,SW202601150001,swap,2026-01-15,2026-07-20,EUR/USD,1111995.99,2
2026-05-07,bank_2,SW202602090001,swap,2026-02-09,2026-06-11,EUR/GBP,2906673.85,2
2026-05-07,bank_2,SW202602130001,swap,2026-02-13,2026-08-18,GBP/USD,1755939.85,2
2026-05-07,fx_pb_1,FW202603040001,forward,2026-03-04,2026-07-06,EUR/GBP,1035673.57,1
2026-05-07,bank_4,SW202603040002,swap,2026-03-04,2026-08-06,EUR/USD,2076701.35,2
2026-05-07,bank_3,SW202603240002,swap,2026-03-24,2026-08-26,EUR/GBP,2559837.95,2
2026-05-07,bank_1,SW202603250001,swap,2026-03-25,2026-08-27,EUR/USD,1761910.96,2
2026-05-07,bank_3,FW202603270001,forward,2026-03-27,2026-06-30,GBP/USD,1465139.88,1
2026-05-07,bank_4,FW202603310001,forward,2026-03-31,2026-06-02,EUR/GBP,2697120.98,1
2026-05-07,bank_2,SW202604020001,swap,2026-04-02,2026-08-06,GBP/USD,1583716.52,2
2026-05-07,bank_1,FW202604030001,forward,2026-04-03,2026-10-07,GBP/USD,691503.79,1
2026-05-07,bank_1,SW202604060001,swap,2026-04-06,2026-05-08,GBP/USD,2897264.22,2
2026-05-07,bank_3,FW202604080001,forward,2026-04-08,2026-05-11,EUR/USD,651960.49,1
2026-05-07,bank_4,FW202604090001,forward,2026-04-09,2026-08-13,GBP/USD,2598489.43,1
2026-05-07,bank_2,FW202604140001,forward,2026-04-14,2026-07-16,EUR/GBP,2342462.83,1
2026-05-07,bank_2,SW202604160001,swap,2026-04-16,2026-09-21,EUR/GBP,1721969.66,2
2026-05-07,fx_pb_1,SW202604200001,swap,2026-04-20,2026-08-24,EUR/GBP,1760352.4,2
2026-05-07,fx_pb_1,FW202604240001,forward,2026-04-24,2026-09-28,EUR/USD,118147.69,1
2026-05-07,fx_pb_1,SW202604280001,swap,2026-04-28,2026-09-30,EUR/USD,4948100.53,2
2026-05-07,bank_1,FW202604300001,forward,2026-04-30,2026-10-05,EUR/GBP,1180881.45,1
2026-05-07,bank_1,FW202605040001,forward,2026-05-04,2026-07-06,EUR/USD,4669869.74,1
2026-05-08,bank_3,SW202601020001,swap,2026-01-02,2026-06-08,EUR/GBP,1254980.74,2
2026-05-08,bank_1,SW202601020004,swap,2026-01-02,2026-06-08,EUR/GBP,8443061.21,2
2026-05-08,bank_3,SW202601060001,swap,2026-01-06,2026-06-08,GBP/USD,1634636.5,2
2026-05-08,bank_4,FW202601130001,forward,2026-01-13,2026-06-15,EUR/USD,2107158.8,1
2026-05-08,fx_pb_1,SW202601150001,swap,2026-01-15,2026-07-20,EUR/USD,1111995.99,2
2026-05-08,bank_2,SW202602090001,swap,2026-02-09,2026-06-11,EUR/GBP,2906673.85,2
2026-05-08,bank_2,SW202602130001,swap,2026-02-13,2026-08-18,GBP/USD,1755939.85,2
2026-05-08,fx_pb_1,FW202603040001,forward,2026-03-04,2026-07-06,EUR/GBP,1035673.57,1
2026-05-08,bank_4,SW202603040002,swap,2026-03-04,2026-08-06,EUR/USD,2076701.35,2
2026-05-08,bank_3,SW202603240002,swap,2026-03-24,2026-08-26,EUR/GBP,2559837.95,2
2026-05-08,bank_1,SW202603250001,swap,2026-03-25,2026-08-27,EUR/USD,1761910.96,2
2026-05-08,bank_3,FW202603270001,forward,2026-03-27,2026-06-30,GBP/USD,1465139.88,1
2026-05-08,bank_4,FW202603310001,forward,2026-03-31,2026-06-02,EUR/GBP,2697120.98,1
2026-05-08,bank_2,SW202604020001,swap,2026-04-02,2026-08-06,GBP/USD,1583716.52,2
2026-05-08,bank_1,FW202604030001,forward,2026-04-03,2026-10-07,GBP/USD,691503.79,1
2026-05-08,bank_3,FW202604080001,forward,2026-04-08,2026-05-11,EUR/USD,651960.49,1
2026-05-08,bank_4,FW202604090001,forward,2026-04-09,2026-08-13,GBP/USD,2598489.43,1
2026-05-08,bank_2,FW202604140001,forward,2026-04-14,2026-07-16,EUR/GBP,2342462.83,1
2026-05-08,bank_2,SW202604160001,swap,2026-04-16,2026-09-21,EUR/GBP,1721969.66,2
2026-05-08,fx_pb_1,SW202604200001,swap,2026-04-20,2026-08-24,EUR/GBP,1760352.4,2
2026-05-08,fx_pb_1,FW202604240001,forward,2026-04-24,2026-09-28,EUR/USD,118147.69,1
2026-05-08,fx_pb_1,SW202604280001,swap,2026-04-28,2026-09-30,EUR/USD,4948100.53,2
2026-05-08,bank_1,FW202604300001,forward,2026-04-30,2026-10-05,EUR/GBP,1180881.45,1
2026-05-08,bank_1,FW202605040001,forward,2026-05-04,2026-07-06,EUR/USD,4669869.74,1
2026-05-08,bank_2,SW202605080001,swap,2026-05-08,2026-05-12,EUR/GBP,8404758.79,1
2026-05-08,bank_2,SW202605080001,swap,2026-05-08,2026-11-12,EUR/GBP,8461571.63,2
2026-05-11,bank_3,SW202601020001,swap,2026-01-02,2026-06-08,EUR/GBP,1254980.74,2
2026-05-11,bank_1,SW202601020004,swap,2026-01-02,2026-06-08,EUR/GBP,8443061.21,2
2026-05-11,bank_3,SW202601060001,swap,2026-01-06,2026-06-08,GBP/USD,1634636.5,2
2026-05-11,bank_4,FW202601130001,forward,2026-01-13,2026-06-15,EUR/USD,2107158.8,1
2026-05-11,fx_pb_1,SW202601150001,swap,2026-01-15,2026-07-20,EUR/USD,1111995.99,2
2026-05-11,bank_2,SW202602090001,swap,2026-02-09,2026-06-11,EUR/GBP,2906673.85,2
2026-05-11,bank_2,SW202602130001,swap,2026-02-13,2026-08-18,GBP/USD,1755939.85,2
2026-05-11,fx_pb_1,FW202603040001,forward,2026-03-04,2026-07-06,EUR/GBP,1035673.57,1
2026-05-11,bank_4,SW202603040002,swap,2026-03-04,2026-08-06,EUR/USD,2076701.35,2
2026-05-11,bank_3,SW202603240002,swap,2026-03-24,2026-08-26,EUR/GBP,2559837.95,2
2026-05-11,bank_1,SW202603250001,swap,2026-03-25,2026-08-27,EUR/USD,1761910.96,2
2026-05-11,bank_3,FW202603270001,forward,2026-03-27,2026-06-30,GBP/USD,1465139.88,1
2026-05-11,bank_4,FW202603310001,forward,2026-03-31,2026-06-02,EUR/GBP,2697120.98,1
2026-05-11,bank_2,SW202604020001,swap,2026-04-02,2026-08-06,GBP/USD,1583716.52,2
2026-05-11,bank_1,FW202604030001,forward,2026-04-03,2026-10-07,GBP/USD,691503.79,1
2026-05-11,bank_4,FW202604090001,forward,2026-04-09,2026-08-13,GBP/USD,2598489.43,1
2026-05-11,bank_2,FW202604140001,forward,2026-04-14,2026-07-16,EUR/GBP,2342462.83,1
2026-05-11,bank_2,SW202604160001,swap,2026-04-16,2026-09-21,EUR/GBP,1721969.66,2
2026-05-11,fx_pb_1,SW202604200001,swap,2026-04-20,2026-08-24,EUR/GBP,1760352.4,2
2026-05-11,fx_pb_1,FW202604240001,forward,2026-04-24,2026-09-28,EUR/USD,118147.69,1
2026-05-11,fx_pb_1,SW202604280001,swap,2026-04-28,2026-09-30,EUR/USD,4948100.53,2
2026-05-11,bank_1,FW202604300001,forward,2026-04-30,2026-10-05,EUR/GBP,1180881.45,1
2026-05-11,bank_1,FW202605040001,forward,2026-05-04,2026-07-06,EUR/USD,4669869.74,1
2026-05-11,bank_2,SW202605080001,swap,2026-05-08,2026-05-12,EUR/GBP,8404758.79,1
2026-05-11,bank_2,SW202605080001,swap,2026-05-08,2026-11-12,EUR/GBP,8461571.63,2
2026-05-12,bank_3,SW202601020001,swap,2026-01-02,2026-06-08,EUR/GBP,1254980.74,2
2026-05-12,bank_1,SW202601020004,swap,2026-01-02,2026-06-08,EUR/GBP,8443061.21,2
2026-05-12,bank_3,SW202601060001,swap,2026-01-06,2026-06-08,GBP/USD,1634636.5,2
2026-05-12,bank_4,FW202601130001,forward,2026-01-13,2026-06-15,EUR/USD,2107158.8,1
2026-05-12,fx_pb_1,SW202601150001,swap,2026-01-15,2026-07-20,EUR/USD,1111995.99,2
2026-05-12,bank_2,SW202602090001,swap,2026-02-09,2026-06-11,EUR/GBP,2906673.85,2
2026-05-12,bank_2,SW202602130001,swap,2026-02-13,2026-08-18,GBP/USD,1755939.85,2
2026-05-12,fx_pb_1,FW202603040001,forward,2026-03-04,2026-07-06,EUR/GBP,1035673.57,1
2026-05-12,bank_4,SW202603040002,swap,2026-03-04,2026-08-06,EUR/USD,2076701.35,2
2026-05-12,bank_3,SW202603240002,swap,2026-03-24,2026-08-26,EUR/GBP,2559837.95,2
2026-05-12,bank_1,SW202603250001,swap,2026-03-25,2026-08-27,EUR/USD,1761910.96,2
2026-05-12,bank_3,FW202603270001,forward,2026-03-27,2026-06-30,GBP/USD,1465139.88,1
2026-05-12,bank_4,FW202603310001,forward,2026-03-31,2026-06-02,EUR/GBP,2697120.98,1
2026-05-12,bank_2,SW202604020001,swap,2026-04-02,2026-08-06,GBP/USD,1583716.52,2
2026-05-12,bank_1,FW202604030001,forward,2026-04-03,2026-10-07,GBP/USD,691503.79,1
2026-05-12,bank_4,FW202604090001,forward,2026-04-09,2026-08-13,GBP/USD,2598489.43,1
2026-05-12,bank_2,FW202604140001,forward,2026-04-14,2026-07-16,EUR/GBP,2342462.83,1
2026-05-12,bank_2,SW202604160001,swap,2026-04-16,2026-09-21,EUR/GBP,1721969.66,2
2026-05-12,fx_pb_1,SW202604200001,swap,2026-04-20,2026-08-24,EUR/GBP,1760352.4,2
2026-05-12,fx_pb_1,FW202604240001,forward,2026-04-24,2026-09-28,EUR/USD,118147.69,1
2026-05-12,fx_pb_1,SW202604280001,swap,2026-04-28,2026-09-30,EUR/USD,4948100.53,2
2026-05-12,bank_1,FW202604300001,forward,2026-04-30,2026-10-05,EUR/GBP,1180881.45,1
2026-05-12,bank_1,FW202605040001,forward,2026-05-04,2026-07-06,EUR/USD,4669869.74,1
2026-05-12,bank_2,SW202605080001,swap,2026-05-08,2026-11-12,EUR/GBP,8461571.63,2
2026-05-13,bank_3,SW202601020001,swap,2026-01-02,2026-06-08,EUR/GBP,1254980.74,2
2026-05-13,bank_1,SW202601020004,swap,2026-01-02,2026-06-08,EUR/GBP,8443061.21,2
2026-05-13,bank_3,SW202601060001,swap,2026-01-06,2026-06-08,GBP/USD,1634636.5,2
2026-05-13,bank_4,FW202601130001,forward,2026-01-13,2026-06-15,EUR/USD,2107158.8,1
2026-05-13,fx_pb_1,SW202601150001,swap,2026-01-15,2026-07-20,EUR/USD,1111995.99,2
2026-05-13,bank_2,SW202602090001,swap,2026-02-09,2026-06-11,EUR/GBP,2906673.85,2
2026-05-13,bank_2,SW202602130001,swap,2026-02-13,2026-08-18,GBP/USD,1755939.85,2
2026-05-13,fx_pb_1,FW202603040001,forward,2026-03-04,2026-07-06,EUR/GBP,1035673.57,1
2026-05-13,bank_4,SW202603040002,swap,2026-03-04,2026-08-06,EUR/USD,2076701.35,2
2026-05-13,bank_3,SW202603240002,swap,2026-03-24,2026-08-26,EUR/GBP,2559837.95,2
2026-05-13,bank_1,SW202603250001,swap,2026-03-25,2026-08-27,EUR/USD,1761910.96,2
2026-05-13,bank_3,FW202603270001,forward,2026-03-27,2026-06-30,GBP/USD,1465139.88,1
2026-05-13,bank_4,FW202603310001,forward,2026-03-31,2026-06-02,EUR/GBP,2697120.98,1
2026-05-13,bank_2,SW202604020001,swap,2026-04-02,2026-08-06,GBP/USD,1583716.52,2
2026-05-13,bank_1,FW202604030001,forward,2026-04-03,2026-10-07,GBP/USD,691503.79,1
2026-05-13,bank_4,FW202604090001,forward,2026-04-09,2026-08-13,GBP/USD,2598489.43,1
2026-05-13,bank_2,FW202604140001,forward,2026-04-14,2026-07-16,EUR/GBP,2342462.83,1
2026-05-13,bank_2,SW202604160001,swap,2026-04-16,2026-09-21,EUR/GBP,1721969.66,2
2026-05-13,fx_pb_1,SW202604200001,swap,2026-04-20,2026-08-24,EUR/GBP,1760352.4,2
2026-05-13,fx_pb_1,FW202604240001,forward,2026-04-24,2026-09-28,EUR/USD,118147.69,1
2026-05-13,fx_pb_1,SW202604280001,swap,2026-04-28,2026-09-30,EUR/USD,4948100.53,2
2026-05-13,bank_1,FW202604300001,forward,2026-04-30,2026-10-05,EUR/GBP,1180881.45,1
2026-05-13,bank_1,FW202605040001,forward,2026-05-04,2026-07-06,EUR/USD,4669869.74,1
2026-05-13,bank_2,SW202605080001,swap,2026-05-08,2026-11-12,EUR/GBP,8461571.63,2
2026-05-14,bank_3,SW202601020001,swap,2026-01-02,2026-06-08,EUR/GBP,1254980.74,2
2026-05-14,bank_1,SW202601020004,swap,2026-01-02,2026-06-08,EUR/GBP,8443061.21,2
2026-05-14,bank_3,SW202601060001,swap,2026-01-06,2026-06-08,GBP/USD,1634636.5,2
2026-05-14,bank_4,FW202601130001,forward,2026-01-13,2026-06-15,EUR/USD,2107158.8,1
2026-05-14,fx_pb_1,SW202601150001,swap,2026-01-15,2026-07-20,EUR/USD,1111995.99,2
2026-05-14,bank_2,SW202602090001,swap,2026-02-09,2026-06-11,EUR/GBP,2906673.85,2
2026-05-14,bank_2,SW202602130001,swap,2026-02-13,2026-08-18,GBP/USD,1755939.85,2
2026-05-14,fx_pb_1,FW202603040001,forward,2026-03-04,2026-07-06,EUR/GBP,1035673.57,1
2026-05-14,bank_4,SW202603040002,swap,2026-03-04,2026-08-06,EUR/USD,2076701.35,2
2026-05-14,bank_3,SW202603240002,swap,2026-03-24,2026-08-26,EUR/GBP,2559837.95,2
2026-05-14,bank_1,SW202603250001,swap,2026-03-25,2026-08-27,EUR/USD,1761910.96,2
2026-05-14,bank_3,FW202603270001,forward,2026-03-27,2026-06-30,GBP/USD,1465139.88,1
2026-05-14,bank_4,FW202603310001,forward,2026-03-31,2026-06-02,EUR/GBP,2697120.98,1
2026-05-14,bank_2,SW202604020001,swap,2026-04-02,2026-08-06,GBP/USD,1583716.52,2
2026-05-14,bank_1,FW202604030001,forward,2026-04-03,2026-10-07,GBP/USD,691503.79,1
2026-05-14,bank_4,FW202604090001,forward,2026-04-09,2026-08-13,GBP/USD,2598489.43,1
2026-05-14,bank_2,FW202604140001,forward,2026-04-14,2026-07-16,EUR/GBP,2342462.83,1
2026-05-14,bank_2,SW202604160001,swap,2026-04-16,2026-09-21,EUR/GBP,1721969.66,2
2026-05-14,fx_pb_1,SW202604200001,swap,2026-04-20,2026-08-24,EUR/GBP,1760352.4,2
2026-05-14,fx_pb_1,FW202604240001,forward,2026-04-24,2026-09-28,EUR/USD,118147.69,1
2026-05-14,fx_pb_1,SW202604280001,swap,2026-04-28,2026-09-30,EUR/USD,4948100.53,2
2026-05-14,bank_1,FW202604300001,forward,2026-04-30,2026-10-05,EUR/GBP,1180881.45,1
2026-05-14,bank_1,FW202605040001,forward,2026-05-04,2026-07-06,EUR/USD,4669869.74,1
2026-05-14,bank_2,SW202605080001,swap,2026-05-08,2026-11-12,EUR/GBP,8461571.63,2
2026-05-14,bank_2,FW202605140001,forward,2026-05-14,2026-10-19,GBP/USD,2702262.2,1
2026-05-15,bank_3,SW202601020001,swap,2026-01-02,2026-06-08,EUR/GBP,1254980.74,2
2026-05-15,bank_1,SW202601020004,swap,2026-01-02,2026-06-08,EUR/GBP,8443061.21,2
2026-05-15,bank_3,SW202601060001,swap,2026-01-06,2026-06-08,GBP/USD,1634636.5,2
2026-05-15,bank_4,FW202601130001,forward,2026-01-13,2026-06-15,EUR/USD,2107158.8,1
2026-05-15,fx_pb_1,SW202601150001,swap,2026-01-15,2026-07-20,EUR/USD,1111995.99,2
2026-05-15,bank_2,SW202602090001,swap,2026-02-09,2026-06-11,EUR/GBP,2906673.85,2
2026-05-15,bank_2,SW202602130001,swap,2026-02-13,2026-08-18,GBP/USD,1755939.85,2
2026-05-15,fx_pb_1,FW202603040001,forward,2026-03-04,2026-07-06,EUR/GBP,1035673.57,1
2026-05-15,bank_4,SW202603040002,swap,2026-03-04,2026-08-06,EUR/USD,2076701.35,2
2026-05-15,bank_3,SW202603240002,swap,2026-03-24,2026-08-26,EUR/GBP,2559837.95,2
2026-05-15,bank_1,SW202603250001,swap,2026-03-25,2026-08-27,EUR/USD,1761910.96,2
2026-05-15,bank_3,FW202603270001,forward,2026-03-27,2026-06-30,GBP/USD,1465139.88,1
2026-05-15,bank_4,FW202603310001,forward,2026-03-31,2026-06-02,EUR/GBP,2697120.98,1
2026-05-15,bank_2,SW202604020001,swap,2026-04-02,2026-08-06,GBP/USD,1583716.52,2
2026-05-15,bank_1,FW202604030001,forward,2026-04-03,2026-10-07,GBP/USD,691503.79,1
2026-05-15,bank_4,FW202604090001,forward,2026-04-09,2026-08-13,GBP/USD,2598489.43,1
2026-05-15,bank_2,FW202604140001,forward,2026-04-14,2026-07-16,EUR/GBP,2342462.83,1
2026-05-15,bank_2,SW202604160001,swap,2026-04-16,2026-09-21,EUR/GBP,1721969.66,2
2026-05-15,fx_pb_1,SW202604200001,swap,2026-04-20,2026-08-24,EUR/GBP,1760352.4,2
2026-05-15,fx_pb_1,FW202604240001,forward,2026-04-24,2026-09-28,EUR/USD,118147.69,1
2026-05-15,fx_pb_1,SW202604280001,swap,2026-04-28,2026-09-30,EUR/USD,4948100.53,2
2026-05-15,bank_1,FW202604300001,forward,2026-04-30,2026-10-05,EUR/GBP,1180881.45,1
2026-05-15,bank_1,FW202605040001,forward,2026-05-04,2026-07-06,EUR/USD,4669869.74,1
2026-05-15,bank_2,SW202605080001,swap,2026-05-08,2026-11-12,EUR/GBP,8461571.63,2
2026-05-15,bank_2,FW202605140001,forward,2026-05-14,2026-10-19,GBP/USD,2702262.2,1
2026-05-18,bank_3,SW202601020001,swap,2026-01-02,2026-06-08,EUR/GBP,1254980.74,2
2026-05-18,bank_1,SW202601020004,swap,2026-01-02,2026-06-08,EUR/GBP,8443061.21,2
2026-05-18,bank_3,SW202601060001,swap,2026-01-06,2026-06-08,GBP/USD,1634636.5,2
2026-05-18,bank_4,FW202601130001,forward,2026-01-13,2026-06-15,EUR/USD,2107158.8,1
2026-05-18,fx_pb_1,SW202601150001,swap,2026-01-15,2026-07-20,EUR/USD,1111995.99,2
2026-05-18,bank_2,SW202602090001,swap,2026-02-09,2026-06-11,EUR/GBP,2906673.85,2
2026-05-18,bank_2,SW202602130001,swap,2026-02-13,2026-08-18,GBP/USD,1755939.85,2
2026-05-18,fx_pb_1,FW202603040001,forward,2026-03-04,2026-07-06,EUR/GBP,1035673.57,1
2026-05-18,bank_4,SW202603040002,swap,2026-03-04,2026-08-06,EUR/USD,2076701.35,2
2026-05-18,bank_3,SW202603240002,swap,2026-03-24,2026-08-26,EUR/GBP,2559837.95,2
2026-05-18,bank_1,SW202603250001,swap,2026-03-25,2026-08-27,EUR/USD,1761910.96,2
2026-05-18,bank_3,FW202603270001,forward,2026-03-27,2026-06-30,GBP/USD,1465139.88,1
2026-05-18,bank_4,FW202603310001,forward,2026-03-31,2026-06-02,EUR/GBP,2697120.98,1
2026-05-18,bank_2,SW202604020001,swap,2026-04-02,2026-08-06,GBP/USD,1583716.52,2
2026-05-18,bank_1,FW202604030001,forward,2026-04-03,2026-10-07,GBP/USD,691503.79,1
2026-05-18,bank_4,FW202604090001,forward,2026-04-09,2026-08-13,GBP/USD,2598489.43,1
2026-05-18,bank_2,FW202604140001,forward,2026-04-14,2026-07-16,EUR/GBP,2342462.83,1
2026-05-18,bank_2,SW202604160001,swap,2026-04-16,2026-09-21,EUR/GBP,1721969.66,2
2026-05-18,fx_pb_1,SW202604200001,swap,2026-04-20,2026-08-24,EUR/GBP,1760352.4,2
2026-05-18,fx_pb_1,FW202604240001,forward,2026-04-24,2026-09-28,EUR/USD,118147.69,1
2026-05-18,fx_pb_1,SW202604280001,swap,2026-04-28,2026-09-30,EUR/USD,4948100.53,2
2026-05-18,bank_1,FW202604300001,forward,2026-04-30,2026-10-05,EUR/GBP,1180881.45,1
2026-05-18,bank_1,FW202605040001,forward,2026-05-04,2026-07-06,EUR/USD,4669869.74,1
2026-05-18,bank_2,SW202605080001,swap,2026-05-08,2026-11-12,EUR/GBP,8461571.63,2
2026-05-18,bank_2,FW202605140001,forward,2026-05-14,2026-10-19,GBP/USD,2702262.2,1
2026-05-19,bank_3,SW202601020001,swap,2026-01-02,2026-06-08,EUR/GBP,1254980.74,2
2026-05-19,bank_1,SW202601020004,swap,2026-01-02,2026-06-08,EUR/GBP,8443061.21,2
2026-05-19,bank_3,SW202601060001,swap,2026-01-06,2026-06-08,GBP/USD,1634636.5,2
2026-05-19,bank_4,FW202601130001,forward,2026-01-13,2026-06-15,EUR/USD,2107158.8,1
2026-05-19,fx_pb_1,SW202601150001,swap,2026-01-15,2026-07-20,EUR/USD,1111995.99,2
2026-05-19,bank_2,SW202602090001,swap,2026-02-09,2026-06-11,EUR/GBP,2906673.85,2
2026-05-19,bank_2,SW202602130001,swap,2026-02-13,2026-08-18,GBP/USD,1755939.85,2
2026-05-19,fx_pb_1,FW202603040001,forward,2026-03-04,2026-07-06,EUR/GBP,1035673.57,1
2026-05-19,bank_4,SW202603040002,swap,2026-03-04,2026-08-06,EUR/USD,2076701.35,2
2026-05-19,bank_3,SW202603240002,swap,2026-03-24,2026-08-26,EUR/GBP,2559837.95,2
2026-05-19,bank_1,SW202603250001,swap,2026-03-25,2026-08-27,EUR/USD,1761910.96,2
2026-05-19,bank_3,FW202603270001,forward,2026-03-27,2026-06-30,GBP/USD,1465139.88,1
2026-05-19,bank_4,FW202603310001,forward,2026-03-31,2026-06-02,EUR/GBP,2697120.98,1
2026-05-19,bank_2,SW202604020001,swap,2026-04-02,2026-08-06,GBP/USD,1583716.52,2
2026-05-19,bank_1,FW202604030001,forward,2026-04-03,2026-10-07,GBP/USD,691503.79,1
2026-05-19,bank_4,FW202604090001,forward,2026-04-09,2026-08-13,GBP/USD,2598489.43,1
2026-05-19,bank_2,FW202604140001,forward,2026-04-14,2026-07-16,EUR/GBP,2342462.83,1
2026-05-19,bank_2,SW202604160001,swap,2026-04-16,2026-09-21,EUR/GBP,1721969.66,2
2026-05-19,fx_pb_1,SW202604200001,swap,2026-04-20,2026-08-24,EUR/GBP,1760352.4,2
2026-05-19,fx_pb_1,FW202604240001,forward,2026-04-24,2026-09-28,EUR/USD,118147.69,1
2026-05-19,fx_pb_1,SW202604280001,swap,2026-04-28,2026-09-30,EUR/USD,4948100.53,2
2026-05-19,bank_1,FW202604300001,forward,2026-04-30,2026-10-05,EUR/GBP,1180881.45,1
2026-05-19,bank_1,FW202605040001,forward,2026-05-04,2026-07-06,EUR/USD,4669869.74,1
2026-05-19,bank_2,SW202605080001,swap,2026-05-08,2026-11-12,EUR/GBP,8461571.63,2
2026-05-19,bank_2,FW202605140001,forward,2026-05-14,2026-10-19,GBP/USD,2702262.2,1
2026-05-19,bank_2,FW202605190001,forward,2026-05-19,2026-08-21,EUR/USD,182621.86,1
2026-05-20,bank_3,SW202601020001,swap,2026-01-02,2026-06-08,EUR/GBP,1254980.74,2
2026-05-20,bank_1,SW202601020004,swap,2026-01-02,2026-06-08,EUR/GBP,8443061.21,2
2026-05-20,bank_3,SW202601060001,swap,2026-01-06,2026-06-08,GBP/USD,1634636.5,2
2026-05-20,bank_4,FW202601130001,forward,2026-01-13,2026-06-15,EUR/USD,2107158.8,1
2026-05-20,fx_pb_1,SW202601150001,swap,2026-01-15,2026-07-20,EUR/USD,1111995.99,2
2026-05-20,bank_2,SW202602090001,swap,2026-02-09,2026-06-11,EUR/GBP,2906673.85,2
2026-05-20,bank_2,SW202602130001,swap,2026-02-13,2026-08-18,GBP/USD,1755939.85,2
2026-05-20,fx_pb_1,FW202603040001,forward,2026-03-04,2026-07-06,EUR/GBP,1035673.57,1
2026-05-20,bank_4,SW202603040002,swap,2026-03-04,2026-08-06,EUR/USD,2076701.35,2
2026-05-20,bank_3,SW202603240002,swap,2026-03-24,2026-08-26,EUR/GBP,2559837.95,2
2026-05-20,bank_1,SW202603250001,swap,2026-03-25,2026-08-27,EUR/USD,1761910.96,2
2026-05-20,bank_3,FW202603270001,forward,2026-03-27,2026-06-30,GBP/USD,1465139.88,1
2026-05-20,bank_4,FW202603310001,forward,2026-03-31,2026-06-02,EUR/GBP,2697120.98,1
2026-05-20,bank_2,SW202604020001,swap,2026-04-02,2026-08-06,GBP/USD,1583716.52,2
2026-05-20,bank_1,FW202604030001,forward,2026-04-03,2026-10-07,GBP/USD,691503.79,1
2026-05-20,bank_4,FW202604090001,forward,2026-04-09,2026-08-13,GBP/USD,2598489.43,1
2026-05-20,bank_2,FW202604140001,forward,2026-04-14,2026-07-16,EUR/GBP,2342462.83,1
2026-05-20,bank_2,SW202604160001,swap,2026-04-16,2026-09-21,EUR/GBP,1721969.66,2
2026-05-20,fx_pb_1,SW202604200001,swap,2026-04-20,2026-08-24,EUR/GBP,1760352.4,2
2026-05-20,fx_pb_1,FW202604240001,forward,2026-04-24,2026-09-28,EUR/USD,118147.69,1
2026-05-20,fx_pb_1,SW202604280001,swap,2026-04-28,2026-09-30,EUR/USD,4948100.53,2
2026-05-20,bank_1,FW202604300001,forward,2026-04-30,2026-10-05,EUR/GBP,1180881.45,1
2026-05-20,bank_1,FW202605040001,forward,2026-05-04,2026-07-06,EUR/USD,4669869.74,1
2026-05-20,bank_2,SW202605080001,swap,2026-05-08,2026-11-12,EUR/GBP,8461571.63,2
2026-05-20,bank_2,FW202605140001,forward,2026-05-14,2026-10-19,GBP/USD,2702262.2,1
2026-05-20,bank_2,FW202605190001,forward,2026-05-19,2026-08-21,EUR/USD,182621.86,1
2026-05-21,bank_3,SW202601020001,swap,2026-01-02,2026-06-08,EUR/GBP,1254980.74,2
2026-05-21,bank_1,SW202601020004,swap,2026-01-02,2026-06-08,EUR/GBP,8443061.21,2
2026-05-21,bank_3,SW202601060001,swap,2026-01-06,2026-06-08,GBP/USD,1634636.5,2
2026-05-21,bank_4,FW202601130001,forward,2026-01-13,2026-06-15,EUR/USD,2107158.8,1
2026-05-21,fx_pb_1,SW202601150001,swap,2026-01-15,2026-07-20,EUR/USD,1111995.99,2
2026-05-21,bank_2,SW202602090001,swap,2026-02-09,2026-06-11,EUR/GBP,2906673.85,2
2026-05-21,bank_2,SW202602130001,swap,2026-02-13,2026-08-18,GBP/USD,1755939.85,2
2026-05-21,fx_pb_1,FW202603040001,forward,2026-03-04,2026-07-06,EUR/GBP,1035673.57,1
2026-05-21,bank_4,SW202603040002,swap,2026-03-04,2026-08-06,EUR/USD,2076701.35,2
2026-05-21,bank_3,SW202603240002,swap,2026-03-24,2026-08-26,EUR/GBP,2559837.95,2
2026-05-21,bank_1,SW202603250001,swap,2026-03-25,2026-08-27,EUR/USD,1761910.96,2
2026-05-21,bank_3,FW202603270001,forward,2026-03-27,2026-06-30,GBP/USD,1465139.88,1
2026-05-21,bank_4,FW202603310001,forward,2026-03-31,2026-06-02,EUR/GBP,2697120.98,1
2026-05-21,bank_2,SW202604020001,swap,2026-04-02,2026-08-06,GBP/USD,1583716.52,2
2026-05-21,bank_1,FW202604030001,forward,2026-04-03,2026-10-07,GBP/USD,691503.79,1
2026-05-21,bank_4,FW202604090001,forward,2026-04-09,2026-08-13,GBP/USD,2598489.43,1
2026-05-21,bank_2,FW202604140001,forward,2026-04-14,2026-07-16,EUR/GBP,2342462.83,1
2026-05-21,bank_2,SW202604160001,swap,2026-04-16,2026-09-21,EUR/GBP,1721969.66,2
2026-05-21,fx_pb_1,SW202604200001,swap,2026-04-20,2026-08-24,EUR/GBP,1760352.4,2
2026-05-21,fx_pb_1,FW202604240001,forward,2026-04-24,2026-09-28,EUR/USD,118147.69,1
2026-05-21,fx_pb_1,SW202604280001,swap,2026-04-28,2026-09-30,EUR/USD,4948100.53,2
2026-05-21,bank_1,FW202604300001,forward,2026-04-30,2026-10-05,EUR/GBP,1180881.45,1
2026-05-21,bank_1,FW202605040001,forward,2026-05-04,2026-07-06,EUR/USD,4669869.74,1
2026-05-21,bank_2,SW202605080001,swap,2026-05-08,2026-11-12,EUR/GBP,8461571.63,2
2026-05-21,bank_2,FW202605140001,forward,2026-05-14,2026-10-19,GBP/USD,2702262.2,1
2026-05-21,bank_2,FW202605190001,forward,2026-05-19,2026-08-21,EUR/USD,182621.86,1
2026-05-21,bank_4,SP202605210001,spot,2026-05-21,2026-05-26,EUR/GBP,984021.74,1
2026-05-22,bank_3,SW202601020001,swap,2026-01-02,2026-06-08,EUR/GBP,1254980.74,2
2026-05-22,bank_1,SW202601020004,swap,2026-01-02,2026-06-08,EUR/GBP,8443061.21,2
2026-05-22,bank_3,SW202601060001,swap,2026-01-06,2026-06-08,GBP/USD,1634636.5,2
2026-05-22,bank_4,FW202601130001,forward,2026-01-13,2026-06-15,EUR/USD,2107158.8,1
2026-05-22,fx_pb_1,SW202601150001,swap,2026-01-15,2026-07-20,EUR/USD,1111995.99,2
2026-05-22,bank_2,SW202602090001,swap,2026-02-09,2026-06-11,EUR/GBP,2906673.85,2
2026-05-22,bank_2,SW202602130001,swap,2026-02-13,2026-08-18,GBP/USD,1755939.85,2
2026-05-22,fx_pb_1,FW202603040001,forward,2026-03-04,2026-07-06,EUR/GBP,1035673.57,1
2026-05-22,bank_4,SW202603040002,swap,2026-03-04,2026-08-06,EUR/USD,2076701.35,2
2026-05-22,bank_3,SW202603240002,swap,2026-03-24,2026-08-26,EUR/GBP,2559837.95,2
2026-05-22,bank_1,SW202603250001,swap,2026-03-25,2026-08-27,EUR/USD,1761910.96,2
2026-05-22,bank_3,FW202603270001,forward,2026-03-27,2026-06-30,GBP/USD,1465139.88,1
2026-05-22,bank_4,FW202603310001,forward,2026-03-31,2026-06-02,EUR/GBP,2697120.98,1
2026-05-22,bank_2,SW202604020001,swap,2026-04-02,2026-08-06,GBP/USD,1583716.52,2
2026-05-22,bank_1,FW202604030001,forward,2026-04-03,2026-10-07,GBP/USD,691503.79,1
2026-05-22,bank_4,FW202604090001,forward,2026-04-09,2026-08-13,GBP/USD,2598489.43,1
2026-05-22,bank_2,FW202604140001,forward,2026-04-14,2026-07-16,EUR/GBP,2342462.83,1
2026-05-22,bank_2,SW202604160001,swap,2026-04-16,2026-09-21,EUR/GBP,1721969.66,2
2026-05-22,fx_pb_1,SW202604200001,swap,2026-04-20,2026-08-24,EUR/GBP,1760352.4,2
2026-05-22,fx_pb_1,FW202604240001,forward,2026-04-24,2026-09-28,EUR/USD,118147.69,1
2026-05-22,fx_pb_1,SW202604280001,swap,2026-04-28,2026-09-30,EUR/USD,4948100.53,2
2026-05-22,bank_1,FW202604300001,forward,2026-04-30,2026-10-05,EUR/GBP,1180881.45,1
2026-05-22,bank_1,FW202605040001,forward,2026-05-04,2026-07-06,EUR/USD,4669869.74,1
2026-05-22,bank_2,SW202605080001,swap,2026-05-08,2026-11-12,EUR/GBP,8461571.63,2
2026-05-22,bank_2,FW202605140001,forward,2026-05-14,2026-10-19,GBP/USD,2702262.2,1
2026-05-22,bank_2,FW202605190001,forward,2026-05-19,2026-08-21,EUR/USD,182621.86,1
2026-05-22,bank_4,SP202605210001,spot,2026-05-21,2026-05-26,EUR/GBP,984021.74,1
2026-05-22,bank_3,SW202605220001,swap,2026-05-22,2026-05-27,EUR/USD,1290260.51,1
2026-05-22,bank_3,SW202605220001,swap,2026-05-22,2026-09-28,EUR/USD,1301770.26,2
2026-05-26,bank_3,SW202601020001,swap,2026-01-02,2026-06-08,EUR/GBP,1254980.74,2
2026-05-26,bank_1,SW202601020004,swap,2026-01-02,2026-06-08,EUR/GBP,8443061.21,2
2026-05-26,bank_3,SW202601060001,swap,2026-01-06,2026-06-08,GBP/USD,1634636.5,2
2026-05-26,bank_4,FW202601130001,forward,2026-01-13,2026-06-15,EUR/USD,2107158.8,1
2026-05-26,fx_pb_1,SW202601150001,swap,2026-01-15,2026-07-20,EUR/USD,1111995.99,2
2026-05-26,bank_2,SW202602090001,swap,2026-02-09,2026-06-11,EUR/GBP,2906673.85,2
2026-05-26,bank_2,SW202602130001,swap,2026-02-13,2026-08-18,GBP/USD,1755939.85,2
2026-05-26,fx_pb_1,FW202603040001,forward,2026-03-04,2026-07-06,EUR/GBP,1035673.57,1
2026-05-26,bank_4,SW202603040002,swap,2026-03-04,2026-08-06,EUR/USD,2076701.35,2
2026-05-26,bank_3,SW202603240002,swap,2026-03-24,2026-08-26,EUR/GBP,2559837.95,2
2026-05-26,bank_1,SW202603250001,swap,2026-03-25,2026-08-27,EUR/USD,1761910.96,2
2026-05-26,bank_3,FW202603270001,forward,2026-03-27,2026-06-30,GBP/USD,1465139.88,1
2026-05-26,bank_4,FW202603310001,forward,2026-03-31,2026-06-02,EUR/GBP,2697120.98,1
2026-05-26,bank_2,SW202604020001,swap,2026-04-02,2026-08-06,GBP/USD,1583716.52,2
2026-05-26,bank_1,FW202604030001,forward,2026-04-03,2026-10-07,GBP/USD,691503.79,1
2026-05-26,bank_4,FW202604090001,forward,2026-04-09,2026-08-13,GBP/USD,2598489.43,1
2026-05-26,bank_2,FW202604140001,forward,2026-04-14,2026-07-16,EUR/GBP,2342462.83,1
2026-05-26,bank_2,SW202604160001,swap,2026-04-16,2026-09-21,EUR/GBP,1721969.66,2
2026-05-26,fx_pb_1,SW202604200001,swap,2026-04-20,2026-08-24,EUR/GBP,1760352.4,2
2026-05-26,fx_pb_1,FW202604240001,forward,2026-04-24,2026-09-28,EUR/USD,118147.69,1
2026-05-26,fx_pb_1,SW202604280001,swap,2026-04-28,2026-09-30,EUR/USD,4948100.53,2
2026-05-26,bank_1,FW202604300001,forward,2026-04-30,2026-10-05,EUR/GBP,1180881.45,1
2026-05-26,bank_1,FW202605040001,forward,2026-05-04,2026-07-06,EUR/USD,4669869.74,1
2026-05-26,bank_2,SW202605080001,swap,2026-05-08,2026-11-12,EUR/GBP,8461571.63,2
2026-05-26,bank_2,FW202605140001,forward,2026-05-14,2026-10-19,GBP/USD,2702262.2,1
2026-05-26,bank_2,FW202605190001,forward,2026-05-19,2026-08-21,EUR/USD,182621.86,1
2026-05-26,bank_3,SW202605220001,swap,2026-05-22,2026-05-27,EUR/USD,1290260.51,1
2026-05-26,bank_3,SW202605220001,swap,2026-05-22,2026-09-28,EUR/USD,1301770.26,2
2026-05-26,bank_4,SP202605260001,spot,2026-05-26,2026-05-28,EUR/USD,1609409.21,1
2026-05-27,bank_3,SW202601020001,swap,2026-01-02,2026-06-08,EUR/GBP,1254980.74,2
2026-05-27,bank_1,SW202601020004,swap,2026-01-02,2026-06-08,EUR/GBP,8443061.21,2
2026-05-27,bank_3,SW202601060001,swap,2026-01-06,2026-06-08,GBP/USD,1634636.5,2
2026-05-27,bank_4,FW202601130001,forward,2026-01-13,2026-06-15,EUR/USD,2107158.8,1
2026-05-27,fx_pb_1,SW202601150001,swap,2026-01-15,2026-07-20,EUR/USD,1111995.99,2
2026-05-27,bank_2,SW202602090001,swap,2026-02-09,2026-06-11,EUR/GBP,2906673.85,2
2026-05-27,bank_2,SW202602130001,swap,2026-02-13,2026-08-18,GBP/USD,1755939.85,2
2026-05-27,fx_pb_1,FW202603040001,forward,2026-03-04,2026-07-06,EUR/GBP,1035673.57,1
2026-05-27,bank_4,SW202603040002,swap,2026-03-04,2026-08-06,EUR/USD,2076701.35,2
2026-05-27,bank_3,SW202603240002,swap,2026-03-24,2026-08-26,EUR/GBP,2559837.95,2
2026-05-27,bank_1,SW202603250001,swap,2026-03-25,2026-08-27,EUR/USD,1761910.96,2
2026-05-27,bank_3,FW202603270001,forward,2026-03-27,2026-06-30,GBP/USD,1465139.88,1
2026-05-27,bank_4,FW202603310001,forward,2026-03-31,2026-06-02,EUR/GBP,2697120.98,1
2026-05-27,bank_2,SW202604020001,swap,2026-04-02,2026-08-06,GBP/USD,1583716.52,2
2026-05-27,bank_1,FW202604030001,forward,2026-04-03,2026-10-07,GBP/USD,691503.79,1
2026-05-27,bank_4,FW202604090001,forward,2026-04-09,2026-08-13,GBP/USD,2598489.43,1
2026-05-27,bank_2,FW202604140001,forward,2026-04-14,2026-07-16,EUR/GBP,2342462.83,1
2026-05-27,bank_2,SW202604160001,swap,2026-04-16,2026-09-21,EUR/GBP,1721969.66,2
2026-05-27,fx_pb_1,SW202604200001,swap,2026-04-20,2026-08-24,EUR/GBP,1760352.4,2
2026-05-27,fx_pb_1,FW202604240001,forward,2026-04-24,2026-09-28,EUR/USD,118147.69,1
2026-05-27,fx_pb_1,SW202604280001,swap,2026-04-28,2026-09-30,EUR/USD,4948100.53,2
2026-05-27,bank_1,FW202604300001,forward,2026-04-30,2026-10-05,EUR/GBP,1180881.45,1
2026-05-27,bank_1,FW202605040001,forward,2026-05-04,2026-07-06,EUR/USD,4669869.74,1
2026-05-27,bank_2,SW202605080001,swap,2026-05-08,2026-11-12,EUR/GBP,8461571.63,2
2026-05-27,bank_2,FW202605140001,forward,2026-05-14,2026-10-19,GBP/USD,2702262.2,1
2026-05-27,bank_2,FW202605190001,forward,2026-05-19,2026-08-21,EUR/USD,182621.86,1
2026-05-27,bank_3,SW202605220001,swap,2026-05-22,2026-09-28,EUR/USD,1301770.26,2
2026-05-27,bank_4,SP202605260001,spot,2026-05-26,2026-05-28,EUR/USD,1609409.21,1
2026-05-27,bank_3,FW202605270001,forward,2026-05-27,2026-09-29,GBP/USD,1817566.22,1
2026-05-27,bank_4,FW202605270002,forward,2026-05-27,2026-07-29,GBP/USD,112760.01,1
2026-05-28,bank_3,SW202601020001,swap,2026-01-02,2026-06-08,EUR/GBP,1254980.74,2
2026-05-28,bank_1,SW202601020004,swap,2026-01-02,2026-06-08,EUR/GBP,8443061.21,2
2026-05-28,bank_3,SW202601060001,swap,2026-01-06,2026-06-08,GBP/USD,1634636.5,2
2026-05-28,bank_4,FW202601130001,forward,2026-01-13,2026-06-15,EUR/USD,2107158.8,1
2026-05-28,fx_pb_1,SW202601150001,swap,2026-01-15,2026-07-20,EUR/USD,1111995.99,2
2026-05-28,bank_2,SW202602090001,swap,2026-02-09,2026-06-11,EUR/GBP,2906673.85,2
2026-05-28,bank_2,SW202602130001,swap,2026-02-13,2026-08-18,GBP/USD,1755939.85,2
2026-05-28,fx_pb_1,FW202603040001,forward,2026-03-04,2026-07-06,EUR/GBP,1035673.57,1
2026-05-28,bank_4,SW202603040002,swap,2026-03-04,2026-08-06,EUR/USD,2076701.35,2
2026-05-28,bank_3,SW202603240002,swap,2026-03-24,2026-08-26,EUR/GBP,2559837.95,2
2026-05-28,bank_1,SW202603250001,swap,2026-03-25,2026-08-27,EUR/USD,1761910.96,2
2026-05-28,bank_3,FW202603270001,forward,2026-03-27,2026-06-30,GBP/USD,1465139.88,1
2026-05-28,bank_4,FW202603310001,forward,2026-03-31,2026-06-02,EUR/GBP,2697120.98,1
2026-05-28,bank_2,SW202604020001,swap,2026-04-02,2026-08-06,GBP/USD,1583716.52,2
2026-05-28,bank_1,FW202604030001,forward,2026-04-03,2026-10-07,GBP/USD,691503.79,1
2026-05-28,bank_4,FW202604090001,forward,2026-04-09,2026-08-13,GBP/USD,2598489.43,1
2026-05-28,bank_2,FW202604140001,forward,2026-04-14,2026-07-16,EUR/GBP,2342462.83,1
2026-05-28,bank_2,SW202604160001,swap,2026-04-16,2026-09-21,EUR/GBP,1721969.66,2
2026-05-28,fx_pb_1,SW202604200001,swap,2026-04-20,2026-08-24,EUR/GBP,1760352.4,2
2026-05-28,fx_pb_1,FW202604240001,forward,2026-04-24,2026-09-28,EUR/USD,118147.69,1
2026-05-28,fx_pb_1,SW202604280001,swap,2026-04-28,2026-09-30,EUR/USD,4948100.53,2
2026-05-28,bank_1,FW202604300001,forward,2026-04-30,2026-10-05,EUR/GBP,1180881.45,1
2026-05-28,bank_1,FW202605040001,forward,2026-05-04,2026-07-06,EUR/USD,4669869.74,1
2026-05-28,bank_2,SW202605080001,swap,2026-05-08,2026-11-12,EUR/GBP,8461571.63,2
2026-05-28,bank_2,FW202605140001,forward,2026-05-14,2026-10-19,GBP/USD,2702262.2,1
2026-05-28,bank_2,FW202605190001,forward,2026-05-19,2026-08-21,EUR/USD,182621.86,1
2026-05-28,bank_3,SW202605220001,swap,2026-05-22,2026-09-28,EUR/USD,1301770.26,2
2026-05-28,bank_3,FW202605270001,forward,2026-05-27,2026-09-29,GBP/USD,1817566.22,1
2026-05-28,bank_4,FW202605270002,forward,2026-05-27,2026-07-29,GBP/USD,112760.01,1
2026-05-28,fx_pb_1,SP202605280001,spot,2026-05-28,2026-06-01,EUR/USD,2404004.36,1
2026-05-29,bank_3,SW202601020001,swap,2026-01-02,2026-06-08,EUR/GBP,1254980.74,2
2026-05-29,bank_1,SW202601020004,swap,2026-01-02,2026-06-08,EUR/GBP,8443061.21,2
2026-05-29,bank_3,SW202601060001,swap,2026-01-06,2026-06-08,GBP/USD,1634636.5,2
2026-05-29,bank_4,FW202601130001,forward,2026-01-13,2026-06-15,EUR/USD,2107158.8,1
2026-05-29,fx_pb_1,SW202601150001,swap,2026-01-15,2026-07-20,EUR/USD,1111995.99,2
2026-05-29,bank_2,SW202602090001,swap,2026-02-09,2026-06-11,EUR/GBP,2906673.85,2
2026-05-29,bank_2,SW202602130001,swap,2026-02-13,2026-08-18,GBP/USD,1755939.85,2
2026-05-29,fx_pb_1,FW202603040001,forward,2026-03-04,2026-07-06,EUR/GBP,1035673.57,1
2026-05-29,bank_4,SW202603040002,swap,2026-03-04,2026-08-06,EUR/USD,2076701.35,2
2026-05-29,bank_3,SW202603240002,swap,2026-03-24,2026-08-26,EUR/GBP,2559837.95,2
2026-05-29,bank_1,SW202603250001,swap,2026-03-25,2026-08-27,EUR/USD,1761910.96,2
2026-05-29,bank_3,FW202603270001,forward,2026-03-27,2026-06-30,GBP/USD,1465139.88,1
2026-05-29,bank_4,FW202603310001,forward,2026-03-31,2026-06-02,EUR/GBP,2697120.98,1
2026-05-29,bank_2,SW202604020001,swap,2026-04-02,2026-08-06,GBP/USD,1583716.52,2
2026-05-29,bank_1,FW202604030001,forward,2026-04-03,2026-10-07,GBP/USD,691503.79,1
2026-05-29,bank_4,FW202604090001,forward,2026-04-09,2026-08-13,GBP/USD,2598489.43,1
2026-05-29,bank_2,FW202604140001,forward,2026-04-14,2026-07-16,EUR/GBP,2342462.83,1
2026-05-29,bank_2,SW202604160001,swap,2026-04-16,2026-09-21,EUR/GBP,1721969.66,2
2026-05-29,fx_pb_1,SW202604200001,swap,2026-04-20,2026-08-24,EUR/GBP,1760352.4,2
2026-05-29,fx_pb_1,FW202604240001,forward,2026-04-24,2026-09-28,EUR/USD,118147.69,1
2026-05-29,fx_pb_1,SW202604280001,swap,2026-04-28,2026-09-30,EUR/USD,4948100.53,2
2026-05-29,bank_1,FW202604300001,forward,2026-04-30,2026-10-05,EUR/GBP,1180881.45,1
2026-05-29,bank_1,FW202605040001,forward,2026-05-04,2026-07-06,EUR/USD,4669869.74,1
2026-05-29,bank_2,SW202605080001,swap,2026-05-08,2026-11-12,EUR/GBP,8461571.63,2
2026-05-29,bank_2,FW202605140001,forward,2026-05-14,2026-10-19,GBP/USD,2702262.2,1
2026-05-29,bank_2,FW202605190001,forward,2026-05-19,2026-08-21,EUR/USD,182621.86,1
2026-05-29,bank_3,SW202605220001,swap,2026-05-22,2026-09-28,EUR/USD,1301770.26,2
2026-05-29,bank_3,FW202605270001,forward,2026-05-27,2026-09-29,GBP/USD,1817566.22,1
2026-05-29,bank_4,FW202605270002,forward,2026-05-27,2026-07-29,GBP/USD,112760.01,1
2026-05-29,fx_pb_1,SP202605280001,spot,2026-05-28,2026-06-01,EUR/USD,2404004.36,1
2026-05-29,bank_4,FW202605290001,forward,2026-05-29,2026-09-02,GBP/USD,2574864.44,1
2026-06-01,bank_3,SW202601020001,swap,2026-01-02,2026-06-08,EUR/GBP,1254980.74,2
2026-06-01,bank_1,SW202601020004,swap,2026-01-02,2026-06-08,EUR/GBP,8443061.21,2
2026-06-01,bank_3,SW202601060001,swap,2026-01-06,2026-06-08,GBP/USD,1634636.5,2
2026-06-01,bank_4,FW202601130001,forward,2026-01-13,2026-06-15,EUR/USD,2107158.8,1
2026-06-01,fx_pb_1,SW202601150001,swap,2026-01-15,2026-07-20,EUR/USD,1111995.99,2
2026-06-01,bank_2,SW202602090001,swap,2026-02-09,2026-06-11,EUR/GBP,2906673.85,2
2026-06-01,bank_2,SW202602130001,swap,2026-02-13,2026-08-18,GBP/USD,1755939.85,2
2026-06-01,fx_pb_1,FW202603040001,forward,2026-03-04,2026-07-06,EUR/GBP,1035673.57,1
2026-06-01,bank_4,SW202603040002,swap,2026-03-04,2026-08-06,EUR/USD,2076701.35,2
2026-06-01,bank_3,SW202603240002,swap,2026-03-24,2026-08-26,EUR/GBP,2559837.95,2
2026-06-01,bank_1,SW202603250001,swap,2026-03-25,2026-08-27,EUR/USD,1761910.96,2
2026-06-01,bank_3,FW202603270001,forward,2026-03-27,2026-06-30,GBP/USD,1465139.88,1
2026-06-01,bank_4,FW202603310001,forward,2026-03-31,2026-06-02,EUR/GBP,2697120.98,1
2026-06-01,bank_2,SW202604020001,swap,2026-04-02,2026-08-06,GBP/USD,1583716.52,2
2026-06-01,bank_1,FW202604030001,forward,2026-04-03,2026-10-07,GBP/USD,691503.79,1
2026-06-01,bank_4,FW202604090001,forward,2026-04-09,2026-08-13,GBP/USD,2598489.43,1
2026-06-01,bank_2,FW202604140001,forward,2026-04-14,2026-07-16,EUR/GBP,2342462.83,1
2026-06-01,bank_2,SW202604160001,swap,2026-04-16,2026-09-21,EUR/GBP,1721969.66,2
2026-06-01,fx_pb_1,SW202604200001,swap,2026-04-20,2026-08-24,EUR/GBP,1760352.4,2
2026-06-01,fx_pb_1,FW202604240001,forward,2026-04-24,2026-09-28,EUR/USD,118147.69,1
2026-06-01,fx_pb_1,SW202604280001,swap,2026-04-28,2026-09-30,EUR/USD,4948100.53,2
2026-06-01,bank_1,FW202604300001,forward,2026-04-30,2026-10-05,EUR/GBP,1180881.45,1
2026-06-01,bank_1,FW202605040001,forward,2026-05-04,2026-07-06,EUR/USD,4669869.74,1
2026-06-01,bank_2,SW202605080001,swap,2026-05-08,2026-11-12,EUR/GBP,8461571.63,2
2026-06-01,bank_2,FW202605140001,forward,2026-05-14,2026-10-19,GBP/USD,2702262.2,1
2026-06-01,bank_2,FW202605190001,forward,2026-05-19,2026-08-21,EUR/USD,182621.86,1
2026-06-01,bank_3,SW202605220001,swap,2026-05-22,2026-09-28,EUR/USD,1301770.26,2
2026-06-01,bank_3,FW202605270001,forward,2026-05-27,2026-09-29,GBP/USD,1817566.22,1
2026-06-01,bank_4,FW202605270002,forward,2026-05-27,2026-07-29,GBP/USD,112760.01,1
2026-06-01,bank_4,FW202605290001,forward,2026-05-29,2026-09-02,GBP/USD,2574864.44,1
2026-06-02,bank_3,SW202601020001,swap,2026-01-02,2026-06-08,EUR/GBP,1254980.74,2
2026-06-02,bank_1,SW202601020004,swap,2026-01-02,2026-06-08,EUR/GBP,8443061.21,2
2026-06-02,bank_3,SW202601060001,swap,2026-01-06,2026-06-08,GBP/USD,1634636.5,2
2026-06-02,bank_4,FW202601130001,forward,2026-01-13,2026-06-15,EUR/USD,2107158.8,1
2026-06-02,fx_pb_1,SW202601150001,swap,2026-01-15,2026-07-20,EUR/USD,1111995.99,2
2026-06-02,bank_2,SW202602090001,swap,2026-02-09,2026-06-11,EUR/GBP,2906673.85,2
2026-06-02,bank_2,SW202602130001,swap,2026-02-13,2026-08-18,GBP/USD,1755939.85,2
2026-06-02,fx_pb_1,FW202603040001,forward,2026-03-04,2026-07-06,EUR/GBP,1035673.57,1
2026-06-02,bank_4,SW202603040002,swap,2026-03-04,2026-08-06,EUR/USD,2076701.35,2
2026-06-02,bank_3,SW202603240002,swap,2026-03-24,2026-08-26,EUR/GBP,2559837.95,2
2026-06-02,bank_1,SW202603250001,swap,2026-03-25,2026-08-27,EUR/USD,1761910.96,2
2026-06-02,bank_3,FW202603270001,forward,2026-03-27,2026-06-30,GBP/USD,1465139.88,1
2026-06-02,bank_2,SW202604020001,swap,2026-04-02,2026-08-06,GBP/USD,1583716.52,2
2026-06-02,bank_1,FW202604030001,forward,2026-04-03,2026-10-07,GBP/USD,691503.79,1
2026-06-02,bank_4,FW202604090001,forward,2026-04-09,2026-08-13,GBP/USD,2598489.43,1
2026-06-02,bank_2,FW202604140001,forward,2026-04-14,2026-07-16,EUR/GBP,2342462.83,1
2026-06-02,bank_2,SW202604160001,swap,2026-04-16,2026-09-21,EUR/GBP,1721969.66,2
2026-06-02,fx_pb_1,SW202604200001,swap,2026-04-20,2026-08-24,EUR/GBP,1760352.4,2
2026-06-02,fx_pb_1,FW202604240001,forward,2026-04-24,2026-09-28,EUR/USD,118147.69,1
2026-06-02,fx_pb_1,SW202604280001,swap,2026-04-28,2026-09-30,EUR/USD,4948100.53,2
2026-06-02,bank_1,FW202604300001,forward,2026-04-30,2026-10-05,EUR/GBP,1180881.45,1
2026-06-02,bank_1,FW202605040001,forward,2026-05-04,2026-07-06,EUR/USD,4669869.74,1
2026-06-02,bank_2,SW202605080001,swap,2026-05-08,2026-11-12,EUR/GBP,8461571.63,2
2026-06-02,bank_2,FW202605140001,forward,2026-05-14,2026-10-19,GBP/USD,2702262.2,1
2026-06-02,bank_2,FW202605190001,forward,2026-05-19,2026-08-21,EUR/USD,182621.86,1
2026-06-02,bank_3,SW202605220001,swap,2026-05-22,2026-09-28,EUR/USD,1301770.26,2
2026-06-02,bank_3,FW202605270001,forward,2026-05-27,2026-09-29,GBP/USD,1817566.22,1
2026-06-02,bank_4,FW202605270002,forward,2026-05-27,2026-07-29,GBP/USD,112760.01,1
2026-06-02,bank_4,FW202605290001,forward,2026-05-29,2026-09-02,GBP/USD,2574864.44,1
2026-06-02,bank_1,FW202606020001,forward,2026-06-02,2026-07-06,EUR/USD,873594.57,1
2026-06-02,fx_pb_1,SP202606020002,spot,2026-06-02,2026-06-04,GBP/USD,451114.7,1
2026-06-02,bank_4,SP202606020003,spot,2026-06-02,2026-06-04,GBP/USD,8995836.17,1
2026-06-03,bank_3,SW202601020001,swap,2026-01-02,2026-06-08,EUR/GBP,1254980.74,2
2026-06-03,bank_1,SW202601020004,swap,2026-01-02,2026-06-08,EUR/GBP,8443061.21,2
2026-06-03,bank_3,SW202601060001,swap,2026-01-06,2026-06-08,GBP/USD,1634636.5,2
2026-06-03,bank_4,FW202601130001,forward,2026-01-13,2026-06-15,EUR/USD,2107158.8,1
2026-06-03,fx_pb_1,SW202601150001,swap,2026-01-15,2026-07-20,EUR/USD,1111995.99,2
2026-06-03,bank_2,SW202602090001,swap,2026-02-09,2026-06-11,EUR/GBP,2906673.85,2
2026-06-03,bank_2,SW202602130001,swap,2026-02-13,2026-08-18,GBP/USD,1755939.85,2
2026-06-03,fx_pb_1,FW202603040001,forward,2026-03-04,2026-07-06,EUR/GBP,1035673.57,1
2026-06-03,bank_4,SW202603040002,swap,2026-03-04,2026-08-06,EUR/USD,2076701.35,2
2026-06-03,bank_3,SW202603240002,swap,2026-03-24,2026-08-26,EUR/GBP,2559837.95,2
2026-06-03,bank_1,SW202603250001,swap,2026-03-25,2026-08-27,EUR/USD,1761910.96,2
2026-06-03,bank_3,FW202603270001,forward,2026-03-27,2026-06-30,GBP/USD,1465139.88,1
2026-06-03,bank_2,SW202604020001,swap,2026-04-02,2026-08-06,GBP/USD,1583716.52,2
2026-06-03,bank_1,FW202604030001,forward,2026-04-03,2026-10-07,GBP/USD,691503.79,1
2026-06-03,bank_4,FW202604090001,forward,2026-04-09,2026-08-13,GBP/USD,2598489.43,1
2026-06-03,bank_2,FW202604140001,forward,2026-04-14,2026-07-16,EUR/GBP,2342462.83,1
2026-06-03,bank_2,SW202604160001,swap,2026-04-16,2026-09-21,EUR/GBP,1721969.66,2
2026-06-03,fx_pb_1,SW202604200001,swap,2026-04-20,2026-08-24,EUR/GBP,1760352.4,2
2026-06-03,fx_pb_1,FW202604240001,forward,2026-04-24,2026-09-28,EUR/USD,118147.69,1
2026-06-03,fx_pb_1,SW202604280001,swap,2026-04-28,2026-09-30,EUR/USD,4948100.53,2
2026-06-03,bank_1,FW202604300001,forward,2026-04-30,2026-10-05,EUR/GBP,1180881.45,1
2026-06-03,bank_1,FW202605040001,forward,2026-05-04,2026-07-06,EUR/USD,4669869.74,1
2026-06-03,bank_2,SW202605080001,swap,2026-05-08,2026-11-12,EUR/GBP,8461571.63,2
2026-06-03,bank_2,FW202605140001,forward,2026-05-14,2026-10-19,GBP/USD,2702262.2,1
2026-06-03,bank_2,FW202605190001,forward,2026-05-19,2026-08-21,EUR/USD,182621.86,1
2026-06-03,bank_3,SW202605220001,swap,2026-05-22,2026-09-28,EUR/USD,1301770.26,2
2026-06-03,bank_3,FW202605270001,forward,2026-05-27,2026-09-29,GBP/USD,1817566.22,1
2026-06-03,bank_4,FW202605270002,forward,2026-05-27,2026-07-29,GBP/USD,112760.01,1
2026-06-03,bank_4,FW202605290001,forward,2026-05-29,2026-09-02,GBP/USD,2574864.44,1
2026-06-03,bank_1,FW202606020001,forward,2026-06-02,2026-07-06,EUR/USD,873594.57,1
2026-06-03,fx_pb_1,SP202606020002,spot,2026-06-02,2026-06-04,GBP/USD,451114.7,1
2026-06-03,bank_4,SP202606020003,spot,2026-06-02,2026-06-04,GBP/USD,8995836.17,1
2026-06-03,fx_pb_1,SP202606030001,spot,2026-06-03,2026-06-05,EUR/USD,491935.49,1
2026-06-03,bank_4,SW202606030002,swap,2026-06-03,2026-06-05,GBP/USD,1621923.02,1
2026-06-03,bank_4,SW202606030002,swap,2026-06-03,2026-11-05,GBP/USD,1628586.09,2
2026-06-04,bank_3,SW202601020001,swap,2026-01-02,2026-06-08,EUR/GBP,1254980.74,2
2026-06-04,bank_1,SW202601020004,swap,2026-01-02,2026-06-08,EUR/GBP,8443061.21,2
2026-06-04,bank_3,SW202601060001,swap,2026-01-06,2026-06-08,GBP/USD,1634636.5,2
2026-06-04,bank_4,FW202601130001,forward,2026-01-13,2026-06-15,EUR/USD,2107158.8,1
2026-06-04,fx_pb_1,SW202601150001,swap,2026-01-15,2026-07-20,EUR/USD,1111995.99,2
2026-06-04,bank_2,SW202602090001,swap,2026-02-09,2026-06-11,EUR/GBP,2906673.85,2
2026-06-04,bank_2,SW202602130001,swap,2026-02-13,2026-08-18,GBP/USD,1755939.85,2
2026-06-04,fx_pb_1,FW202603040001,forward,2026-03-04,2026-07-06,EUR/GBP,1035673.57,1
2026-06-04,bank_4,SW202603040002,swap,2026-03-04,2026-08-06,EUR/USD,2076701.35,2
2026-06-04,bank_3,SW202603240002,swap,2026-03-24,2026-08-26,EUR/GBP,2559837.95,2
2026-06-04,bank_1,SW202603250001,swap,2026-03-25,2026-08-27,EUR/USD,1761910.96,2
2026-06-04,bank_3,FW202603270001,forward,2026-03-27,2026-06-30,GBP/USD,1465139.88,1
2026-06-04,bank_2,SW202604020001,swap,2026-04-02,2026-08-06,GBP/USD,1583716.52,2
2026-06-04,bank_1,FW202604030001,forward,2026-04-03,2026-10-07,GBP/USD,691503.79,1
2026-06-04,bank_4,FW202604090001,forward,2026-04-09,2026-08-13,GBP/USD,2598489.43,1
2026-06-04,bank_2,FW202604140001,forward,2026-04-14,2026-07-16,EUR/GBP,2342462.83,1
2026-06-04,bank_2,SW202604160001,swap,2026-04-16,2026-09-21,EUR/GBP,1721969.66,2
2026-06-04,fx_pb_1,SW202604200001,swap,2026-04-20,2026-08-24,EUR/GBP,1760352.4,2
2026-06-04,fx_pb_1,FW202604240001,forward,2026-04-24,2026-09-28,EUR/USD,118147.69,1
2026-06-04,fx_pb_1,SW202604280001,swap,2026-04-28,2026-09-30,EUR/USD,4948100.53,2
2026-06-04,bank_1,FW202604300001,forward,2026-04-30,2026-10-05,EUR/GBP,1180881.45,1
2026-06-04,bank_1,FW202605040001,forward,2026-05-04,2026-07-06,EUR/USD,4669869.74,1
2026-06-04,bank_2,SW202605080001,swap,2026-05-08,2026-11-12,EUR/GBP,8461571.63,2
2026-06-04,bank_2,FW202605140001,forward,2026-05-14,2026-10-19,GBP/USD,2702262.2,1
2026-06-04,bank_2,FW202605190001,forward,2026-05-19,2026-08-21,EUR/USD,182621.86,1
2026-06-04,bank_3,SW202605220001,swap,2026-05-22,2026-09-28,EUR/USD,1301770.26,2
2026-06-04,bank_3,FW202605270001,forward,2026-05-27,2026-09-29,GBP/USD,1817566.22,1
2026-06-04,bank_4,FW202605270002,forward,2026-05-27,2026-07-29,GBP/USD,112760.01,1
2026-06-04,bank_4,FW202605290001,forward,2026-05-29,2026-09-02,GBP/USD,2574864.44,1
2026-06-04,bank_1,FW202606020001,forward,2026-06-02,2026-07-06,EUR/USD,873594.57,1
2026-06-04,fx_pb_1,SP202606030001,spot,2026-06-03,2026-06-05,EUR/USD,491935.49,1
2026-06-04,bank_4,SW202606030002,swap,2026-06-03,2026-06-05,GBP/USD,1621923.02,1
2026-06-04,bank_4,SW202606030002,swap,2026-06-03,2026-11-05,GBP/USD,1628586.09,2
2026-06-04,bank_2,FW202606040001,forward,2026-06-04,2026-11-09,EUR/GBP,81358.65,1
2026-06-05,bank_3,SW202601020001,swap,2026-01-02,2026-06-08,EUR/GBP,1254980.74,2
2026-06-05,bank_1,SW202601020004,swap,2026-01-02,2026-06-08,EUR/GBP,8443061.21,2
2026-06-05,bank_3,SW202601060001,swap,2026-01-06,2026-06-08,GBP/USD,1634636.5,2
2026-06-05,bank_4,FW202601130001,forward,2026-01-13,2026-06-15,EUR/USD,2107158.8,1
2026-06-05,fx_pb_1,SW202601150001,swap,2026-01-15,2026-07-20,EUR/USD,1111995.99,2
2026-06-05,bank_2,SW202602090001,swap,2026-02-09,2026-06-11,EUR/GBP,2906673.85,2
2026-06-05,bank_2,SW202602130001,swap,2026-02-13,2026-08-18,GBP/USD,1755939.85,2
2026-06-05,fx_pb_1,FW202603040001,forward,2026-03-04,2026-07-06,EUR/GBP,1035673.57,1
2026-06-05,bank_4,SW202603040002,swap,2026-03-04,2026-08-06,EUR/USD,2076701.35,2
2026-06-05,bank_3,SW202603240002,swap,2026-03-24,2026-08-26,EUR/GBP,2559837.95,2
2026-06-05,bank_1,SW202603250001,swap,2026-03-25,2026-08-27,EUR/USD,1761910.96,2
2026-06-05,bank_3,FW202603270001,forward,2026-03-27,2026-06-30,GBP/USD,1465139.88,1
2026-06-05,bank_2,SW202604020001,swap,2026-04-02,2026-08-06,GBP/USD,1583716.52,2
2026-06-05,bank_1,FW202604030001,forward,2026-04-03,2026-10-07,GBP/USD,691503.79,1
2026-06-05,bank_4,FW202604090001,forward,2026-04-09,2026-08-13,GBP/USD,2598489.43,1
2026-06-05,bank_2,FW202604140001,forward,2026-04-14,2026-07-16,EUR/GBP,2342462.83,1
2026-06-05,bank_2,SW202604160001,swap,2026-04-16,2026-09-21,EUR/GBP,1721969.66,2
2026-06-05,fx_pb_1,SW202604200001,swap,2026-04-20,2026-08-24,EUR/GBP,1760352.4,2
2026-06-05,fx_pb_1,FW202604240001,forward,2026-04-24,2026-09-28,EUR/USD,118147.69,1
2026-06-05,fx_pb_1,SW202604280001,swap,2026-04-28,2026-09-30,EUR/USD,4948100.53,2
2026-06-05,bank_1,FW202604300001,forward,2026-04-30,2026-10-05,EUR/GBP,1180881.45,1
2026-06-05,bank_1,FW202605040001,forward,2026-05-04,2026-07-06,EUR/USD,4669869.74,1
2026-06-05,bank_2,SW202605080001,swap,2026-05-08,2026-11-12,EUR/GBP,8461571.63,2
2026-06-05,bank_2,FW202605140001,forward,2026-05-14,2026-10-19,GBP/USD,2702262.2,1
2026-06-05,bank_2,FW202605190001,forward,2026-05-19,2026-08-21,EUR/USD,182621.86,1
2026-06-05,bank_3,SW202605220001,swap,2026-05-22,2026-09-28,EUR/USD,1301770.26,2
2026-06-05,bank_3,FW202605270001,forward,2026-05-27,2026-09-29,GBP/USD,1817566.22,1
2026-06-05,bank_4,FW202605270002,forward,2026-05-27,2026-07-29,GBP/USD,112760.01,1
2026-06-05,bank_4,FW202605290001,forward,2026-05-29,2026-09-02,GBP/USD,2574864.44,1
2026-06-05,bank_1,FW202606020001,forward,2026-06-02,2026-07-06,EUR/USD,873594.57,1
2026-06-05,bank_4,SW202606030002,swap,2026-06-03,2026-11-05,GBP/USD,1628586.09,2
2026-06-05,bank_2,FW202606040001,forward,2026-06-04,2026-11-09,EUR/GBP,81358.65,1
2026-06-05,fx_pb_1,SP202606050001,spot,2026-06-05,2026-06-09,GBP/USD,9923931.02,1
2026-06-08,bank_4,FW202601130001,forward,2026-01-13,2026-06-15,EUR/USD,2107158.8,1
2026-06-08,fx_pb_1,SW202601150001,swap,2026-01-15,2026-07-20,EUR/USD,1111995.99,2
2026-06-08,bank_2,SW202602090001,swap,2026-02-09,2026-06-11,EUR/GBP,2906673.85,2
2026-06-08,bank_2,SW202602130001,swap,2026-02-13,2026-08-18,GBP/USD,1755939.85,2
2026-06-08,fx_pb_1,FW202603040001,forward,2026-03-04,2026-07-06,EUR/GBP,1035673.57,1
2026-06-08,bank_4,SW202603040002,swap,2026-03-04,2026-08-06,EUR/USD,2076701.35,2
2026-06-08,bank_3,SW202603240002,swap,2026-03-24,2026-08-26,EUR/GBP,2559837.95,2
2026-06-08,bank_1,SW202603250001,swap,2026-03-25,2026-08-27,EUR/USD,1761910.96,2
2026-06-08,bank_3,FW202603270001,forward,2026-03-27,2026-06-30,GBP/USD,1465139.88,1
2026-06-08,bank_2,SW202604020001,swap,2026-04-02,2026-08-06,GBP/USD,1583716.52,2
2026-06-08,bank_1,FW202604030001,forward,2026-04-03,2026-10-07,GBP/USD,691503.79,1
2026-06-08,bank_4,FW202604090001,forward,2026-04-09,2026-08-13,GBP/USD,2598489.43,1
2026-06-08,bank_2,FW202604140001,forward,2026-04-14,2026-07-16,EUR/GBP,2342462.83,1
2026-06-08,bank_2,SW202604160001,swap,2026-04-16,2026-09-21,EUR/GBP,1721969.66,2
2026-06-08,fx_pb_1,SW202604200001,swap,2026-04-20,2026-08-24,EUR/GBP,1760352.4,2
2026-06-08,fx_pb_1,FW202604240001,forward,2026-04-24,2026-09-28,EUR/USD,118147.69,1
2026-06-08,fx_pb_1,SW202604280001,swap,2026-04-28,2026-09-30,EUR/USD,4948100.53,2
2026-06-08,bank_1,FW202604300001,forward,2026-04-30,2026-10-05,EUR/GBP,1180881.45,1
2026-06-08,bank_1,FW202605040001,forward,2026-05-04,2026-07-06,EUR/USD,4669869.74,1
2026-06-08,bank_2,SW202605080001,swap,2026-05-08,2026-11-12,EUR/GBP,8461571.63,2
2026-06-08,bank_2,FW202605140001,forward,2026-05-14,2026-10-19,GBP/USD,2702262.2,1
2026-06-08,bank_2,FW202605190001,forward,2026-05-19,2026-08-21,EUR/USD,182621.86,1
2026-06-08,bank_3,SW202605220001,swap,2026-05-22,2026-09-28,EUR/USD,1301770.26,2
2026-06-08,bank_3,FW202605270001,forward,2026-05-27,2026-09-29,GBP/USD,1817566.22,1
2026-06-08,bank_4,FW202605270002,forward,2026-05-27,2026-07-29,GBP/USD,112760.01,1
2026-06-08,bank_4,FW202605290001,forward,2026-05-29,2026-09-02,GBP/USD,2574864.44,1
2026-06-08,bank_1,FW202606020001,forward,2026-06-02,2026-07-06,EUR/USD,873594.57,1
2026-06-08,bank_4,SW202606030002,swap,2026-06-03,2026-11-05,GBP/USD,1628586.09,2
2026-06-08,bank_2,FW202606040001,forward,2026-06-04,2026-11-09,EUR/GBP,81358.65,1
2026-06-08,fx_pb_1,SP202606050001,spot,2026-06-05,2026-06-09,GBP/USD,9923931.02,1
2026-06-08,bank_1,SP202606080001,spot,2026-06-08,2026-06-10,GBP/USD,925682.9,1
2026-06-09,bank_4,FW202601130001,forward,2026-01-13,2026-06-15,EUR/USD,2107158.8,1
2026-06-09,fx_pb_1,SW202601150001,swap,2026-01-15,2026-07-20,EUR/USD,1111995.99,2
2026-06-09,bank_2,SW202602090001,swap,2026-02-09,2026-06-11,EUR/GBP,2906673.85,2
2026-06-09,bank_2,SW202602130001,swap,2026-02-13,2026-08-18,GBP/USD,1755939.85,2
2026-06-09,fx_pb_1,FW202603040001,forward,2026-03-04,2026-07-06,EUR/GBP,1035673.57,1
2026-06-09,bank_4,SW202603040002,swap,2026-03-04,2026-08-06,EUR/USD,2076701.35,2
2026-06-09,bank_3,SW202603240002,swap,2026-03-24,2026-08-26,EUR/GBP,2559837.95,2
2026-06-09,bank_1,SW202603250001,swap,2026-03-25,2026-08-27,EUR/USD,1761910.96,2
2026-06-09,bank_3,FW202603270001,forward,2026-03-27,2026-06-30,GBP/USD,1465139.88,1
2026-06-09,bank_2,SW202604020001,swap,2026-04-02,2026-08-06,GBP/USD,1583716.52,2
2026-06-09,bank_1,FW202604030001,forward,2026-04-03,2026-10-07,GBP/USD,691503.79,1
2026-06-09,bank_4,FW202604090001,forward,2026-04-09,2026-08-13,GBP/USD,2598489.43,1
2026-06-09,bank_2,FW202604140001,forward,2026-04-14,2026-07-16,EUR/GBP,2342462.83,1
2026-06-09,bank_2,SW202604160001,swap,2026-04-16,2026-09-21,EUR/GBP,1721969.66,2
2026-06-09,fx_pb_1,SW202604200001,swap,2026-04-20,2026-08-24,EUR/GBP,1760352.4,2
2026-06-09,fx_pb_1,FW202604240001,forward,2026-04-24,2026-09-28,EUR/USD,118147.69,1
2026-06-09,fx_pb_1,SW202604280001,swap,2026-04-28,2026-09-30,EUR/USD,4948100.53,2
2026-06-09,bank_1,FW202604300001,forward,2026-04-30,2026-10-05,EUR/GBP,1180881.45,1
2026-06-09,bank_1,FW202605040001,forward,2026-05-04,2026-07-06,EUR/USD,4669869.74,1
2026-06-09,bank_2,SW202605080001,swap,2026-05-08,2026-11-12,EUR/GBP,8461571.63,2
2026-06-09,bank_2,FW202605140001,forward,2026-05-14,2026-10-19,GBP/USD,2702262.2,1
2026-06-09,bank_2,FW202605190001,forward,2026-05-19,2026-08-21,EUR/USD,182621.86,1
2026-06-09,bank_3,SW202605220001,swap,2026-05-22,2026-09-28,EUR/USD,1301770.26,2
2026-06-09,bank_3,FW202605270001,forward,2026-05-27,2026-09-29,GBP/USD,1817566.22,1
2026-06-09,bank_4,FW202605270002,forward,2026-05-27,2026-07-29,GBP/USD,112760.01,1
2026-06-09,bank_4,FW202605290001,forward,2026-05-29,2026-09-02,GBP/USD,2574864.44,1
2026-06-09,bank_1,FW202606020001,forward,2026-06-02,2026-07-06,EUR/USD,873594.57,1
2026-06-09,bank_4,SW202606030002,swap,2026-06-03,2026-11-05,GBP/USD,1628586.09,2
2026-06-09,bank_2,FW202606040001,forward,2026-06-04,2026-11-09,EUR/GBP,81358.65,1
2026-06-09,bank_1,SP202606080001,spot,2026-06-08,2026-06-10,GBP/USD,925682.9,1
2026-06-10,bank_4,FW202601130001,forward,2026-01-13,2026-06-15,EUR/USD,2107158.8,1
2026-06-10,fx_pb_1,SW202601150001,swap,2026-01-15,2026-07-20,EUR/USD,1111995.99,2
2026-06-10,bank_2,SW202602090001,swap,2026-02-09,2026-06-11,EUR/GBP,2906673.85,2
2026-06-10,bank_2,SW202602130001,swap,2026-02-13,2026-08-18,GBP/USD,1755939.85,2
2026-06-10,fx_pb_1,FW202603040001,forward,2026-03-04,2026-07-06,EUR/GBP,1035673.57,1
2026-06-10,bank_4,SW202603040002,swap,2026-03-04,2026-08-06,EUR/USD,2076701.35,2
2026-06-10,bank_3,SW202603240002,swap,2026-03-24,2026-08-26,EUR/GBP,2559837.95,2
2026-06-10,bank_1,SW202603250001,swap,2026-03-25,2026-08-27,EUR/USD,1761910.96,2
2026-06-10,bank_3,FW202603270001,forward,2026-03-27,2026-06-30,GBP/USD,1465139.88,1
2026-06-10,bank_2,SW202604020001,swap,2026-04-02,2026-08-06,GBP/USD,1583716.52,2
2026-06-10,bank_1,FW202604030001,forward,2026-04-03,2026-10-07,GBP/USD,691503.79,1
2026-06-10,bank_4,FW202604090001,forward,2026-04-09,2026-08-13,GBP/USD,2598489.43,1
2026-06-10,bank_2,FW202604140001,forward,2026-04-14,2026-07-16,EUR/GBP,2342462.83,1
2026-06-10,bank_2,SW202604160001,swap,2026-04-16,2026-09-21,EUR/GBP,1721969.66,2
2026-06-10,fx_pb_1,SW202604200001,swap,2026-04-20,2026-08-24,EUR/GBP,1760352.4,2
2026-06-10,fx_pb_1,FW202604240001,forward,2026-04-24,2026-09-28,EUR/USD,118147.69,1
2026-06-10,fx_pb_1,SW202604280001,swap,2026-04-28,2026-09-30,EUR/USD,4948100.53,2
2026-06-10,bank_1,FW202604300001,forward,2026-04-30,2026-10-05,EUR/GBP,1180881.45,1
2026-06-10,bank_1,FW202605040001,forward,2026-05-04,2026-07-06,EUR/USD,4669869.74,1
2026-06-10,bank_2,SW202605080001,swap,2026-05-08,2026-11-12,EUR/GBP,8461571.63,2
2026-06-10,bank_2,FW202605140001,forward,2026-05-14,2026-10-19,GBP/USD,2702262.2,1
2026-06-10,bank_2,FW202605190001,forward,2026-05-19,2026-08-21,EUR/USD,182621.86,1
2026-06-10,bank_3,SW202605220001,swap,2026-05-22,2026-09-28,EUR/USD,1301770.26,2
2026-06-10,bank_3,FW202605270001,forward,2026-05-27,2026-09-29,GBP/USD,1817566.22,1
2026-06-10,bank_4,FW202605270002,forward,2026-05-27,2026-07-29,GBP/USD,112760.01,1
2026-06-10,bank_4,FW202605290001,forward,2026-05-29,2026-09-02,GBP/USD,2574864.44,1
2026-06-10,bank_1,FW202606020001,forward,2026-06-02,2026-07-06,EUR/USD,873594.57,1
2026-06-10,bank_4,SW202606030002,swap,2026-06-03,2026-11-05,GBP/USD,1628586.09,2
2026-06-10,bank_2,FW202606040001,forward,2026-06-04,2026-11-09,EUR/GBP,81358.65,1
2026-06-10,bank_4,SP202606100001,spot,2026-06-10,2026-06-12,EUR/USD,2172890.35,1
2026-06-11,bank_4,FW202601130001,forward,2026-01-13,2026-06-15,EUR/USD,2107158.8,1
2026-06-11,fx_pb_1,SW202601150001,swap,2026-01-15,2026-07-20,EUR/USD,1111995.99,2
2026-06-11,bank_2,SW202602130001,swap,2026-02-13,2026-08-18,GBP/USD,1755939.85,2
2026-06-11,fx_pb_1,FW202603040001,forward,2026-03-04,2026-07-06,EUR/GBP,1035673.57,1
2026-06-11,bank_4,SW202603040002,swap,2026-03-04,2026-08-06,EUR/USD,2076701.35,2
2026-06-11,bank_3,SW202603240002,swap,2026-03-24,2026-08-26,EUR/GBP,2559837.95,2
2026-06-11,bank_1,SW202603250001,swap,2026-03-25,2026-08-27,EUR/USD,1761910.96,2
2026-06-11,bank_3,FW202603270001,forward,2026-03-27,2026-06-30,GBP/USD,1465139.88,1
2026-06-11,bank_2,SW202604020001,swap,2026-04-02,2026-08-06,GBP/USD,1583716.52,2
2026-06-11,bank_1,FW202604030001,forward,2026-04-03,2026-10-07,GBP/USD,691503.79,1
2026-06-11,bank_4,FW202604090001,forward,2026-04-09,2026-08-13,GBP/USD,2598489.43,1
2026-06-11,bank_2,FW202604140001,forward,2026-04-14,2026-07-16,EUR/GBP,2342462.83,1
2026-06-11,bank_2,SW202604160001,swap,2026-04-16,2026-09-21,EUR/GBP,1721969.66,2
2026-06-11,fx_pb_1,SW202604200001,swap,2026-04-20,2026-08-24,EUR/GBP,1760352.4,2
2026-06-11,fx_pb_1,FW202604240001,forward,2026-04-24,2026-09-28,EUR/USD,118147.69,1
2026-06-11,fx_pb_1,SW202604280001,swap,2026-04-28,2026-09-30,EUR/USD,4948100.53,2
2026-06-11,bank_1,FW202604300001,forward,2026-04-30,2026-10-05,EUR/GBP,1180881.45,1
2026-06-11,bank_1,FW202605040001,forward,2026-05-04,2026-07-06,EUR/USD,4669869.74,1
2026-06-11,bank_2,SW202605080001,swap,2026-05-08,2026-11-12,EUR/GBP,8461571.63,2
2026-06-11,bank_2,FW202605140001,forward,2026-05-14,2026-10-19,GBP/USD,2702262.2,1
2026-06-11,bank_2,FW202605190001,forward,2026-05-19,2026-08-21,EUR/USD,182621.86,1
2026-06-11,bank_3,SW202605220001,swap,2026-05-22,2026-09-28,EUR/USD,1301770.26,2
2026-06-11,bank_3,FW202605270001,forward,2026-05-27,2026-09-29,GBP/USD,1817566.22,1
2026-06-11,bank_4,FW202605270002,forward,2026-05-27,2026-07-29,GBP/USD,112760.01,1
2026-06-11,bank_4,FW202605290001,forward,2026-05-29,2026-09-02,GBP/USD,2574864.44,1
2026-06-11,bank_1,FW202606020001,forward,2026-06-02,2026-07-06,EUR/USD,873594.57,1
2026-06-11,bank_4,SW202606030002,swap,2026-06-03,2026-11-05,GBP/USD,1628586.09,2
2026-06-11,bank_2,FW202606040001,forward,2026-06-04,2026-11-09,EUR/GBP,81358.65,1
2026-06-11,bank_4,SP202606100001,spot,2026-06-10,2026-06-12,EUR/USD,2172890.35,1
2026-06-11,fx_pb_1,SP202606110001,spot,2026-06-11,2026-06-15,EUR/USD,2687176.77,1
2026-06-12,bank_4,FW202601130001,forward,2026-01-13,2026-06-15,EUR/USD,2107158.8,1
2026-06-12,fx_pb_1,SW202601150001,swap,2026-01-15,2026-07-20,EUR/USD,1111995.99,2
2026-06-12,bank_2,SW202602130001,swap,2026-02-13,2026-08-18,GBP/USD,1755939.85,2
2026-06-12,fx_pb_1,FW202603040001,forward,2026-03-04,2026-07-06,EUR/GBP,1035673.57,1
2026-06-12,bank_4,SW202603040002,swap,2026-03-04,2026-08-06,EUR/USD,2076701.35,2
2026-06-12,bank_3,SW202603240002,swap,2026-03-24,2026-08-26,EUR/GBP,2559837.95,2
2026-06-12,bank_1,SW202603250001,swap,2026-03-25,2026-08-27,EUR/USD,1761910.96,2
2026-06-12,bank_3,FW202603270001,forward,2026-03-27,2026-06-30,GBP/USD,1465139.88,1
2026-06-12,bank_2,SW202604020001,swap,2026-04-02,2026-08-06,GBP/USD,1583716.52,2
2026-06-12,bank_1,FW202604030001,forward,2026-04-03,2026-10-07,GBP/USD,691503.79,1
2026-06-12,bank_4,FW202604090001,forward,2026-04-09,2026-08-13,GBP/USD,2598489.43,1
2026-06-12,bank_2,FW202604140001,forward,2026-04-14,2026-07-16,EUR/GBP,2342462.83,1
2026-06-12,bank_2,SW202604160001,swap,2026-04-16,2026-09-21,EUR/GBP,1721969.66,2
2026-06-12,fx_pb_1,SW202604200001,swap,2026-04-20,2026-08-24,EUR/GBP,1760352.4,2
2026-06-12,fx_pb_1,FW202604240001,forward,2026-04-24,2026-09-28,EUR/USD,118147.69,1
2026-06-12,fx_pb_1,SW202604280001,swap,2026-04-28,2026-09-30,EUR/USD,4948100.53,2
2026-06-12,bank_1,FW202604300001,forward,2026-04-30,2026-10-05,EUR/GBP,1180881.45,1
2026-06-12,bank_1,FW202605040001,forward,2026-05-04,2026-07-06,EUR/USD,4669869.74,1
2026-06-12,bank_2,SW202605080001,swap,2026-05-08,2026-11-12,EUR/GBP,8461571.63,2
2026-06-12,bank_2,FW202605140001,forward,2026-05-14,2026-10-19,GBP/USD,2702262.2,1
2026-06-12,bank_2,FW202605190001,forward,2026-05-19,2026-08-21,EUR/USD,182621.86,1
2026-06-12,bank_3,SW202605220001,swap,2026-05-22,2026-09-28,EUR/USD,1301770.26,2
2026-06-12,bank_3,FW202605270001,forward,2026-05-27,2026-09-29,GBP/USD,1817566.22,1
2026-06-12,bank_4,FW202605270002,forward,2026-05-27,2026-07-29,GBP/USD,112760.01,1
2026-06-12,bank_4,FW202605290001,forward,2026-05-29,2026-09-02,GBP/USD,2574864.44,1
2026-06-12,bank_1,FW202606020001,forward,2026-06-02,2026-07-06,EUR/USD,873594.57,1
2026-06-12,bank_4,SW202606030002,swap,2026-06-03,2026-11-05,GBP/USD,1628586.09,2
2026-06-12,bank_2,FW202606040001,forward,2026-06-04,2026-11-09,EUR/GBP,81358.65,1
2026-06-12,fx_pb_1,SP202606110001,spot,2026-06-11,2026-06-15,EUR/USD,2687176.77,1
2026-06-12,bank_3,FW202606120001,forward,2026-06-12,2026-11-16,GBP/USD,1116216.96,1
2026-06-15,fx_pb_1,SW202601150001,swap,2026-01-15,2026-07-20,EUR/USD,1111995.99,2
2026-06-15,bank_2,SW202602130001,swap,2026-02-13,2026-08-18,GBP/USD,1755939.85,2
2026-06-15,fx_pb_1,FW202603040001,forward,2026-03-04,2026-07-06,EUR/GBP,1035673.57,1
2026-06-15,bank_4,SW202603040002,swap,2026-03-04,2026-08-06,EUR/USD,2076701.35,2
2026-06-15,bank_3,SW202603240002,swap,2026-03-24,2026-08-26,EUR/GBP,2559837.95,2
2026-06-15,bank_1,SW202603250001,swap,2026-03-25,2026-08-27,EUR/USD,1761910.96,2
2026-06-15,bank_3,FW202603270001,forward,2026-03-27,2026-06-30,GBP/USD,1465139.88,1
2026-06-15,bank_2,SW202604020001,swap,2026-04-02,2026-08-06,GBP/USD,1583716.52,2
2026-06-15,bank_1,FW202604030001,forward,2026-04-03,2026-10-07,GBP/USD,691503.79,1
2026-06-15,bank_4,FW202604090001,forward,2026-04-09,2026-08-13,GBP/USD,2598489.43,1
2026-06-15,bank_2,FW202604140001,forward,2026-04-14,2026-07-16,EUR/GBP,2342462.83,1
2026-06-15,bank_2,SW202604160001,swap,2026-04-16,2026-09-21,EUR/GBP,1721969.66,2
2026-06-15,fx_pb_1,SW202604200001,swap,2026-04-20,2026-08-24,EUR/GBP,1760352.4,2
2026-06-15,fx_pb_1,FW202604240001,forward,2026-04-24,2026-09-28,EUR/USD,118147.69,1
2026-06-15,fx_pb_1,SW202604280001,swap,2026-04-28,2026-09-30,EUR/USD,4948100.53,2
2026-06-15,bank_1,FW202604300001,forward,2026-04-30,2026-10-05,EUR/GBP,1180881.45,1
2026-06-15,bank_1,FW202605040001,forward,2026-05-04,2026-07-06,EUR/USD,4669869.74,1
2026-06-15,bank_2,SW202605080001,swap,2026-05-08,2026-11-12,EUR/GBP,8461571.63,2
2026-06-15,bank_2,FW202605140001,forward,2026-05-14,2026-10-19,GBP/USD,2702262.2,1
2026-06-15,bank_2,FW202605190001,forward,2026-05-19,2026-08-21,EUR/USD,182621.86,1
2026-06-15,bank_3,SW202605220001,swap,2026-05-22,2026-09-28,EUR/USD,1301770.26,2
2026-06-15,bank_3,FW202605270001,forward,2026-05-27,2026-09-29,GBP/USD,1817566.22,1
2026-06-15,bank_4,FW202605270002,forward,2026-05-27,2026-07-29,GBP/USD,112760.01,1
2026-06-15,bank_4,FW202605290001,forward,2026-05-29,2026-09-02,GBP/USD,2574864.44,1
2026-06-15,bank_1,FW202606020001,forward,2026-06-02,2026-07-06,EUR/USD,873594.57,1
2026-06-15,bank_4,SW202606030002,swap,2026-06-03,2026-11-05,GBP/USD,1628586.09,2
2026-06-15,bank_2,FW202606040001,forward,2026-06-04,2026-11-09,EUR/GBP,81358.65,1
2026-06-15,bank_3,FW202606120001,forward,2026-06-12,2026-11-16,GBP/USD,1116216.96,1
2026-06-15,bank_3,SP202606150001,spot,2026-06-15,2026-06-17,GBP/USD,1209959.43,1
2026-06-16,fx_pb_1,SW202601150001,swap,2026-01-15,2026-07-20,EUR/USD,1111995.99,2
2026-06-16,bank_2,SW202602130001,swap,2026-02-13,2026-08-18,GBP/USD,1755939.85,2
2026-06-16,fx_pb_1,FW202603040001,forward,2026-03-04,2026-07-06,EUR/GBP,1035673.57,1
2026-06-16,bank_4,SW202603040002,swap,2026-03-04,2026-08-06,EUR/USD,2076701.35,2
2026-06-16,bank_3,SW202603240002,swap,2026-03-24,2026-08-26,EUR/GBP,2559837.95,2
2026-06-16,bank_1,SW202603250001,swap,2026-03-25,2026-08-27,EUR/USD,1761910.96,2
2026-06-16,bank_3,FW202603270001,forward,2026-03-27,2026-06-30,GBP/USD,1465139.88,1
2026-06-16,bank_2,SW202604020001,swap,2026-04-02,2026-08-06,GBP/USD,1583716.52,2
2026-06-16,bank_1,FW202604030001,forward,2026-04-03,2026-10-07,GBP/USD,691503.79,1
2026-06-16,bank_4,FW202604090001,forward,2026-04-09,2026-08-13,GBP/USD,2598489.43,1
2026-06-16,bank_2,FW202604140001,forward,2026-04-14,2026-07-16,EUR/GBP,2342462.83,1
2026-06-16,bank_2,SW202604160001,swap,2026-04-16,2026-09-21,EUR/GBP,1721969.66,2
2026-06-16,fx_pb_1,SW202604200001,swap,2026-04-20,2026-08-24,EUR/GBP,1760352.4,2
2026-06-16,fx_pb_1,FW202604240001,forward,2026-04-24,2026-09-28,EUR/USD,118147.69,1
2026-06-16,fx_pb_1,SW202604280001,swap,2026-04-28,2026-09-30,EUR/USD,4948100.53,2
2026-06-16,bank_1,FW202604300001,forward,2026-04-30,2026-10-05,EUR/GBP,1180881.45,1
2026-06-16,bank_1,FW202605040001,forward,2026-05-04,2026-07-06,EUR/USD,4669869.74,1
2026-06-16,bank_2,SW202605080001,swap,2026-05-08,2026-11-12,EUR/GBP,8461571.63,2
2026-06-16,bank_2,FW202605140001,forward,2026-05-14,2026-10-19,GBP/USD,2702262.2,1
2026-06-16,bank_2,FW202605190001,forward,2026-05-19,2026-08-21,EUR/USD,182621.86,1
2026-06-16,bank_3,SW202605220001,swap,2026-05-22,2026-09-28,EUR/USD,1301770.26,2
2026-06-16,bank_3,FW202605270001,forward,2026-05-27,2026-09-29,GBP/USD,1817566.22,1
2026-06-16,bank_4,FW202605270002,forward,2026-05-27,2026-07-29,GBP/USD,112760.01,1
2026-06-16,bank_4,FW202605290001,forward,2026-05-29,2026-09-02,GBP/USD,2574864.44,1
2026-06-16,bank_1,FW202606020001,forward,2026-06-02,2026-07-06,EUR/USD,873594.57,1
2026-06-16,bank_4,SW202606030002,swap,2026-06-03,2026-11-05,GBP/USD,1628586.09,2
2026-06-16,bank_2,FW202606040001,forward,2026-06-04,2026-11-09,EUR/GBP,81358.65,1
2026-06-16,bank_3,FW202606120001,forward,2026-06-12,2026-11-16,GBP/USD,1116216.96,1
2026-06-16,bank_3,SP202606150001,spot,2026-06-15,2026-06-17,GBP/USD,1209959.43,1
2026-06-16,bank_1,SW202606160001,swap,2026-06-16,2026-06-18,GBP/USD,1355013.16,1
2026-06-16,bank_1,SW202606160001,swap,2026-06-16,2026-07-20,GBP/USD,1346655.52,2
2026-06-16,bank_3,SW202606160002,swap,2026-06-16,2026-06-18,GBP/USD,1615070.14,1
2026-06-16,bank_3,SW202606160002,swap,2026-06-16,2026-07-20,GBP/USD,1599155.71,2
2026-06-17,fx_pb_1,SW202601150001,swap,2026-01-15,2026-07-20,EUR/USD,1111995.99,2
2026-06-17,bank_2,SW202602130001,swap,2026-02-13,2026-08-18,GBP/USD,1755939.85,2
2026-06-17,fx_pb_1,FW202603040001,forward,2026-03-04,2026-07-06,EUR/GBP,1035673.57,1
2026-06-17,bank_4,SW202603040002,swap,2026-03-04,2026-08-06,EUR/USD,2076701.35,2
2026-06-17,bank_3,SW202603240002,swap,2026-03-24,2026-08-26,EUR/GBP,2559837.95,2
2026-06-17,bank_1,SW202603250001,swap,2026-03-25,2026-08-27,EUR/USD,1761910.96,2
2026-06-17,bank_3,FW202603270001,forward,2026-03-27,2026-06-30,GBP/USD,1465139.88,1
2026-06-17,bank_2,SW202604020001,swap,2026-04-02,2026-08-06,GBP/USD,1583716.52,2
2026-06-17,bank_1,FW202604030001,forward,2026-04-03,2026-10-07,GBP/USD,691503.79,1
2026-06-17,bank_4,FW202604090001,forward,2026-04-09,2026-08-13,GBP/USD,2598489.43,1
2026-06-17,bank_2,FW202604140001,forward,2026-04-14,2026-07-16,EUR/GBP,2342462.83,1
2026-06-17,bank_2,SW202604160001,swap,2026-04-16,2026-09-21,EUR/GBP,1721969.66,2
2026-06-17,fx_pb_1,SW202604200001,swap,2026-04-20,2026-08-24,EUR/GBP,1760352.4,2
2026-06-17,fx_pb_1,FW202604240001,forward,2026-04-24,2026-09-28,EUR/USD,118147.69,1
2026-06-17,fx_pb_1,SW202604280001,swap,2026-04-28,2026-09-30,EUR/USD,4948100.53,2
2026-06-17,bank_1,FW202604300001,forward,2026-04-30,2026-10-05,EUR/GBP,1180881.45,1
2026-06-17,bank_1,FW202605040001,forward,2026-05-04,2026-07-06,EUR/USD,4669869.74,1
2026-06-17,bank_2,SW202605080001,swap,2026-05-08,2026-11-12,EUR/GBP,8461571.63,2
2026-06-17,bank_2,FW202605140001,forward,2026-05-14,2026-10-19,GBP/USD,2702262.2,1
2026-06-17,bank_2,FW202605190001,forward,2026-05-19,2026-08-21,EUR/USD,182621.86,1
2026-06-17,bank_3,SW202605220001,swap,2026-05-22,2026-09-28,EUR/USD,1301770.26,2
2026-06-17,bank_3,FW202605270001,forward,2026-05-27,2026-09-29,GBP/USD,1817566.22,1
2026-06-17,bank_4,FW202605270002,forward,2026-05-27,2026-07-29,GBP/USD,112760.01,1
2026-06-17,bank_4,FW202605290001,forward,2026-05-29,2026-09-02,GBP/USD,2574864.44,1
2026-06-17,bank_1,FW202606020001,forward,2026-06-02,2026-07-06,EUR/USD,873594.57,1
2026-06-17,bank_4,SW202606030002,swap,2026-06-03,2026-11-05,GBP/USD,1628586.09,2
2026-06-17,bank_2,FW202606040001,forward,2026-06-04,2026-11-09,EUR/GBP,81358.65,1
2026-06-17,bank_3,FW202606120001,forward,2026-06-12,2026-11-16,GBP/USD,1116216.96,1
2026-06-17,bank_1,SW202606160001,swap,2026-06-16,2026-06-18,GBP/USD,1355013.16,1
2026-06-17,bank_1,SW202606160001,swap,2026-06-16,2026-07-20,GBP/USD,1346655.52,2
2026-06-17,bank_3,SW202606160002,swap,2026-06-16,2026-06-18,GBP/USD,1615070.14,1
2026-06-17,bank_3,SW202606160002,swap,2026-06-16,2026-07-20,GBP/USD,1599155.71,2
2026-06-17,bank_4,FW202606170001,forward,2026-06-17,2026-11-23,GBP/USD,2963611.9,1
2026-06-18,fx_pb_1,SW202601150001,swap,2026-01-15,2026-07-20,EUR/USD,1111995.99,2
2026-06-18,bank_2,SW202602130001,swap,2026-02-13,2026-08-18,GBP/USD,1755939.85,2
2026-06-18,fx_pb_1,FW202603040001,forward,2026-03-04,2026-07-06,EUR/GBP,1035673.57,1
2026-06-18,bank_4,SW202603040002,swap,2026-03-04,2026-08-06,EUR/USD,2076701.35,2
2026-06-18,bank_3,SW202603240002,swap,2026-03-24,2026-08-26,EUR/GBP,2559837.95,2
2026-06-18,bank_1,SW202603250001,swap,2026-03-25,2026-08-27,EUR/USD,1761910.96,2
2026-06-18,bank_3,FW202603270001,forward,2026-03-27,2026-06-30,GBP/USD,1465139.88,1
2026-06-18,bank_2,SW202604020001,swap,2026-04-02,2026-08-06,GBP/USD,1583716.52,2
2026-06-18,bank_1,FW202604030001,forward,2026-04-03,2026-10-07,GBP/USD,691503.79,1
2026-06-18,bank_4,FW202604090001,forward,2026-04-09,2026-08-13,GBP/USD,2598489.43,1
2026-06-18,bank_2,FW202604140001,forward,2026-04-14,2026-07-16,EUR/GBP,2342462.83,1
2026-06-18,bank_2,SW202604160001,swap,2026-04-16,2026-09-21,EUR/GBP,1721969.66,2
2026-06-18,fx_pb_1,SW202604200001,swap,2026-04-20,2026-08-24,EUR/GBP,1760352.4,2
2026-06-18,fx_pb_1,FW202604240001,forward,2026-04-24,2026-09-28,EUR/USD,118147.69,1
2026-06-18,fx_pb_1,SW202604280001,swap,2026-04-28,2026-09-30,EUR/USD,4948100.53,2
2026-06-18,bank_1,FW202604300001,forward,2026-04-30,2026-10-05,EUR/GBP,1180881.45,1
2026-06-18,bank_1,FW202605040001,forward,2026-05-04,2026-07-06,EUR/USD,4669869.74,1
2026-06-18,bank_2,SW202605080001,swap,2026-05-08,2026-11-12,EUR/GBP,8461571.63,2
2026-06-18,bank_2,FW202605140001,forward,2026-05-14,2026-10-19,GBP/USD,2702262.2,1
2026-06-18,bank_2,FW202605190001,forward,2026-05-19,2026-08-21,EUR/USD,182621.86,1
2026-06-18,bank_3,SW202605220001,swap,2026-05-22,2026-09-28,EUR/USD,1301770.26,2
2026-06-18,bank_3,FW202605270001,forward,2026-05-27,2026-09-29,GBP/USD,1817566.22,1
2026-06-18,bank_4,FW202605270002,forward,2026-05-27,2026-07-29,GBP/USD,112760.01,1
2026-06-18,bank_4,FW202605290001,forward,2026-05-29,2026-09-02,GBP/USD,2574864.44,1
2026-06-18,bank_1,FW202606020001,forward,2026-06-02,2026-07-06,EUR/USD,873594.57,1
2026-06-18,bank_4,SW202606030002,swap,2026-06-03,2026-11-05,GBP/USD,1628586.09,2
2026-06-18,bank_2,FW202606040001,forward,2026-06-04,2026-11-09,EUR/GBP,81358.65,1
2026-06-18,bank_3,FW202606120001,forward,2026-06-12,2026-11-16,GBP/USD,1116216.96,1
2026-06-18,bank_1,SW202606160001,swap,2026-06-16,2026-07-20,GBP/USD,1346655.52,2
2026-06-18,bank_3,SW202606160002,swap,2026-06-16,2026-07-20,GBP/USD,1599155.71,2
2026-06-18,bank_4,FW202606170001,forward,2026-06-17,2026-11-23,GBP/USD,2963611.9,1
2026-06-18,fx_pb_1,SW202606180001,swap,2026-06-18,2026-06-23,GBP/USD,8044871.63,1
2026-06-18,fx_pb_1,SW202606180001,swap,2026-06-18,2026-08-24,GBP/USD,8090245.54,2
2026-06-18,bank_4,SP202606180002,spot,2026-06-18,2026-06-23,EUR/GBP,1880177.4,1
2026-06-22,fx_pb_1,SW202601150001,swap,2026-01-15,2026-07-20,EUR/USD,1111995.99,2
2026-06-22,bank_2,SW202602130001,swap,2026-02-13,2026-08-18,GBP/USD,1755939.85,2
2026-06-22,fx_pb_1,FW202603040001,forward,2026-03-04,2026-07-06,EUR/GBP,1035673.57,1
2026-06-22,bank_4,SW202603040002,swap,2026-03-04,2026-08-06,EUR/USD,2076701.35,2
2026-06-22,bank_3,SW202603240002,swap,2026-03-24,2026-08-26,EUR/GBP,2559837.95,2
2026-06-22,bank_1,SW202603250001,swap,2026-03-25,2026-08-27,EUR/USD,1761910.96,2
2026-06-22,bank_3,FW202603270001,forward,2026-03-27,2026-06-30,GBP/USD,1465139.88,1
2026-06-22,bank_2,SW202604020001,swap,2026-04-02,2026-08-06,GBP/USD,1583716.52,2
2026-06-22,bank_1,FW202604030001,forward,2026-04-03,2026-10-07,GBP/USD,691503.79,1
2026-06-22,bank_4,FW202604090001,forward,2026-04-09,2026-08-13,GBP/USD,2598489.43,1
2026-06-22,bank_2,FW202604140001,forward,2026-04-14,2026-07-16,EUR/GBP,2342462.83,1
2026-06-22,bank_2,SW202604160001,swap,2026-04-16,2026-09-21,EUR/GBP,1721969.66,2
2026-06-22,fx_pb_1,SW202604200001,swap,2026-04-20,2026-08-24,EUR/GBP,1760352.4,2
2026-06-22,fx_pb_1,FW202604240001,forward,2026-04-24,2026-09-28,EUR/USD,118147.69,1
2026-06-22,fx_pb_1,SW202604280001,swap,2026-04-28,2026-09-30,EUR/USD,4948100.53,2
2026-06-22,bank_1,FW202604300001,forward,2026-04-30,2026-10-05,EUR/GBP,1180881.45,1
2026-06-22,bank_1,FW202605040001,forward,2026-05-04,2026-07-06,EUR/USD,4669869.74,1
2026-06-22,bank_2,SW202605080001,swap,2026-05-08,2026-11-12,EUR/GBP,8461571.63,2
2026-06-22,bank_2,FW202605140001,forward,2026-05-14,2026-10-19,GBP/USD,2702262.2,1
2026-06-22,bank_2,FW202605190001,forward,2026-05-19,2026-08-21,EUR/USD,182621.86,1
2026-06-22,bank_3,SW202605220001,swap,2026-05-22,2026-09-28,EUR/USD,1301770.26,2
2026-06-22,bank_3,FW202605270001,forward,2026-05-27,2026-09-29,GBP/USD,1817566.22,1
2026-06-22,bank_4,FW202605270002,forward,2026-05-27,2026-07-29,GBP/USD,112760.01,1
2026-06-22,bank_4,FW202605290001,forward,2026-05-29,2026-09-02,GBP/USD,2574864.44,1
2026-06-22,bank_1,FW202606020001,forward,2026-06-02,2026-07-06,EUR/USD,873594.57,1
2026-06-22,bank_4,SW202606030002,swap,2026-06-03,2026-11-05,GBP/USD,1628586.09,2
2026-06-22,bank_2,FW202606040001,forward,2026-06-04,2026-11-09,EUR/GBP,81358.65,1
2026-06-22,bank_3,FW202606120001,forward,2026-06-12,2026-11-16,GBP/USD,1116216.96,1
2026-06-22,bank_1,SW202606160001,swap,2026-06-16,2026-07-20,GBP/USD,1346655.52,2
2026-06-22,bank_3,SW202606160002,swap,2026-06-16,2026-07-20,GBP/USD,1599155.71,2
2026-06-22,bank_4,FW202606170001,forward,2026-06-17,2026-11-23,GBP/USD,2963611.9,1
2026-06-22,fx_pb_1,SW202606180001,swap,2026-06-18,2026-06-23,GBP/USD,8044871.63,1
2026-06-22,fx_pb_1,SW202606180001,swap,2026-06-18,2026-08-24,GBP/USD,8090245.54,2
2026-06-22,bank_4,SP202606180002,spot,2026-06-18,2026-06-23,EUR/GBP,1880177.4,1
2026-06-22,bank_1,FW202606220001,forward,2026-06-22,2026-07-24,EUR/GBP,5881032.02,1
2026-06-23,fx_pb_1,SW202601150001,swap,2026-01-15,2026-07-20,EUR/USD,1111995.99,2
2026-06-23,bank_2,SW202602130001,swap,2026-02-13,2026-08-18,GBP/USD,1755939.85,2
2026-06-23,fx_pb_1,FW202603040001,forward,2026-03-04,2026-07-06,EUR/GBP,1035673.57,1
2026-06-23,bank_4,SW202603040002,swap,2026-03-04,2026-08-06,EUR/USD,2076701.35,2
2026-06-23,bank_3,SW202603240002,swap,2026-03-24,2026-08-26,EUR/GBP,2559837.95,2
2026-06-23,bank_1,SW202603250001,swap,2026-03-25,2026-08-27,EUR/USD,1761910.96,2
2026-06-23,bank_3,FW202603270001,forward,2026-03-27,2026-06-30,GBP/USD,1465139.88,1
2026-06-23,bank_2,SW202604020001,swap,2026-04-02,2026-08-06,GBP/USD,1583716.52,2
2026-06-23,bank_1,FW202604030001,forward,2026-04-03,2026-10-07,GBP/USD,691503.79,1
2026-06-23,bank_4,FW202604090001,forward,2026-04-09,2026-08-13,GBP/USD,2598489.43,1
2026-06-23,bank_2,FW202604140001,forward,2026-04-14,2026-07-16,EUR/GBP,2342462.83,1
2026-06-23,bank_2,SW202604160001,swap,2026-04-16,2026-09-21,EUR/GBP,1721969.66,2
2026-06-23,fx_pb_1,SW202604200001,swap,2026-04-20,2026-08-24,EUR/GBP,1760352.4,2
2026-06-23,fx_pb_1,FW202604240001,forward,2026-04-24,2026-09-28,EUR/USD,118147.69,1
2026-06-23,fx_pb_1,SW202604280001,swap,2026-04-28,2026-09-30,EUR/USD,4948100.53,2
2026-06-23,bank_1,FW202604300001,forward,2026-04-30,2026-10-05,EUR/GBP,1180881.45,1
2026-06-23,bank_1,FW202605040001,forward,2026-05-04,2026-07-06,EUR/USD,4669869.74,1
2026-06-23,bank_2,SW202605080001,swap,2026-05-08,2026-11-12,EUR/GBP,8461571.63,2
2026-06-23,bank_2,FW202605140001,forward,2026-05-14,2026-10-19,GBP/USD,2702262.2,1
2026-06-23,bank_2,FW202605190001,forward,2026-05-19,2026-08-21,EUR/USD,182621.86,1
2026-06-23,bank_3,SW202605220001,swap,2026-05-22,2026-09-28,EUR/USD,1301770.26,2
2026-06-23,bank_3,FW202605270001,forward,2026-05-27,2026-09-29,GBP/USD,1817566.22,1
2026-06-23,bank_4,FW202605270002,forward,2026-05-27,2026-07-29,GBP/USD,112760.01,1
2026-06-23,bank_4,FW202605290001,forward,2026-05-29,2026-09-02,GBP/USD,2574864.44,1
2026-06-23,bank_1,FW202606020001,forward,2026-06-02,2026-07-06,EUR/USD,873594.57,1
2026-06-23,bank_4,SW202606030002,swap,2026-06-03,2026-11-05,GBP/USD,1628586.09,2
2026-06-23,bank_2,FW202606040001,forward,2026-06-04,2026-11-09,EUR/GBP,81358.65,1
2026-06-23,bank_3,FW202606120001,forward,2026-06-12,2026-11-16,GBP/USD,1116216.96,1
2026-06-23,bank_1,SW202606160001,swap,2026-06-16,2026-07-20,GBP/USD,1346655.52,2
2026-06-23,bank_3,SW202606160002,swap,2026-06-16,2026-07-20,GBP/USD,1599155.71,2
2026-06-23,bank_4,FW202606170001,forward,2026-06-17,2026-11-23,GBP/USD,2963611.9,1
2026-06-23,fx_pb_1,SW202606180001,swap,2026-06-18,2026-08-24,GBP/USD,8090245.54,2
2026-06-23,bank_1,FW202606220001,forward,2026-06-22,2026-07-24,EUR/GBP,5881032.02,1
2026-06-23,bank_2,FW202606230001,forward,2026-06-23,2026-09-25,EUR/GBP,9472911.67,1
2026-06-24,fx_pb_1,SW202601150001,swap,2026-01-15,2026-07-20,EUR/USD,1111995.99,2
2026-06-24,bank_2,SW202602130001,swap,2026-02-13,2026-08-18,GBP/USD,1755939.85,2
2026-06-24,fx_pb_1,FW202603040001,forward,2026-03-04,2026-07-06,EUR/GBP,1035673.57,1
2026-06-24,bank_4,SW202603040002,swap,2026-03-04,2026-08-06,EUR/USD,2076701.35,2
2026-06-24,bank_3,SW202603240002,swap,2026-03-24,2026-08-26,EUR/GBP,2559837.95,2
2026-06-24,bank_1,SW202603250001,swap,2026-03-25,2026-08-27,EUR/USD,1761910.96,2
2026-06-24,bank_3,FW202603270001,forward,2026-03-27,2026-06-30,GBP/USD,1465139.88,1
2026-06-24,bank_2,SW202604020001,swap,2026-04-02,2026-08-06,GBP/USD,1583716.52,2
2026-06-24,bank_1,FW202604030001,forward,2026-04-03,2026-10-07,GBP/USD,691503.79,1
2026-06-24,bank_4,FW202604090001,forward,2026-04-09,2026-08-13,GBP/USD,2598489.43,1
2026-06-24,bank_2,FW202604140001,forward,2026-04-14,2026-07-16,EUR/GBP,2342462.83,1
2026-06-24,bank_2,SW202604160001,swap,2026-04-16,2026-09-21,EUR/GBP,1721969.66,2
2026-06-24,fx_pb_1,SW202604200001,swap,2026-04-20,2026-08-24,EUR/GBP,1760352.4,2
2026-06-24,fx_pb_1,FW202604240001,forward,2026-04-24,2026-09-28,EUR/USD,118147.69,1
2026-06-24,fx_pb_1,SW202604280001,swap,2026-04-28,2026-09-30,EUR/USD,4948100.53,2
2026-06-24,bank_1,FW202604300001,forward,2026-04-30,2026-10-05,EUR/GBP,1180881.45,1
2026-06-24,bank_1,FW202605040001,forward,2026-05-04,2026-07-06,EUR/USD,4669869.74,1
2026-06-24,bank_2,SW202605080001,swap,2026-05-08,2026-11-12,EUR/GBP,8461571.63,2
2026-06-24,bank_2,FW202605140001,forward,2026-05-14,2026-10-19,GBP/USD,2702262.2,1
2026-06-24,bank_2,FW202605190001,forward,2026-05-19,2026-08-21,EUR/USD,182621.86,1
2026-06-24,bank_3,SW202605220001,swap,2026-05-22,2026-09-28,EUR/USD,1301770.26,2
2026-06-24,bank_3,FW202605270001,forward,2026-05-27,2026-09-29,GBP/USD,1817566.22,1
2026-06-24,bank_4,FW202605270002,forward,2026-05-27,2026-07-29,GBP/USD,112760.01,1
2026-06-24,bank_4,FW202605290001,forward,2026-05-29,2026-09-02,GBP/USD,2574864.44,1
2026-06-24,bank_1,FW202606020001,forward,2026-06-02,2026-07-06,EUR/USD,873594.57,1
2026-06-24,bank_4,SW202606030002,swap,2026-06-03,2026-11-05,GBP/USD,1628586.09,2
2026-06-24,bank_2,FW202606040001,forward,2026-06-04,2026-11-09,EUR/GBP,81358.65,1
2026-06-24,bank_3,FW202606120001,forward,2026-06-12,2026-11-16,GBP/USD,1116216.96,1
2026-06-24,bank_1,SW202606160001,swap,2026-06-16,2026-07-20,GBP/USD,1346655.52,2
2026-06-24,bank_3,SW202606160002,swap,2026-06-16,2026-07-20,GBP/USD,1599155.71,2
2026-06-24,bank_4,FW202606170001,forward,2026-06-17,2026-11-23,GBP/USD,2963611.9,1
2026-06-24,fx_pb_1,SW202606180001,swap,2026-06-18,2026-08-24,GBP/USD,8090245.54,2
2026-06-24,bank_1,FW202606220001,forward,2026-06-22,2026-07-24,EUR/GBP,5881032.02,1
2026-06-24,bank_2,FW202606230001,forward,2026-06-23,2026-09-25,EUR/GBP,9472911.67,1
2026-06-24,fx_pb_1,SP202606240001,spot,2026-06-24,2026-06-26,EUR/GBP,66392.34,1
2026-06-24,fx_pb_1,FW202606240002,forward,2026-06-24,2026-11-27,GBP/USD,8176020.28,1
2026-06-25,fx_pb_1,SW202601150001,swap,2026-01-15,2026-07-20,EUR/USD,1111995.99,2
2026-06-25,bank_2,SW202602130001,swap,2026-02-13,2026-08-18,GBP/USD,1755939.85,2
2026-06-25,fx_pb_1,FW202603040001,forward,2026-03-04,2026-07-06,EUR/GBP,1035673.57,1
2026-06-25,bank_4,SW202603040002,swap,2026-03-04,2026-08-06,EUR/USD,2076701.35,2
2026-06-25,bank_3,SW202603240002,swap,2026-03-24,2026-08-26,EUR/GBP,2559837.95,2
2026-06-25,bank_1,SW202603250001,swap,2026-03-25,2026-08-27,EUR/USD,1761910.96,2
2026-06-25,bank_3,FW202603270001,forward,2026-03-27,2026-06-30,GBP/USD,1465139.88,1
2026-06-25,bank_2,SW202604020001,swap,2026-04-02,2026-08-06,GBP/USD,1583716.52,2
2026-06-25,bank_1,FW202604030001,forward,2026-04-03,2026-10-07,GBP/USD,691503.79,1
2026-06-25,bank_4,FW202604090001,forward,2026-04-09,2026-08-13,GBP/USD,2598489.43,1
2026-06-25,bank_2,FW202604140001,forward,2026-04-14,2026-07-16,EUR/GBP,2342462.83,1
2026-06-25,bank_2,SW202604160001,swap,2026-04-16,2026-09-21,EUR/GBP,1721969.66,2
2026-06-25,fx_pb_1,SW202604200001,swap,2026-04-20,2026-08-24,EUR/GBP,1760352.4,2
2026-06-25,fx_pb_1,FW202604240001,forward,2026-04-24,2026-09-28,EUR/USD,118147.69,1
2026-06-25,fx_pb_1,SW202604280001,swap,2026-04-28,2026-09-30,EUR/USD,4948100.53,2
2026-06-25,bank_1,FW202604300001,forward,2026-04-30,2026-10-05,EUR/GBP,1180881.45,1
2026-06-25,bank_1,FW202605040001,forward,2026-05-04,2026-07-06,EUR/USD,4669869.74,1
2026-06-25,bank_2,SW202605080001,swap,2026-05-08,2026-11-12,EUR/GBP,8461571.63,2
2026-06-25,bank_2,FW202605140001,forward,2026-05-14,2026-10-19,GBP/USD,2702262.2,1
2026-06-25,bank_2,FW202605190001,forward,2026-05-19,2026-08-21,EUR/USD,182621.86,1
2026-06-25,bank_3,SW202605220001,swap,2026-05-22,2026-09-28,EUR/USD,1301770.26,2
2026-06-25,bank_3,FW202605270001,forward,2026-05-27,2026-09-29,GBP/USD,1817566.22,1
2026-06-25,bank_4,FW202605270002,forward,2026-05-27,2026-07-29,GBP/USD,112760.01,1
2026-06-25,bank_4,FW202605290001,forward,2026-05-29,2026-09-02,GBP/USD,2574864.44,1
2026-06-25,bank_1,FW202606020001,forward,2026-06-02,2026-07-06,EUR/USD,873594.57,1
2026-06-25,bank_4,SW202606030002,swap,2026-06-03,2026-11-05,GBP/USD,1628586.09,2
2026-06-25,bank_2,FW202606040001,forward,2026-06-04,2026-11-09,EUR/GBP,81358.65,1
2026-06-25,bank_3,FW202606120001,forward,2026-06-12,2026-11-16,GBP/USD,1116216.96,1
2026-06-25,bank_1,SW202606160001,swap,2026-06-16,2026-07-20,GBP/USD,1346655.52,2
2026-06-25,bank_3,SW202606160002,swap,2026-06-16,2026-07-20,GBP/USD,1599155.71,2
2026-06-25,bank_4,FW202606170001,forward,2026-06-17,2026-11-23,GBP/USD,2963611.9,1
2026-06-25,fx_pb_1,SW202606180001,swap,2026-06-18,2026-08-24,GBP/USD,8090245.54,2
2026-06-25,bank_1,FW202606220001,forward,2026-06-22,2026-07-24,EUR/GBP,5881032.02,1
2026-06-25,bank_2,FW202606230001,forward,2026-06-23,2026-09-25,EUR/GBP,9472911.67,1
2026-06-25,fx_pb_1,SP202606240001,spot,2026-06-24,2026-06-26,EUR/GBP,66392.34,1
2026-06-25,fx_pb_1,FW202606240002,forward,2026-06-24,2026-11-27,GBP/USD,8176020.28,1
2026-06-25,bank_1,SP202606250001,spot,2026-06-25,2026-06-29,EUR/GBP,2716250.61,1
2026-06-26,fx_pb_1,SW202601150001,swap,2026-01-15,2026-07-20,EUR/USD,1111995.99,2
2026-06-26,bank_2,SW202602130001,swap,2026-02-13,2026-08-18,GBP/USD,1755939.85,2
2026-06-26,fx_pb_1,FW202603040001,forward,2026-03-04,2026-07-06,EUR/GBP,1035673.57,1
2026-06-26,bank_4,SW202603040002,swap,2026-03-04,2026-08-06,EUR/USD,2076701.35,2
2026-06-26,bank_3,SW202603240002,swap,2026-03-24,2026-08-26,EUR/GBP,2559837.95,2
2026-06-26,bank_1,SW202603250001,swap,2026-03-25,2026-08-27,EUR/USD,1761910.96,2
2026-06-26,bank_3,FW202603270001,forward,2026-03-27,2026-06-30,GBP/USD,1465139.88,1
2026-06-26,bank_2,SW202604020001,swap,2026-04-02,2026-08-06,GBP/USD,1583716.52,2
2026-06-26,bank_1,FW202604030001,forward,2026-04-03,2026-10-07,GBP/USD,691503.79,1
2026-06-26,bank_4,FW202604090001,forward,2026-04-09,2026-08-13,GBP/USD,2598489.43,1
2026-06-26,bank_2,FW202604140001,forward,2026-04-14,2026-07-16,EUR/GBP,2342462.83,1
2026-06-26,bank_2,SW202604160001,swap,2026-04-16,2026-09-21,EUR/GBP,1721969.66,2
2026-06-26,fx_pb_1,SW202604200001,swap,2026-04-20,2026-08-24,EUR/GBP,1760352.4,2
2026-06-26,fx_pb_1,FW202604240001,forward,2026-04-24,2026-09-28,EUR/USD,118147.69,1
2026-06-26,fx_pb_1,SW202604280001,swap,2026-04-28,2026-09-30,EUR/USD,4948100.53,2
2026-06-26,bank_1,FW202604300001,forward,2026-04-30,2026-10-05,EUR/GBP,1180881.45,1
2026-06-26,bank_1,FW202605040001,forward,2026-05-04,2026-07-06,EUR/USD,4669869.74,1
2026-06-26,bank_2,SW202605080001,swap,2026-05-08,2026-11-12,EUR/GBP,8461571.63,2
2026-06-26,bank_2,FW202605140001,forward,2026-05-14,2026-10-19,GBP/USD,2702262.2,1
2026-06-26,bank_2,FW202605190001,forward,2026-05-19,2026-08-21,EUR/USD,182621.86,1
2026-06-26,bank_3,SW202605220001,swap,2026-05-22,2026-09-28,EUR/USD,1301770.26,2
2026-06-26,bank_3,FW202605270001,forward,2026-05-27,2026-09-29,GBP/USD,1817566.22,1
2026-06-26,bank_4,FW202605270002,forward,2026-05-27,2026-07-29,GBP/USD,112760.01,1
2026-06-26,bank_4,FW202605290001,forward,2026-05-29,2026-09-02,GBP/USD,2574864.44,1
2026-06-26,bank_1,FW202606020001,forward,2026-06-02,2026-07-06,EUR/USD,873594.57,1
2026-06-26,bank_4,SW202606030002,swap,2026-06-03,2026-11-05,GBP/USD,1628586.09,2
2026-06-26,bank_2,FW202606040001,forward,2026-06-04,2026-11-09,EUR/GBP,81358.65,1
2026-06-26,bank_3,FW202606120001,forward,2026-06-12,2026-11-16,GBP/USD,1116216.96,1
2026-06-26,bank_1,SW202606160001,swap,2026-06-16,2026-07-20,GBP/USD,1346655.52,2
2026-06-26,bank_3,SW202606160002,swap,2026-06-16,2026-07-20,GBP/USD,1599155.71,2
2026-06-26,bank_4,FW202606170001,forward,2026-06-17,2026-11-23,GBP/USD,2963611.9,1
2026-06-26,fx_pb_1,SW202606180001,swap,2026-06-18,2026-08-24,GBP/USD,8090245.54,2
2026-06-26,bank_1,FW202606220001,forward,2026-06-22,2026-07-24,EUR/GBP,5881032.02,1
2026-06-26,bank_2,FW202606230001,forward,2026-06-23,2026-09-25,EUR/GBP,9472911.67,1
2026-06-26,fx_pb_1,FW202606240002,forward,2026-06-24,2026-11-27,GBP/USD,8176020.28,1
2026-06-26,bank_1,SP202606250001,spot,2026-06-25,2026-06-29,EUR/GBP,2716250.61,1
2026-06-26,fx_pb_1,FW202606260001,forward,2026-06-26,2026-11-30,EUR/USD,1059214.58,1
2026-06-26,fx_pb_1,FW202606260002,forward,2026-06-26,2026-10-30,GBP/USD,2705562.26,1
2026-06-29,fx_pb_1,SW202601150001,swap,2026-01-15,2026-07-20,EUR/USD,1111995.99,2
2026-06-29,bank_2,SW202602130001,swap,2026-02-13,2026-08-18,GBP/USD,1755939.85,2
2026-06-29,fx_pb_1,FW202603040001,forward,2026-03-04,2026-07-06,EUR/GBP,1035673.57,1
2026-06-29,bank_4,SW202603040002,swap,2026-03-04,2026-08-06,EUR/USD,2076701.35,2
2026-06-29,bank_3,SW202603240002,swap,2026-03-24,2026-08-26,EUR/GBP,2559837.95,2
2026-06-29,bank_1,SW202603250001,swap,2026-03-25,2026-08-27,EUR/USD,1761910.96,2
2026-06-29,bank_3,FW202603270001,forward,2026-03-27,2026-06-30,GBP/USD,1465139.88,1
2026-06-29,bank_2,SW202604020001,swap,2026-04-02,2026-08-06,GBP/USD,1583716.52,2
2026-06-29,bank_1,FW202604030001,forward,2026-04-03,2026-10-07,GBP/USD,691503.79,1
2026-06-29,bank_4,FW202604090001,forward,2026-04-09,2026-08-13,GBP/USD,2598489.43,1
2026-06-29,bank_2,FW202604140001,forward,2026-04-14,2026-07-16,EUR/GBP,2342462.83,1
2026-06-29,bank_2,SW202604160001,swap,2026-04-16,2026-09-21,EUR/GBP,1721969.66,2
2026-06-29,fx_pb_1,SW202604200001,swap,2026-04-20,2026-08-24,EUR/GBP,1760352.4,2
2026-06-29,fx_pb_1,FW202604240001,forward,2026-04-24,2026-09-28,EUR/USD,118147.69,1
2026-06-29,fx_pb_1,SW202604280001,swap,2026-04-28,2026-09-30,EUR/USD,4948100.53,2
2026-06-29,bank_1,FW202604300001,forward,2026-04-30,2026-10-05,EUR/GBP,1180881.45,1
2026-06-29,bank_1,FW202605040001,forward,2026-05-04,2026-07-06,EUR/USD,4669869.74,1
2026-06-29,bank_2,SW202605080001,swap,2026-05-08,2026-11-12,EUR/GBP,8461571.63,2
2026-06-29,bank_2,FW202605140001,forward,2026-05-14,2026-10-19,GBP/USD,2702262.2,1
2026-06-29,bank_2,FW202605190001,forward,2026-05-19,2026-08-21,EUR/USD,182621.86,1
2026-06-29,bank_3,SW202605220001,swap,2026-05-22,2026-09-28,EUR/USD,1301770.26,2
2026-06-29,bank_3,FW202605270001,forward,2026-05-27,2026-09-29,GBP/USD,1817566.22,1
2026-06-29,bank_4,FW202605270002,forward,2026-05-27,2026-07-29,GBP/USD,112760.01,1
2026-06-29,bank_4,FW202605290001,forward,2026-05-29,2026-09-02,GBP/USD,2574864.44,1
2026-06-29,bank_1,FW202606020001,forward,2026-06-02,2026-07-06,EUR/USD,873594.57,1
2026-06-29,bank_4,SW202606030002,swap,2026-06-03,2026-11-05,GBP/USD,1628586.09,2
2026-06-29,bank_2,FW202606040001,forward,2026-06-04,2026-11-09,EUR/GBP,81358.65,1
2026-06-29,bank_3,FW202606120001,forward,2026-06-12,2026-11-16,GBP/USD,1116216.96,1
2026-06-29,bank_1,SW202606160001,swap,2026-06-16,2026-07-20,GBP/USD,1346655.52,2
2026-06-29,bank_3,SW202606160002,swap,2026-06-16,2026-07-20,GBP/USD,1599155.71,2
2026-06-29,bank_4,FW202606170001,forward,2026-06-17,2026-11-23,GBP/USD,2963611.9,1
2026-06-29,fx_pb_1,SW202606180001,swap,2026-06-18,2026-08-24,GBP/USD,8090245.54,2
2026-06-29,bank_1,FW202606220001,forward,2026-06-22,2026-07-24,EUR/GBP,5881032.02,1
2026-06-29,bank_2,FW202606230001,forward,2026-06-23,2026-09-25,EUR/GBP,9472911.67,1
2026-06-29,fx_pb_1,FW202606240002,forward,2026-06-24,2026-11-27,GBP/USD,8176020.28,1
2026-06-29,fx_pb_1,FW202606260001,forward,2026-06-26,2026-11-30,EUR/USD,1059214.58,1
2026-06-29,fx_pb_1,FW202606260002,forward,2026-06-26,2026-10-30,GBP/USD,2705562.26,1
2026-06-29,fx_pb_1,SP202606290001,spot,2026-06-29,2026-07-01,EUR/GBP,2614863.21,1
2026-06-30,fx_pb_1,SW202601150001,swap,2026-01-15,2026-07-20,EUR/USD,1111995.99,2
2026-06-30,bank_2,SW202602130001,swap,2026-02-13,2026-08-18,GBP/USD,1755939.85,2
2026-06-30,fx_pb_1,FW202603040001,forward,2026-03-04,2026-07-06,EUR/GBP,1035673.57,1
2026-06-30,bank_4,SW202603040002,swap,2026-03-04,2026-08-06,EUR/USD,2076701.35,2
2026-06-30,bank_3,SW202603240002,swap,2026-03-24,2026-08-26,EUR/GBP,2559837.95,2
2026-06-30,bank_1,SW202603250001,swap,2026-03-25,2026-08-27,EUR/USD,1761910.96,2
2026-06-30,bank_2,SW202604020001,swap,2026-04-02,2026-08-06,GBP/USD,1583716.52,2
2026-06-30,bank_1,FW202604030001,forward,2026-04-03,2026-10-07,GBP/USD,691503.79,1
2026-06-30,bank_4,FW202604090001,forward,2026-04-09,2026-08-13,GBP/USD,2598489.43,1
2026-06-30,bank_2,FW202604140001,forward,2026-04-14,2026-07-16,EUR/GBP,2342462.83,1
2026-06-30,bank_2,SW202604160001,swap,2026-04-16,2026-09-21,EUR/GBP,1721969.66,2
2026-06-30,fx_pb_1,SW202604200001,swap,2026-04-20,2026-08-24,EUR/GBP,1760352.4,2
2026-06-30,fx_pb_1,FW202604240001,forward,2026-04-24,2026-09-28,EUR/USD,118147.69,1
2026-06-30,fx_pb_1,SW202604280001,swap,2026-04-28,2026-09-30,EUR/USD,4948100.53,2
2026-06-30,bank_1,FW202604300001,forward,2026-04-30,2026-10-05,EUR/GBP,1180881.45,1
2026-06-30,bank_1,FW202605040001,forward,2026-05-04,2026-07-06,EUR/USD,4669869.74,1
2026-06-30,bank_2,SW202605080001,swap,2026-05-08,2026-11-12,EUR/GBP,8461571.63,2
2026-06-30,bank_2,FW202605140001,forward,2026-05-14,2026-10-19,GBP/USD,2702262.2,1
2026-06-30,bank_2,FW202605190001,forward,2026-05-19,2026-08-21,EUR/USD,182621.86,1
2026-06-30,bank_3,SW202605220001,swap,2026-05-22,2026-09-28,EUR/USD,1301770.26,2
2026-06-30,bank_3,FW202605270001,forward,2026-05-27,2026-09-29,GBP/USD,1817566.22,1
2026-06-30,bank_4,FW202605270002,forward,2026-05-27,2026-07-29,GBP/USD,112760.01,1
2026-06-30,bank_4,FW202605290001,forward,2026-05-29,2026-09-02,GBP/USD,2574864.44,1
2026-06-30,bank_1,FW202606020001,forward,2026-06-02,2026-07-06,EUR/USD,873594.57,1
2026-06-30,bank_4,SW202606030002,swap,2026-06-03,2026-11-05,GBP/USD,1628586.09,2
2026-06-30,bank_2,FW202606040001,forward,2026-06-04,2026-11-09,EUR/GBP,81358.65,1
2026-06-30,bank_3,FW202606120001,forward,2026-06-12,2026-11-16,GBP/USD,1116216.96,1
2026-06-30,bank_1,SW202606160001,swap,2026-06-16,2026-07-20,GBP/USD,1346655.52,2
2026-06-30,bank_3,SW202606160002,swap,2026-06-16,2026-07-20,GBP/USD,1599155.71,2
2026-06-30,bank_4,FW202606170001,forward,2026-06-17,2026-11-23,GBP/USD,2963611.9,1
2026-06-30,fx_pb_1,SW202606180001,swap,2026-06-18,2026-08-24,GBP/USD,8090245.54,2
2026-06-30,bank_1,FW202606220001,forward,2026-06-22,2026-07-24,EUR/GBP,5881032.02,1
2026-06-30,bank_2,FW202606230001,forward,2026-06-23,2026-09-25,EUR/GBP,9472911.67,1
2026-06-30,fx_pb_1,FW202606240002,forward,2026-06-24,2026-11-27,GBP/USD,8176020.28,1
2026-06-30,fx_pb_1,FW202606260001,forward,2026-06-26,2026-11-30,EUR/USD,1059214.58,1
2026-06-30,fx_pb_1,FW202606260002,forward,2026-06-26,2026-10-30,GBP/USD,2705562.26,1
2026-06-30,fx_pb_1,SP202606290001,spot,2026-06-29,2026-07-01,EUR/GBP,2614863.21,1
2026-06-30,bank_4,SP202606300001,spot,2026-06-30,2026-07-02,GBP/USD,1273642.56,1
2026-07-01,fx_pb_1,SW202601150001,swap,2026-01-15,2026-07-20,EUR/USD,1111995.99,2
2026-07-01,bank_2,SW202602130001,swap,2026-02-13,2026-08-18,GBP/USD,1755939.85,2
2026-07-01,fx_pb_1,FW202603040001,forward,2026-03-04,2026-07-06,EUR/GBP,1035673.57,1
2026-07-01,bank_4,SW202603040002,swap,2026-03-04,2026-08-06,EUR/USD,2076701.35,2
2026-07-01,bank_3,SW202603240002,swap,2026-03-24,2026-08-26,EUR/GBP,2559837.95,2
2026-07-01,bank_1,SW202603250001,swap,2026-03-25,2026-08-27,EUR/USD,1761910.96,2
2026-07-01,bank_2,SW202604020001,swap,2026-04-02,2026-08-06,GBP/USD,1583716.52,2
2026-07-01,bank_1,FW202604030001,forward,2026-04-03,2026-10-07,GBP/USD,691503.79,1
2026-07-01,bank_4,FW202604090001,forward,2026-04-09,2026-08-13,GBP/USD,2598489.43,1
2026-07-01,bank_2,FW202604140001,forward,2026-04-14,2026-07-16,EUR/GBP,2342462.83,1
2026-07-01,bank_2,SW202604160001,swap,2026-04-16,2026-09-21,EUR/GBP,1721969.66,2
2026-07-01,fx_pb_1,SW202604200001,swap,2026-04-20,2026-08-24,EUR/GBP,1760352.4,2
2026-07-01,fx_pb_1,FW202604240001,forward,2026-04-24,2026-09-28,EUR/USD,118147.69,1
2026-07-01,fx_pb_1,SW202604280001,swap,2026-04-28,2026-09-30,EUR/USD,4948100.53,2
2026-07-01,bank_1,FW202604300001,forward,2026-04-30,2026-10-05,EUR/GBP,1180881.45,1
2026-07-01,bank_1,FW202605040001,forward,2026-05-04,2026-07-06,EUR/USD,4669869.74,1
2026-07-01,bank_2,SW202605080001,swap,2026-05-08,2026-11-12,EUR/GBP,8461571.63,2
2026-07-01,bank_2,FW202605140001,forward,2026-05-14,2026-10-19,GBP/USD,2702262.2,1
2026-07-01,bank_2,FW202605190001,forward,2026-05-19,2026-08-21,EUR/USD,182621.86,1
2026-07-01,bank_3,SW202605220001,swap,2026-05-22,2026-09-28,EUR/USD,1301770.26,2
2026-07-01,bank_3,FW202605270001,forward,2026-05-27,2026-09-29,GBP/USD,1817566.22,1
2026-07-01,bank_4,FW202605270002,forward,2026-05-27,2026-07-29,GBP/USD,112760.01,1
2026-07-01,bank_4,FW202605290001,forward,2026-05-29,2026-09-02,GBP/USD,2574864.44,1
2026-07-01,bank_1,FW202606020001,forward,2026-06-02,2026-07-06,EUR/USD,873594.57,1
2026-07-01,bank_4,SW202606030002,swap,2026-06-03,2026-11-05,GBP/USD,1628586.09,2
2026-07-01,bank_2,FW202606040001,forward,2026-06-04,2026-11-09,EUR/GBP,81358.65,1
2026-07-01,bank_3,FW202606120001,forward,2026-06-12,2026-11-16,GBP/USD,1116216.96,1
2026-07-01,bank_1,SW202606160001,swap,2026-06-16,2026-07-20,GBP/USD,1346655.52,2
2026-07-01,bank_3,SW202606160002,swap,2026-06-16,2026-07-20,GBP/USD,1599155.71,2
2026-07-01,bank_4,FW202606170001,forward,2026-06-17,2026-11-23,GBP/USD,2963611.9,1
2026-07-01,fx_pb_1,SW202606180001,swap,2026-06-18,2026-08-24,GBP/USD,8090245.54,2
2026-07-01,bank_1,FW202606220001,forward,2026-06-22,2026-07-24,EUR/GBP,5881032.02,1
2026-07-01,bank_2,FW202606230001,forward,2026-06-23,2026-09-25,EUR/GBP,9472911.67,1
2026-07-01,fx_pb_1,FW202606240002,forward,2026-06-24,2026-11-27,GBP/USD,8176020.28,1
2026-07-01,fx_pb_1,FW202606260001,forward,2026-06-26,2026-11-30,EUR/USD,1059214.58,1
2026-07-01,fx_pb_1,FW202606260002,forward,2026-06-26,2026-10-30,GBP/USD,2705562.26,1
2026-07-01,bank_4,SP202606300001,spot,2026-06-30,2026-07-02,GBP/USD,1273642.56,1
2026-07-02,fx_pb_1,SW202601150001,swap,2026-01-15,2026-07-20,EUR/USD,1111995.99,2
2026-07-02,bank_2,SW202602130001,swap,2026-02-13,2026-08-18,GBP/USD,1755939.85,2
2026-07-02,fx_pb_1,FW202603040001,forward,2026-03-04,2026-07-06,EUR/GBP,1035673.57,1
2026-07-02,bank_4,SW202603040002,swap,2026-03-04,2026-08-06,EUR/USD,2076701.35,2
2026-07-02,bank_3,SW202603240002,swap,2026-03-24,2026-08-26,EUR/GBP,2559837.95,2
2026-07-02,bank_1,SW202603250001,swap,2026-03-25,2026-08-27,EUR/USD,1761910.96,2
2026-07-02,bank_2,SW202604020001,swap,2026-04-02,2026-08-06,GBP/USD,1583716.52,2
2026-07-02,bank_1,FW202604030001,forward,2026-04-03,2026-10-07,GBP/USD,691503.79,1
2026-07-02,bank_4,FW202604090001,forward,2026-04-09,2026-08-13,GBP/USD,2598489.43,1
2026-07-02,bank_2,FW202604140001,forward,2026-04-14,2026-07-16,EUR/GBP,2342462.83,1
2026-07-02,bank_2,SW202604160001,swap,2026-04-16,2026-09-21,EUR/GBP,1721969.66,2
2026-07-02,fx_pb_1,SW202604200001,swap,2026-04-20,2026-08-24,EUR/GBP,1760352.4,2
2026-07-02,fx_pb_1,FW202604240001,forward,2026-04-24,2026-09-28,EUR/USD,118147.69,1
2026-07-02,fx_pb_1,SW202604280001,swap,2026-04-28,2026-09-30,EUR/USD,4948100.53,2
2026-07-02,bank_1,FW202604300001,forward,2026-04-30,2026-10-05,EUR/GBP,1180881.45,1
2026-07-02,bank_1,FW202605040001,forward,2026-05-04,2026-07-06,EUR/USD,4669869.74,1
2026-07-02,bank_2,SW202605080001,swap,2026-05-08,2026-11-12,EUR/GBP,8461571.63,2
2026-07-02,bank_2,FW202605140001,forward,2026-05-14,2026-10-19,GBP/USD,2702262.2,1
2026-07-02,bank_2,FW202605190001,forward,2026-05-19,2026-08-21,EUR/USD,182621.86,1
2026-07-02,bank_3,SW202605220001,swap,2026-05-22,2026-09-28,EUR/USD,1301770.26,2
2026-07-02,bank_3,FW202605270001,forward,2026-05-27,2026-09-29,GBP/USD,1817566.22,1
2026-07-02,bank_4,FW202605270002,forward,2026-05-27,2026-07-29,GBP/USD,112760.01,1
2026-07-02,bank_4,FW202605290001,forward,2026-05-29,2026-09-02,GBP/USD,2574864.44,1
2026-07-02,bank_1,FW202606020001,forward,2026-06-02,2026-07-06,EUR/USD,873594.57,1
2026-07-02,bank_4,SW202606030002,swap,2026-06-03,2026-11-05,GBP/USD,1628586.09,2
2026-07-02,bank_2,FW202606040001,forward,2026-06-04,2026-11-09,EUR/GBP,81358.65,1
2026-07-02,bank_3,FW202606120001,forward,2026-06-12,2026-11-16,GBP/USD,1116216.96,1
2026-07-02,bank_1,SW202606160001,swap,2026-06-16,2026-07-20,GBP/USD,1346655.52,2
2026-07-02,bank_3,SW202606160002,swap,2026-06-16,2026-07-20,GBP/USD,1599155.71,2
2026-07-02,bank_4,FW202606170001,forward,2026-06-17,2026-11-23,GBP/USD,2963611.9,1
2026-07-02,fx_pb_1,SW202606180001,swap,2026-06-18,2026-08-24,GBP/USD,8090245.54,2
2026-07-02,bank_1,FW202606220001,forward,2026-06-22,2026-07-24,EUR/GBP,5881032.02,1
2026-07-02,bank_2,FW202606230001,forward,2026-06-23,2026-09-25,EUR/GBP,9472911.67,1
2026-07-02,fx_pb_1,FW202606240002,forward,2026-06-24,2026-11-27,GBP/USD,8176020.28,1
2026-07-02,fx_pb_1,FW202606260001,forward,2026-06-26,2026-11-30,EUR/USD,1059214.58,1
2026-07-02,fx_pb_1,FW202606260002,forward,2026-06-26,2026-10-30,GBP/USD,2705562.26,1
2026-07-02,bank_4,SW202607020001,swap,2026-07-02,2026-07-07,EUR/GBP,1784738.19,1
2026-07-02,bank_4,SW202607020001,swap,2026-07-02,2026-12-07,EUR/GBP,1799562.18,2
2026-07-06,fx_pb_1,SW202601150001,swap,2026-01-15,2026-07-20,EUR/USD,1111995.99,2
2026-07-06,bank_2,SW202602130001,swap,2026-02-13,2026-08-18,GBP/USD,1755939.85,2
2026-07-06,bank_4,SW202603040002,swap,2026-03-04,2026-08-06,EUR/USD,2076701.35,2
2026-07-06,bank_3,SW202603240002,swap,2026-03-24,2026-08-26,EUR/GBP,2559837.95,2
2026-07-06,bank_1,SW202603250001,swap,2026-03-25,2026-08-27,EUR/USD,1761910.96,2
2026-07-06,bank_2,SW202604020001,swap,2026-04-02,2026-08-06,GBP/USD,1583716.52,2
2026-07-06,bank_1,FW202604030001,forward,2026-04-03,2026-10-07,GBP/USD,691503.79,1
2026-07-06,bank_4,FW202604090001,forward,2026-04-09,2026-08-13,GBP/USD,2598489.43,1
2026-07-06,bank_2,FW202604140001,forward,2026-04-14,2026-07-16,EUR/GBP,2342462.83,1
2026-07-06,bank_2,SW202604160001,swap,2026-04-16,2026-09-21,EUR/GBP,1721969.66,2
2026-07-06,fx_pb_1,SW202604200001,swap,2026-04-20,2026-08-24,EUR/GBP,1760352.4,2
2026-07-06,fx_pb_1,FW202604240001,forward,2026-04-24,2026-09-28,EUR/USD,118147.69,1
2026-07-06,fx_pb_1,SW202604280001,swap,2026-04-28,2026-09-30,EUR/USD,4948100.53,2
2026-07-06,bank_1,FW202604300001,forward,2026-04-30,2026-10-05,EUR/GBP,1180881.45,1
2026-07-06,bank_2,SW202605080001,swap,2026-05-08,2026-11-12,EUR/GBP,8461571.63,2
2026-07-06,bank_2,FW202605140001,forward,2026-05-14,2026-10-19,GBP/USD,2702262.2,1
2026-07-06,bank_2,FW202605190001,forward,2026-05-19,2026-08-21,EUR/USD,182621.86,1
2026-07-06,bank_3,SW202605220001,swap,2026-05-22,2026-09-28,EUR/USD,1301770.26,2
2026-07-06,bank_3,FW202605270001,forward,2026-05-27,2026-09-29,GBP/USD,1817566.22,1
2026-07-06,bank_4,FW202605270002,forward,2026-05-27,2026-07-29,GBP/USD,112760.01,1
2026-07-06,bank_4,FW202605290001,forward,2026-05-29,2026-09-02,GBP/USD,2574864.44,1
2026-07-06,bank_4,SW202606030002,swap,2026-06-03,2026-11-05,GBP/USD,1628586.09,2
2026-07-06,bank_2,FW202606040001,forward,2026-06-04,2026-11-09,EUR/GBP,81358.65,1
2026-07-06,bank_3,FW202606120001,forward,2026-06-12,2026-11-16,GBP/USD,1116216.96,1
2026-07-06,bank_1,SW202606160001,swap,2026-06-16,2026-07-20,GBP/USD,1346655.52,2
2026-07-06,bank_3,SW202606160002,swap,2026-06-16,2026-07-20,GBP/USD,1599155.71,2
2026-07-06,bank_4,FW202606170001,forward,2026-06-17,2026-11-23,GBP/USD,2963611.9,1
2026-07-06,fx_pb_1,SW202606180001,swap,2026-06-18,2026-08-24,GBP/USD,8090245.54,2
2026-07-06,bank_1,FW202606220001,forward,2026-06-22,2026-07-24,EUR/GBP,5881032.02,1
2026-07-06,bank_2,FW202606230001,forward,2026-06-23,2026-09-25,EUR/GBP,9472911.67,1
2026-07-06,fx_pb_1,FW202606240002,forward,2026-06-24,2026-11-27,GBP/USD,8176020.28,1
2026-07-06,fx_pb_1,FW202606260001,forward,2026-06-26,2026-11-30,EUR/USD,1059214.58,1
2026-07-06,fx_pb_1,FW202606260002,forward,2026-06-26,2026-10-30,GBP/USD,2705562.26,1
2026-07-06,bank_4,SW202607020001,swap,2026-07-02,2026-07-07,EUR/GBP,1784738.19,1
2026-07-06,bank_4,SW202607020001,swap,2026-07-02,2026-12-07,EUR/GBP,1799562.18,2
2026-07-07,fx_pb_1,SW202601150001,swap,2026-01-15,2026-07-20,EUR/USD,1111995.99,2
2026-07-07,bank_2,SW202602130001,swap,2026-02-13,2026-08-18,GBP/USD,1755939.85,2
2026-07-07,bank_4,SW202603040002,swap,2026-03-04,2026-08-06,EUR/USD,2076701.35,2
2026-07-07,bank_3,SW202603240002,swap,2026-03-24,2026-08-26,EUR/GBP,2559837.95,2
2026-07-07,bank_1,SW202603250001,swap,2026-03-25,2026-08-27,EUR/USD,1761910.96,2
2026-07-07,bank_2,SW202604020001,swap,2026-04-02,2026-08-06,GBP/USD,1583716.52,2
2026-07-07,bank_1,FW202604030001,forward,2026-04-03,2026-10-07,GBP/USD,691503.79,1
2026-07-07,bank_4,FW202604090001,forward,2026-04-09,2026-08-13,GBP/USD,2598489.43,1
2026-07-07,bank_2,FW202604140001,forward,2026-04-14,2026-07-16,EUR/GBP,2342462.83,1
2026-07-07,bank_2,SW202604160001,swap,2026-04-16,2026-09-21,EUR/GBP,1721969.66,2
2026-07-07,fx_pb_1,SW202604200001,swap,2026-04-20,2026-08-24,EUR/GBP,1760352.4,2
2026-07-07,fx_pb_1,FW202604240001,forward,2026-04-24,2026-09-28,EUR/USD,118147.69,1
2026-07-07,fx_pb_1,SW202604280001,swap,2026-04-28,2026-09-30,EUR/USD,4948100.53,2
2026-07-07,bank_1,FW202604300001,forward,2026-04-30,2026-10-05,EUR/GBP,1180881.45,1
2026-07-07,bank_2,SW202605080001,swap,2026-05-08,2026-11-12,EUR/GBP,8461571.63,2
2026-07-07,bank_2,FW202605140001,forward,2026-05-14,2026-10-19,GBP/USD,2702262.2,1
2026-07-07,bank_2,FW202605190001,forward,2026-05-19,2026-08-21,EUR/USD,182621.86,1
2026-07-07,bank_3,SW202605220001,swap,2026-05-22,2026-09-28,EUR/USD,1301770.26,2
2026-07-07,bank_3,FW202605270001,forward,2026-05-27,2026-09-29,GBP/USD,1817566.22,1
2026-07-07,bank_4,FW202605270002,forward,2026-05-27,2026-07-29,GBP/USD,112760.01,1
2026-07-07,bank_4,FW202605290001,forward,2026-05-29,2026-09-02,GBP/USD,2574864.44,1
2026-07-07,bank_4,SW202606030002,swap,2026-06-03,2026-11-05,GBP/USD,1628586.09,2
2026-07-07,bank_2,FW202606040001,forward,2026-06-04,2026-11-09,EUR/GBP,81358.65,1
2026-07-07,bank_3,FW202606120001,forward,2026-06-12,2026-11-16,GBP/USD,1116216.96,1
2026-07-07,bank_1,SW202606160001,swap,2026-06-16,2026-07-20,GBP/USD,1346655.52,2
2026-07-07,bank_3,SW202606160002,swap,2026-06-16,2026-07-20,GBP/USD,1599155.71,2
2026-07-07,bank_4,FW202606170001,forward,2026-06-17,2026-11-23,GBP/USD,2963611.9,1
2026-07-07,fx_pb_1,SW202606180001,swap,2026-06-18,2026-08-24,GBP/USD,8090245.54,2
2026-07-07,bank_1,FW202606220001,forward,2026-06-22,2026-07-24,EUR/GBP,5881032.02,1
2026-07-07,bank_2,FW202606230001,forward,2026-06-23,2026-09-25,EUR/GBP,9472911.67,1
2026-07-07,fx_pb_1,FW202606240002,forward,2026-06-24,2026-11-27,GBP/USD,8176020.28,1
2026-07-07,fx_pb_1,FW202606260001,forward,2026-06-26,2026-11-30,EUR/USD,1059214.58,1
2026-07-07,fx_pb_1,FW202606260002,forward,2026-06-26,2026-10-30,GBP/USD,2705562.26,1
2026-07-07,bank_4,SW202607020001,swap,2026-07-02,2026-12-07,EUR/GBP,1799562.18,2
2026-07-07,fx_pb_1,FW202607070001,forward,2026-07-07,2026-10-09,EUR/USD,1686584.92,1
2026-07-08,fx_pb_1,SW202601150001,swap,2026-01-15,2026-07-20,EUR/USD,1111995.99,2
2026-07-08,bank_2,SW202602130001,swap,2026-02-13,2026-08-18,GBP/USD,1755939.85,2
2026-07-08,bank_4,SW202603040002,swap,2026-03-04,2026-08-06,EUR/USD,2076701.35,2
2026-07-08,bank_3,SW202603240002,swap,2026-03-24,2026-08-26,EUR/GBP,2559837.95,2
2026-07-08,bank_1,SW202603250001,swap,2026-03-25,2026-08-27,EUR/USD,1761910.96,2
2026-07-08,bank_2,SW202604020001,swap,2026-04-02,2026-08-06,GBP/USD,1583716.52,2
2026-07-08,bank_1,FW202604030001,forward,2026-04-03,2026-10-07,GBP/USD,691503.79,1
2026-07-08,bank_4,FW202604090001,forward,2026-04-09,2026-08-13,GBP/USD,2598489.43,1
2026-07-08,bank_2,FW202604140001,forward,2026-04-14,2026-07-16,EUR/GBP,2342462.83,1
2026-07-08,bank_2,SW202604160001,swap,2026-04-16,2026-09-21,EUR/GBP,1721969.66,2
2026-07-08,fx_pb_1,SW202604200001,swap,2026-04-20,2026-08-24,EUR/GBP,1760352.4,2
2026-07-08,fx_pb_1,FW202604240001,forward,2026-04-24,2026-09-28,EUR/USD,118147.69,1
2026-07-08,fx_pb_1,SW202604280001,swap,2026-04-28,2026-09-30,EUR/USD,4948100.53,2
2026-07-08,bank_1,FW202604300001,forward,2026-04-30,2026-10-05,EUR/GBP,1180881.45,1
2026-07-08,bank_2,SW202605080001,swap,2026-05-08,2026-11-12,EUR/GBP,8461571.63,2
2026-07-08,bank_2,FW202605140001,forward,2026-05-14,2026-10-19,GBP/USD,2702262.2,1
2026-07-08,bank_2,FW202605190001,forward,2026-05-19,2026-08-21,EUR/USD,182621.86,1
2026-07-08,bank_3,SW202605220001,swap,2026-05-22,2026-09-28,EUR/USD,1301770.26,2
2026-07-08,bank_3,FW202605270001,forward,2026-05-27,2026-09-29,GBP/USD,1817566.22,1
2026-07-08,bank_4,FW202605270002,forward,2026-05-27,2026-07-29,GBP/USD,112760.01,1
2026-07-08,bank_4,FW202605290001,forward,2026-05-29,2026-09-02,GBP/USD,2574864.44,1
2026-07-08,bank_4,SW202606030002,swap,2026-06-03,2026-11-05,GBP/USD,1628586.09,2
2026-07-08,bank_2,FW202606040001,forward,2026-06-04,2026-11-09,EUR/GBP,81358.65,1
2026-07-08,bank_3,FW202606120001,forward,2026-06-12,2026-11-16,GBP/USD,1116216.96,1
2026-07-08,bank_1,SW202606160001,swap,2026-06-16,2026-07-20,GBP/USD,1346655.52,2
2026-07-08,bank_3,SW202606160002,swap,2026-06-16,2026-07-20,GBP/USD,1599155.71,2
2026-07-08,bank_4,FW202606170001,forward,2026-06-17,2026-11-23,GBP/USD,2963611.9,1
2026-07-08,fx_pb_1,SW202606180001,swap,2026-06-18,2026-08-24,GBP/USD,8090245.54,2
2026-07-08,bank_1,FW202606220001,forward,2026-06-22,2026-07-24,EUR/GBP,5881032.02,1
2026-07-08,bank_2,FW202606230001,forward,2026-06-23,2026-09-25,EUR/GBP,9472911.67,1
2026-07-08,fx_pb_1,FW202606240002,forward,2026-06-24,2026-11-27,GBP/USD,8176020.28,1
2026-07-08,fx_pb_1,FW202606260001,forward,2026-06-26,2026-11-30,EUR/USD,1059214.58,1
2026-07-08,fx_pb_1,FW202606260002,forward,2026-06-26,2026-10-30,GBP/USD,2705562.26,1
2026-07-08,bank_4,SW202607020001,swap,2026-07-02,2026-12-07,EUR/GBP,1799562.18,2
2026-07-08,fx_pb_1,FW202607070001,forward,2026-07-07,2026-10-09,EUR/USD,1686584.92,1
2026-07-09,fx_pb_1,SW202601150001,swap,2026-01-15,2026-07-20,EUR/USD,1111995.99,2
2026-07-09,bank_2,SW202602130001,swap,2026-02-13,2026-08-18,GBP/USD,1755939.85,2
2026-07-09,bank_4,SW202603040002,swap,2026-03-04,2026-08-06,EUR/USD,2076701.35,2
2026-07-09,bank_3,SW202603240002,swap,2026-03-24,2026-08-26,EUR/GBP,2559837.95,2
2026-07-09,bank_1,SW202603250001,swap,2026-03-25,2026-08-27,EUR/USD,1761910.96,2
2026-07-09,bank_2,SW202604020001,swap,2026-04-02,2026-08-06,GBP/USD,1583716.52,2
2026-07-09,bank_1,FW202604030001,forward,2026-04-03,2026-10-07,GBP/USD,691503.79,1
2026-07-09,bank_4,FW202604090001,forward,2026-04-09,2026-08-13,GBP/USD,2598489.43,1
2026-07-09,bank_2,FW202604140001,forward,2026-04-14,2026-07-16,EUR/GBP,2342462.83,1
2026-07-09,bank_2,SW202604160001,swap,2026-04-16,2026-09-21,EUR/GBP,1721969.66,2
2026-07-09,fx_pb_1,SW202604200001,swap,2026-04-20,2026-08-24,EUR/GBP,1760352.4,2
2026-07-09,fx_pb_1,FW202604240001,forward,2026-04-24,2026-09-28,EUR/USD,118147.69,1
2026-07-09,fx_pb_1,SW202604280001,swap,2026-04-28,2026-09-30,EUR/USD,4948100.53,2
2026-07-09,bank_1,FW202604300001,forward,2026-04-30,2026-10-05,EUR/GBP,1180881.45,1
2026-07-09,bank_2,SW202605080001,swap,2026-05-08,2026-11-12,EUR/GBP,8461571.63,2
2026-07-09,bank_2,FW202605140001,forward,2026-05-14,2026-10-19,GBP/USD,2702262.2,1
2026-07-09,bank_2,FW202605190001,forward,2026-05-19,2026-08-21,EUR/USD,182621.86,1
2026-07-09,bank_3,SW202605220001,swap,2026-05-22,2026-09-28,EUR/USD,1301770.26,2
2026-07-09,bank_3,FW202605270001,forward,2026-05-27,2026-09-29,GBP/USD,1817566.22,1
2026-07-09,bank_4,FW202605270002,forward,2026-05-27,2026-07-29,GBP/USD,112760.01,1
2026-07-09,bank_4,FW202605290001,forward,2026-05-29,2026-09-02,GBP/USD,2574864.44,1
2026-07-09,bank_4,SW202606030002,swap,2026-06-03,2026-11-05,GBP/USD,1628586.09,2
2026-07-09,bank_2,FW202606040001,forward,2026-06-04,2026-11-09,EUR/GBP,81358.65,1
2026-07-09,bank_3,FW202606120001,forward,2026-06-12,2026-11-16,GBP/USD,1116216.96,1
2026-07-09,bank_1,SW202606160001,swap,2026-06-16,2026-07-20,GBP/USD,1346655.52,2
2026-07-09,bank_3,SW202606160002,swap,2026-06-16,2026-07-20,GBP/USD,1599155.71,2
2026-07-09,bank_4,FW202606170001,forward,2026-06-17,2026-11-23,GBP/USD,2963611.9,1
2026-07-09,fx_pb_1,SW202606180001,swap,2026-06-18,2026-08-24,GBP/USD,8090245.54,2
2026-07-09,bank_1,FW202606220001,forward,2026-06-22,2026-07-24,EUR/GBP,5881032.02,1
2026-07-09,bank_2,FW202606230001,forward,2026-06-23,2026-09-25,EUR/GBP,9472911.67,1
2026-07-09,fx_pb_1,FW202606240002,forward,2026-06-24,2026-11-27,GBP/USD,8176020.28,1
2026-07-09,fx_pb_1,FW202606260001,forward,2026-06-26,2026-11-30,EUR/USD,1059214.58,1
2026-07-09,fx_pb_1,FW202606260002,forward,2026-06-26,2026-10-30,GBP/USD,2705562.26,1
2026-07-09,bank_4,SW202607020001,swap,2026-07-02,2026-12-07,EUR/GBP,1799562.18,2
2026-07-09,fx_pb_1,FW202607070001,forward,2026-07-07,2026-10-09,EUR/USD,1686584.92,1
2026-07-10,fx_pb_1,SW202601150001,swap,2026-01-15,2026-07-20,EUR/USD,1111995.99,2
2026-07-10,bank_2,SW202602130001,swap,2026-02-13,2026-08-18,GBP/USD,1755939.85,2
2026-07-10,bank_4,SW202603040002,swap,2026-03-04,2026-08-06,EUR/USD,2076701.35,2
2026-07-10,bank_3,SW202603240002,swap,2026-03-24,2026-08-26,EUR/GBP,2559837.95,2
2026-07-10,bank_1,SW202603250001,swap,2026-03-25,2026-08-27,EUR/USD,1761910.96,2
2026-07-10,bank_2,SW202604020001,swap,2026-04-02,2026-08-06,GBP/USD,1583716.52,2
2026-07-10,bank_1,FW202604030001,forward,2026-04-03,2026-10-07,GBP/USD,691503.79,1
2026-07-10,bank_4,FW202604090001,forward,2026-04-09,2026-08-13,GBP/USD,2598489.43,1
2026-07-10,bank_2,FW202604140001,forward,2026-04-14,2026-07-16,EUR/GBP,2342462.83,1
2026-07-10,bank_2,SW202604160001,swap,2026-04-16,2026-09-21,EUR/GBP,1721969.66,2
2026-07-10,fx_pb_1,SW202604200001,swap,2026-04-20,2026-08-24,EUR/GBP,1760352.4,2
2026-07-10,fx_pb_1,FW202604240001,forward,2026-04-24,2026-09-28,EUR/USD,118147.69,1
2026-07-10,fx_pb_1,SW202604280001,swap,2026-04-28,2026-09-30,EUR/USD,4948100.53,2
2026-07-10,bank_1,FW202604300001,forward,2026-04-30,2026-10-05,EUR/GBP,1180881.45,1
2026-07-10,bank_2,SW202605080001,swap,2026-05-08,2026-11-12,EUR/GBP,8461571.63,2
2026-07-10,bank_2,FW202605140001,forward,2026-05-14,2026-10-19,GBP/USD,2702262.2,1
2026-07-10,bank_2,FW202605190001,forward,2026-05-19,2026-08-21,EUR/USD,182621.86,1
2026-07-10,bank_3,SW202605220001,swap,2026-05-22,2026-09-28,EUR/USD,1301770.26,2
2026-07-10,bank_3,FW202605270001,forward,2026-05-27,2026-09-29,GBP/USD,1817566.22,1
2026-07-10,bank_4,FW202605270002,forward,2026-05-27,2026-07-29,GBP/USD,112760.01,1
2026-07-10,bank_4,FW202605290001,forward,2026-05-29,2026-09-02,GBP/USD,2574864.44,1
2026-07-10,bank_4,SW202606030002,swap,2026-06-03,2026-11-05,GBP/USD,1628586.09,2
2026-07-10,bank_2,FW202606040001,forward,2026-06-04,2026-11-09,EUR/GBP,81358.65,1
2026-07-10,bank_3,FW202606120001,forward,2026-06-12,2026-11-16,GBP/USD,1116216.96,1
2026-07-10,bank_1,SW202606160001,swap,2026-06-16,2026-07-20,GBP/USD,1346655.52,2
2026-07-10,bank_3,SW202606160002,swap,2026-06-16,2026-07-20,GBP/USD,1599155.71,2
2026-07-10,bank_4,FW202606170001,forward,2026-06-17,2026-11-23,GBP/USD,2963611.9,1
2026-07-10,fx_pb_1,SW202606180001,swap,2026-06-18,2026-08-24,GBP/USD,8090245.54,2
2026-07-10,bank_1,FW202606220001,forward,2026-06-22,2026-07-24,EUR/GBP,5881032.02,1
2026-07-10,bank_2,FW202606230001,forward,2026-06-23,2026-09-25,EUR/GBP,9472911.67,1
2026-07-10,fx_pb_1,FW202606240002,forward,2026-06-24,2026-11-27,GBP/USD,8176020.28,1
2026-07-10,fx_pb_1,FW202606260001,forward,2026-06-26,2026-11-30,EUR/USD,1059214.58,1
2026-07-10,fx_pb_1,FW202606260002,forward,2026-06-26,2026-10-30,GBP/USD,2705562.26,1
2026-07-10,bank_4,SW202607020001,swap,2026-07-02,2026-12-07,EUR/GBP,1799562.18,2
2026-07-10,fx_pb_1,FW202607070001,forward,2026-07-07,2026-10-09,EUR/USD,1686584.92,1
2026-07-10,bank_3,SW202607100001,swap,2026-07-10,2026-07-14,GBP/USD,1569081.75,1
2026-07-10,bank_3,SW202607100001,swap,2026-07-10,2026-10-14,GBP/USD,1560768.66,2
2026-07-13,fx_pb_1,SW202601150001,swap,2026-01-15,2026-07-20,EUR/USD,1111995.99,2
2026-07-13,bank_2,SW202602130001,swap,2026-02-13,2026-08-18,GBP/USD,1755939.85,2
2026-07-13,bank_4,SW202603040002,swap,2026-03-04,2026-08-06,EUR/USD,2076701.35,2
2026-07-13,bank_3,SW202603240002,swap,2026-03-24,2026-08-26,EUR/GBP,2559837.95,2
2026-07-13,bank_1,SW202603250001,swap,2026-03-25,2026-08-27,EUR/USD,1761910.96,2
2026-07-13,bank_2,SW202604020001,swap,2026-04-02,2026-08-06,GBP/USD,1583716.52,2
2026-07-13,bank_1,FW202604030001,forward,2026-04-03,2026-10-07,GBP/USD,691503.79,1
2026-07-13,bank_4,FW202604090001,forward,2026-04-09,2026-08-13,GBP/USD,2598489.43,1
2026-07-13,bank_2,FW202604140001,forward,2026-04-14,2026-07-16,EUR/GBP,2342462.83,1
2026-07-13,bank_2,SW202604160001,swap,2026-04-16,2026-09-21,EUR/GBP,1721969.66,2
2026-07-13,fx_pb_1,SW202604200001,swap,2026-04-20,2026-08-24,EUR/GBP,1760352.4,2
2026-07-13,fx_pb_1,FW202604240001,forward,2026-04-24,2026-09-28,EUR/USD,118147.69,1
2026-07-13,fx_pb_1,SW202604280001,swap,2026-04-28,2026-09-30,EUR/USD,4948100.53,2
2026-07-13,bank_1,FW202604300001,forward,2026-04-30,2026-10-05,EUR/GBP,1180881.45,1
2026-07-13,bank_2,SW202605080001,swap,2026-05-08,2026-11-12,EUR/GBP,8461571.63,2
2026-07-13,bank_2,FW202605140001,forward,2026-05-14,2026-10-19,GBP/USD,2702262.2,1
2026-07-13,bank_2,FW202605190001,forward,2026-05-19,2026-08-21,EUR/USD,182621.86,1
2026-07-13,bank_3,SW202605220001,swap,2026-05-22,2026-09-28,EUR/USD,1301770.26,2
2026-07-13,bank_3,FW202605270001,forward,2026-05-27,2026-09-29,GBP/USD,1817566.22,1
2026-07-13,bank_4,FW202605270002,forward,2026-05-27,2026-07-29,GBP/USD,112760.01,1
2026-07-13,bank_4,FW202605290001,forward,2026-05-29,2026-09-02,GBP/USD,2574864.44,1
2026-07-13,bank_4,SW202606030002,swap,2026-06-03,2026-11-05,GBP/USD,1628586.09,2
2026-07-13,bank_2,FW202606040001,forward,2026-06-04,2026-11-09,EUR/GBP,81358.65,1
2026-07-13,bank_3,FW202606120001,forward,2026-06-12,2026-11-16,GBP/USD,1116216.96,1
2026-07-13,bank_1,SW202606160001,swap,2026-06-16,2026-07-20,GBP/USD,1346655.52,2
2026-07-13,bank_3,SW202606160002,swap,2026-06-16,2026-07-20,GBP/USD,1599155.71,2
2026-07-13,bank_4,FW202606170001,forward,2026-06-17,2026-11-23,GBP/USD,2963611.9,1
2026-07-13,fx_pb_1,SW202606180001,swap,2026-06-18,2026-08-24,GBP/USD,8090245.54,2
2026-07-13,bank_1,FW202606220001,forward,2026-06-22,2026-07-24,EUR/GBP,5881032.02,1
2026-07-13,bank_2,FW202606230001,forward,2026-06-23,2026-09-25,EUR/GBP,9472911.67,1
2026-07-13,fx_pb_1,FW202606240002,forward,2026-06-24,2026-11-27,GBP/USD,8176020.28,1
2026-07-13,fx_pb_1,FW202606260001,forward,2026-06-26,2026-11-30,EUR/USD,1059214.58,1
2026-07-13,fx_pb_1,FW202606260002,forward,2026-06-26,2026-10-30,GBP/USD,2705562.26,1
2026-07-13,bank_4,SW202607020001,swap,2026-07-02,2026-12-07,EUR/GBP,1799562.18,2
2026-07-13,fx_pb_1,FW202607070001,forward,2026-07-07,2026-10-09,EUR/USD,1686584.92,1
2026-07-13,bank_3,SW202607100001,swap,2026-07-10,2026-07-14,GBP/USD,1569081.75,1
2026-07-13,bank_3,SW202607100001,swap,2026-07-10,2026-10-14,GBP/USD,1560768.66,2
2026-07-13,fx_pb_1,SP202607130001,spot,2026-07-13,2026-07-15,EUR/GBP,2583948.85,1
2026-07-13,fx_pb_1,FW202607130002,forward,2026-07-13,2026-10-15,EUR/GBP,7722182.34,1
2026-07-14,fx_pb_1,SW202601150001,swap,2026-01-15,2026-07-20,EUR/USD,1111995.99,2
2026-07-14,bank_2,SW202602130001,swap,2026-02-13,2026-08-18,GBP/USD,1755939.85,2
2026-07-14,bank_4,SW202603040002,swap,2026-03-04,2026-08-06,EUR/USD,2076701.35,2
2026-07-14,bank_3,SW202603240002,swap,2026-03-24,2026-08-26,EUR/GBP,2559837.95,2
2026-07-14,bank_1,SW202603250001,swap,2026-03-25,2026-08-27,EUR/USD,1761910.96,2
2026-07-14,bank_2,SW202604020001,swap,2026-04-02,2026-08-06,GBP/USD,1583716.52,2
2026-07-14,bank_1,FW202604030001,forward,2026-04-03,2026-10-07,GBP/USD,691503.79,1
2026-07-14,bank_4,FW202604090001,forward,2026-04-09,2026-08-13,GBP/USD,2598489.43,1
2026-07-14,bank_2,FW202604140001,forward,2026-04-14,2026-07-16,EUR/GBP,2342462.83,1
2026-07-14,bank_2,SW202604160001,swap,2026-04-16,2026-09-21,EUR/GBP,1721969.66,2
2026-07-14,fx_pb_1,SW202604200001,swap,2026-04-20,2026-08-24,EUR/GBP,1760352.4,2
2026-07-14,fx_pb_1,FW202604240001,forward,2026-04-24,2026-09-28,EUR/USD,118147.69,1
2026-07-14,fx_pb_1,SW202604280001,swap,2026-04-28,2026-09-30,EUR/USD,4948100.53,2
2026-07-14,bank_1,FW202604300001,forward,2026-04-30,2026-10-05,EUR/GBP,1180881.45,1
2026-07-14,bank_2,SW202605080001,swap,2026-05-08,2026-11-12,EUR/GBP,8461571.63,2
2026-07-14,bank_2,FW202605140001,forward,2026-05-14,2026-10-19,GBP/USD,2702262.2,1
2026-07-14,bank_2,FW202605190001,forward,2026-05-19,2026-08-21,EUR/USD,182621.86,1
2026-07-14,bank_3,SW202605220001,swap,2026-05-22,2026-09-28,EUR/USD,1301770.26,2
2026-07-14,bank_3,FW202605270001,forward,2026-05-27,2026-09-29,GBP/USD,1817566.22,1
2026-07-14,bank_4,FW202605270002,forward,2026-05-27,2026-07-29,GBP/USD,112760.01,1
2026-07-14,bank_4,FW202605290001,forward,2026-05-29,2026-09-02,GBP/USD,2574864.44,1
2026-07-14,bank_4,SW202606030002,swap,2026-06-03,2026-11-05,GBP/USD,1628586.09,2
2026-07-14,bank_2,FW202606040001,forward,2026-06-04,2026-11-09,EUR/GBP,81358.65,1
2026-07-14,bank_3,FW202606120001,forward,2026-06-12,2026-11-16,GBP/USD,1116216.96,1
2026-07-14,bank_1,SW202606160001,swap,2026-06-16,2026-07-20,GBP/USD,1346655.52,2
2026-07-14,bank_3,SW202606160002,swap,2026-06-16,2026-07-20,GBP/USD,1599155.71,2
2026-07-14,bank_4,FW202606170001,forward,2026-06-17,2026-11-23,GBP/USD,2963611.9,1
2026-07-14,fx_pb_1,SW202606180001,swap,2026-06-18,2026-08-24,GBP/USD,8090245.54,2
2026-07-14,bank_1,FW202606220001,forward,2026-06-22,2026-07-24,EUR/GBP,5881032.02,1
2026-07-14,bank_2,FW202606230001,forward,2026-06-23,2026-09-25,EUR/GBP,9472911.67,1
2026-07-14,fx_pb_1,FW202606240002,forward,2026-06-24,2026-11-27,GBP/USD,8176020.28,1
2026-07-14,fx_pb_1,FW202606260001,forward,2026-06-26,2026-11-30,EUR/USD,1059214.58,1
2026-07-14,fx_pb_1,FW202606260002,forward,2026-06-26,2026-10-30,GBP/USD,2705562.26,1
2026-07-14,bank_4,SW202607020001,swap,2026-07-02,2026-12-07,EUR/GBP,1799562.18,2
2026-07-14,fx_pb_1,FW202607070001,forward,2026-07-07,2026-10-09,EUR/USD,1686584.92,1
2026-07-14,bank_3,SW202607100001,swap,2026-07-10,2026-10-14,GBP/USD,1560768.66,2
2026-07-14,fx_pb_1,SP202607130001,spot,2026-07-13,2026-07-15,EUR/GBP,2583948.85,1
2026-07-14,fx_pb_1,FW202607130002,forward,2026-07-13,2026-10-15,EUR/GBP,7722182.34,1
2026-07-14,bank_4,SW202607140001,swap,2026-07-14,2026-07-16,EUR/USD,649736.59,1
2026-07-14,bank_4,SW202607140001,swap,2026-07-14,2026-12-16,EUR/USD,644563.31,2
2026-07-14,bank_1,SW202607140002,swap,2026-07-14,2026-07-16,EUR/GBP,1071685.5,1
2026-07-14,bank_1,SW202607140002,swap,2026-07-14,2026-11-16,EUR/GBP,1081540.17,2
2026-07-14,bank_4,SP202607140003,spot,2026-07-14,2026-07-16,EUR/USD,564094.27,1
2026-07-15,fx_pb_1,SW202601150001,swap,2026-01-15,2026-07-20,EUR/USD,1111995.99,2
2026-07-15,bank_2,SW202602130001,swap,2026-02-13,2026-08-18,GBP/USD,1755939.85,2
2026-07-15,bank_4,SW202603040002,swap,2026-03-04,2026-08-06,EUR/USD,2076701.35,2
2026-07-15,bank_3,SW202603240002,swap,2026-03-24,2026-08-26,EUR/GBP,2559837.95,2
2026-07-15,bank_1,SW202603250001,swap,2026-03-25,2026-08-27,EUR/USD,1761910.96,2
2026-07-15,bank_2,SW202604020001,swap,2026-04-02,2026-08-06,GBP/USD,1583716.52,2
2026-07-15,bank_1,FW202604030001,forward,2026-04-03,2026-10-07,GBP/USD,691503.79,1
2026-07-15,bank_4,FW202604090001,forward,2026-04-09,2026-08-13,GBP/USD,2598489.43,1
2026-07-15,bank_2,FW202604140001,forward,2026-04-14,2026-07-16,EUR/GBP,2342462.83,1
2026-07-15,bank_2,SW202604160001,swap,2026-04-16,2026-09-21,EUR/GBP,1721969.66,2
2026-07-15,fx_pb_1,SW202604200001,swap,2026-04-20,2026-08-24,EUR/GBP,1760352.4,2
2026-07-15,fx_pb_1,FW202604240001,forward,2026-04-24,2026-09-28,EUR/USD,118147.69,1
2026-07-15,fx_pb_1,SW202604280001,swap,2026-04-28,2026-09-30,EUR/USD,4948100.53,2
2026-07-15,bank_1,FW202604300001,forward,2026-04-30,2026-10-05,EUR/GBP,1180881.45,1
2026-07-15,bank_2,SW202605080001,swap,2026-05-08,2026-11-12,EUR/GBP,8461571.63,2
2026-07-15,bank_2,FW202605140001,forward,2026-05-14,2026-10-19,GBP/USD,2702262.2,1
2026-07-15,bank_2,FW202605190001,forward,2026-05-19,2026-08-21,EUR/USD,182621.86,1
2026-07-15,bank_3,SW202605220001,swap,2026-05-22,2026-09-28,EUR/USD,1301770.26,2
2026-07-15,bank_3,FW202605270001,forward,2026-05-27,2026-09-29,GBP/USD,1817566.22,1
2026-07-15,bank_4,FW202605270002,forward,2026-05-27,2026-07-29,GBP/USD,112760.01,1
2026-07-15,bank_4,FW202605290001,forward,2026-05-29,2026-09-02,GBP/USD,2574864.44,1
2026-07-15,bank_4,SW202606030002,swap,2026-06-03,2026-11-05,GBP/USD,1628586.09,2
2026-07-15,bank_2,FW202606040001,forward,2026-06-04,2026-11-09,EUR/GBP,81358.65,1
2026-07-15,bank_3,FW202606120001,forward,2026-06-12,2026-11-16,GBP/USD,1116216.96,1
2026-07-15,bank_1,SW202606160001,swap,2026-06-16,2026-07-20,GBP/USD,1346655.52,2
2026-07-15,bank_3,SW202606160002,swap,2026-06-16,2026-07-20,GBP/USD,1599155.71,2
2026-07-15,bank_4,FW202606170001,forward,2026-06-17,2026-11-23,GBP/USD,2963611.9,1
2026-07-15,fx_pb_1,SW202606180001,swap,2026-06-18,2026-08-24,GBP/USD,8090245.54,2
2026-07-15,bank_1,FW202606220001,forward,2026-06-22,2026-07-24,EUR/GBP,5881032.02,1
2026-07-15,bank_2,FW202606230001,forward,2026-06-23,2026-09-25,EUR/GBP,9472911.67,1
2026-07-15,fx_pb_1,FW202606240002,forward,2026-06-24,2026-11-27,GBP/USD,8176020.28,1
2026-07-15,fx_pb_1,FW202606260001,forward,2026-06-26,2026-11-30,EUR/USD,1059214.58,1
2026-07-15,fx_pb_1,FW202606260002,forward,2026-06-26,2026-10-30,GBP/USD,2705562.26,1
2026-07-15,bank_4,SW202607020001,swap,2026-07-02,2026-12-07,EUR/GBP,1799562.18,2
2026-07-15,fx_pb_1,FW202607070001,forward,2026-07-07,2026-10-09,EUR/USD,1686584.92,1
2026-07-15,bank_3,SW202607100001,swap,2026-07-10,2026-10-14,GBP/USD,1560768.66,2
2026-07-15,fx_pb_1,FW202607130002,forward,2026-07-13,2026-10-15,EUR/GBP,7722182.34,1
2026-07-15,bank_4,SW202607140001,swap,2026-07-14,2026-07-16,EUR/USD,649736.59,1
2026-07-15,bank_4,SW202607140001,swap,2026-07-14,2026-12-16,EUR/USD,644563.31,2
2026-07-15,bank_1,SW202607140002,swap,2026-07-14,2026-07-16,EUR/GBP,1071685.5,1
2026-07-15,bank_1,SW202607140002,swap,2026-07-14,2026-11-16,EUR/GBP,1081540.17,2
2026-07-15,bank_4,SP202607140003,spot,2026-07-14,2026-07-16,EUR/USD,564094.27,1
2026-07-16,fx_pb_1,SW202601150001,swap,2026-01-15,2026-07-20,EUR/USD,1111995.99,2
2026-07-16,bank_2,SW202602130001,swap,2026-02-13,2026-08-18,GBP/USD,1755939.85,2
2026-07-16,bank_4,SW202603040002,swap,2026-03-04,2026-08-06,EUR/USD,2076701.35,2
2026-07-16,bank_3,SW202603240002,swap,2026-03-24,2026-08-26,EUR/GBP,2559837.95,2
2026-07-16,bank_1,SW202603250001,swap,2026-03-25,2026-08-27,EUR/USD,1761910.96,2
2026-07-16,bank_2,SW202604020001,swap,2026-04-02,2026-08-06,GBP/USD,1583716.52,2
2026-07-16,bank_1,FW202604030001,forward,2026-04-03,2026-10-07,GBP/USD,691503.79,1
2026-07-16,bank_4,FW202604090001,forward,2026-04-09,2026-08-13,GBP/USD,2598489.43,1
2026-07-16,bank_2,SW202604160001,swap,2026-04-16,2026-09-21,EUR/GBP,1721969.66,2
2026-07-16,fx_pb_1,SW202604200001,swap,2026-04-20,2026-08-24,EUR/GBP,1760352.4,2
2026-07-16,fx_pb_1,FW202604240001,forward,2026-04-24,2026-09-28,EUR/USD,118147.69,1
2026-07-16,fx_pb_1,SW202604280001,swap,2026-04-28,2026-09-30,EUR/USD,4948100.53,2
2026-07-16,bank_1,FW202604300001,forward,2026-04-30,2026-10-05,EUR/GBP,1180881.45,1
2026-07-16,bank_2,SW202605080001,swap,2026-05-08,2026-11-12,EUR/GBP,8461571.63,2
2026-07-16,bank_2,FW202605140001,forward,2026-05-14,2026-10-19,GBP/USD,2702262.2,1
2026-07-16,bank_2,FW202605190001,forward,2026-05-19,2026-08-21,EUR/USD,182621.86,1
2026-07-16,bank_3,SW202605220001,swap,2026-05-22,2026-09-28,EUR/USD,1301770.26,2
2026-07-16,bank_3,FW202605270001,forward,2026-05-27,2026-09-29,GBP/USD,1817566.22,1
2026-07-16,bank_4,FW202605270002,forward,2026-05-27,2026-07-29,GBP/USD,112760.01,1
2026-07-16,bank_4,FW202605290001,forward,2026-05-29,2026-09-02,GBP/USD,2574864.44,1
2026-07-16,bank_4,SW202606030002,swap,2026-06-03,2026-11-05,GBP/USD,1628586.09,2
2026-07-16,bank_2,FW202606040001,forward,2026-06-04,2026-11-09,EUR/GBP,81358.65,1
2026-07-16,bank_3,FW202606120001,forward,2026-06-12,2026-11-16,GBP/USD,1116216.96,1
2026-07-16,bank_1,SW202606160001,swap,2026-06-16,2026-07-20,GBP/USD,1346655.52,2
2026-07-16,bank_3,SW202606160002,swap,2026-06-16,2026-07-20,GBP/USD,1599155.71,2
2026-07-16,bank_4,FW202606170001,forward,2026-06-17,2026-11-23,GBP/USD,2963611.9,1
2026-07-16,fx_pb_1,SW202606180001,swap,2026-06-18,2026-08-24,GBP/USD,8090245.54,2
2026-07-16,bank_1,FW202606220001,forward,2026-06-22,2026-07-24,EUR/GBP,5881032.02,1
2026-07-16,bank_2,FW202606230001,forward,2026-06-23,2026-09-25,EUR/GBP,9472911.67,1
2026-07-16,fx_pb_1,FW202606240002,forward,2026-06-24,2026-11-27,GBP/USD,8176020.28,1
2026-07-16,fx_pb_1,FW202606260001,forward,2026-06-26,2026-11-30,EUR/USD,1059214.58,1
2026-07-16,fx_pb_1,FW202606260002,forward,2026-06-26,2026-10-30,GBP/USD,2705562.26,1
2026-07-16,bank_4,SW202607020001,swap,2026-07-02,2026-12-07,EUR/GBP,1799562.18,2
2026-07-16,fx_pb_1,FW202607070001,forward,2026-07-07,2026-10-09,EUR/USD,1686584.92,1
2026-07-16,bank_3,SW202607100001,swap,2026-07-10,2026-10-14,GBP/USD,1560768.66,2
2026-07-16,fx_pb_1,FW202607130002,forward,2026-07-13,2026-10-15,EUR/GBP,7722182.34,1
2026-07-16,bank_4,SW202607140001,swap,2026-07-14,2026-12-16,EUR/USD,644563.31,2
2026-07-16,bank_1,SW202607140002,swap,2026-07-14,2026-11-16,EUR/GBP,1081540.17,2
2026-07-17,fx_pb_1,SW202601150001,swap,2026-01-15,2026-07-20,EUR/USD,1111995.99,2
2026-07-17,bank_2,SW202602130001,swap,2026-02-13,2026-08-18,GBP/USD,1755939.85,2
2026-07-17,bank_4,SW202603040002,swap,2026-03-04,2026-08-06,EUR/USD,2076701.35,2
2026-07-17,bank_3,SW202603240002,swap,2026-03-24,2026-08-26,EUR/GBP,2559837.95,2
2026-07-17,bank_1,SW202603250001,swap,2026-03-25,2026-08-27,EUR/USD,1761910.96,2
2026-07-17,bank_2,SW202604020001,swap,2026-04-02,2026-08-06,GBP/USD,1583716.52,2
2026-07-17,bank_1,FW202604030001,forward,2026-04-03,2026-10-07,GBP/USD,691503.79,1
2026-07-17,bank_4,FW202604090001,forward,2026-04-09,2026-08-13,GBP/USD,2598489.43,1
2026-07-17,bank_2,SW202604160001,swap,2026-04-16,2026-09-21,EUR/GBP,1721969.66,2
2026-07-17,fx_pb_1,SW202604200001,swap,2026-04-20,2026-08-24,EUR/GBP,1760352.4,2
2026-07-17,fx_pb_1,FW202604240001,forward,2026-04-24,2026-09-28,EUR/USD,118147.69,1
2026-07-17,fx_pb_1,SW202604280001,swap,2026-04-28,2026-09-30,EUR/USD,4948100.53,2
2026-07-17,bank_1,FW202604300001,forward,2026-04-30,2026-10-05,EUR/GBP,1180881.45,1
2026-07-17,bank_2,SW202605080001,swap,2026-05-08,2026-11-12,EUR/GBP,8461571.63,2
2026-07-17,bank_2,FW202605140001,forward,2026-05-14,2026-10-19,GBP/USD,2702262.2,1
2026-07-17,bank_2,FW202605190001,forward,2026-05-19,2026-08-21,EUR/USD,182621.86,1
2026-07-17,bank_3,SW202605220001,swap,2026-05-22,2026-09-28,EUR/USD,1301770.26,2
2026-07-17,bank_3,FW202605270001,forward,2026-05-27,2026-09-29,GBP/USD,1817566.22,1
2026-07-17,bank_4,FW202605270002,forward,2026-05-27,2026-07-29,GBP/USD,112760.01,1
2026-07-17,bank_4,FW202605290001,forward,2026-05-29,2026-09-02,GBP/USD,2574864.44,1
2026-07-17,bank_4,SW202606030002,swap,2026-06-03,2026-11-05,GBP/USD,1628586.09,2
2026-07-17,bank_2,FW202606040001,forward,2026-06-04,2026-11-09,EUR/GBP,81358.65,1
2026-07-17,bank_3,FW202606120001,forward,2026-06-12,2026-11-16,GBP/USD,1116216.96,1
2026-07-17,bank_1,SW202606160001,swap,2026-06-16,2026-07-20,GBP/USD,1346655.52,2
2026-07-17,bank_3,SW202606160002,swap,2026-06-16,2026-07-20,GBP/USD,1599155.71,2
2026-07-17,bank_4,FW202606170001,forward,2026-06-17,2026-11-23,GBP/USD,2963611.9,1
2026-07-17,fx_pb_1,SW202606180001,swap,2026-06-18,2026-08-24,GBP/USD,8090245.54,2
2026-07-17,bank_1,FW202606220001,forward,2026-06-22,2026-07-24,EUR/GBP,5881032.02,1
2026-07-17,bank_2,FW202606230001,forward,2026-06-23,2026-09-25,EUR/GBP,9472911.67,1
2026-07-17,fx_pb_1,FW202606240002,forward,2026-06-24,2026-11-27,GBP/USD,8176020.28,1
2026-07-17,fx_pb_1,FW202606260001,forward,2026-06-26,2026-11-30,EUR/USD,1059214.58,1
2026-07-17,fx_pb_1,FW202606260002,forward,2026-06-26,2026-10-30,GBP/USD,2705562.26,1
2026-07-17,bank_4,SW202607020001,swap,2026-07-02,2026-12-07,EUR/GBP,1799562.18,2
2026-07-17,fx_pb_1,FW202607070001,forward,2026-07-07,2026-10-09,EUR/USD,1686584.92,1
2026-07-17,bank_3,SW202607100001,swap,2026-07-10,2026-10-14,GBP/USD,1560768.66,2
2026-07-17,fx_pb_1,FW202607130002,forward,2026-07-13,2026-10-15,EUR/GBP,7722182.34,1
2026-07-17,bank_4,SW202607140001,swap,2026-07-14,2026-12-16,EUR/USD,644563.31,2
2026-07-17,bank_1,SW202607140002,swap,2026-07-14,2026-11-16,EUR/GBP,1081540.17,2
2026-07-17,bank_3,SP202607170001,spot,2026-07-17,2026-07-21,EUR/USD,289280.29,1
2026-07-20,bank_2,SW202602130001,swap,2026-02-13,2026-08-18,GBP/USD,1755939.85,2
2026-07-20,bank_4,SW202603040002,swap,2026-03-04,2026-08-06,EUR/USD,2076701.35,2
2026-07-20,bank_3,SW202603240002,swap,2026-03-24,2026-08-26,EUR/GBP,2559837.95,2
2026-07-20,bank_1,SW202603250001,swap,2026-03-25,2026-08-27,EUR/USD,1761910.96,2
2026-07-20,bank_2,SW202604020001,swap,2026-04-02,2026-08-06,GBP/USD,1583716.52,2
2026-07-20,bank_1,FW202604030001,forward,2026-04-03,2026-10-07,GBP/USD,691503.79,1
2026-07-20,bank_4,FW202604090001,forward,2026-04-09,2026-08-13,GBP/USD,2598489.43,1
2026-07-20,bank_2,SW202604160001,swap,2026-04-16,2026-09-21,EUR/GBP,1721969.66,2
2026-07-20,fx_pb_1,SW202604200001,swap,2026-04-20,2026-08-24,EUR/GBP,1760352.4,2
2026-07-20,fx_pb_1,FW202604240001,forward,2026-04-24,2026-09-28,EUR/USD,118147.69,1
2026-07-20,fx_pb_1,SW202604280001,swap,2026-04-28,2026-09-30,EUR/USD,4948100.53,2
2026-07-20,bank_1,FW202604300001,forward,2026-04-30,2026-10-05,EUR/GBP,1180881.45,1
2026-07-20,bank_2,SW202605080001,swap,2026-05-08,2026-11-12,EUR/GBP,8461571.63,2
2026-07-20,bank_2,FW202605140001,forward,2026-05-14,2026-10-19,GBP/USD,2702262.2,1
2026-07-20,bank_2,FW202605190001,forward,2026-05-19,2026-08-21,EUR/USD,182621.86,1
2026-07-20,bank_3,SW202605220001,swap,2026-05-22,2026-09-28,EUR/USD,1301770.26,2
2026-07-20,bank_3,FW202605270001,forward,2026-05-27,2026-09-29,GBP/USD,1817566.22,1
2026-07-20,bank_4,FW202605270002,forward,2026-05-27,2026-07-29,GBP/USD,112760.01,1
2026-07-20,bank_4,FW202605290001,forward,2026-05-29,2026-09-02,GBP/USD,2574864.44,1
2026-07-20,bank_4,SW202606030002,swap,2026-06-03,2026-11-05,GBP/USD,1628586.09,2
2026-07-20,bank_2,FW202606040001,forward,2026-06-04,2026-11-09,EUR/GBP,81358.65,1
2026-07-20,bank_3,FW202606120001,forward,2026-06-12,2026-11-16,GBP/USD,1116216.96,1
2026-07-20,bank_4,FW202606170001,forward,2026-06-17,2026-11-23,GBP/USD,2963611.9,1
2026-07-20,fx_pb_1,SW202606180001,swap,2026-06-18,2026-08-24,GBP/USD,8090245.54,2
2026-07-20,bank_1,FW202606220001,forward,2026-06-22,2026-07-24,EUR/GBP,5881032.02,1
2026-07-20,bank_2,FW202606230001,forward,2026-06-23,2026-09-25,EUR/GBP,9472911.67,1
2026-07-20,fx_pb_1,FW202606240002,forward,2026-06-24,2026-11-27,GBP/USD,8176020.28,1
2026-07-20,fx_pb_1,FW202606260001,forward,2026-06-26,2026-11-30,EUR/USD,1059214.58,1
2026-07-20,fx_pb_1,FW202606260002,forward,2026-06-26,2026-10-30,GBP/USD,2705562.26,1
2026-07-20,bank_4,SW202607020001,swap,2026-07-02,2026-12-07,EUR/GBP,1799562.18,2
2026-07-20,fx_pb_1,FW202607070001,forward,2026-07-07,2026-10-09,EUR/USD,1686584.92,1
2026-07-20,bank_3,SW202607100001,swap,2026-07-10,2026-10-14,GBP/USD,1560768.66,2
2026-07-20,fx_pb_1,FW202607130002,forward,2026-07-13,2026-10-15,EUR/GBP,7722182.34,1
2026-07-20,bank_4,SW202607140001,swap,2026-07-14,2026-12-16,EUR/USD,644563.31,2
2026-07-20,bank_1,SW202607140002,swap,2026-07-14,2026-11-16,EUR/GBP,1081540.17,2
2026-07-20,bank_3,SP202607170001,spot,2026-07-17,2026-07-21,EUR/USD,289280.29,1
2026-07-21,bank_2,SW202602130001,swap,2026-02-13,2026-08-18,GBP/USD,1755939.85,2
2026-07-21,bank_4,SW202603040002,swap,2026-03-04,2026-08-06,EUR/USD,2076701.35,2
2026-07-21,bank_3,SW202603240002,swap,2026-03-24,2026-08-26,EUR/GBP,2559837.95,2
2026-07-21,bank_1,SW202603250001,swap,2026-03-25,2026-08-27,EUR/USD,1761910.96,2
2026-07-21,bank_2,SW202604020001,swap,2026-04-02,2026-08-06,GBP/USD,1583716.52,2
2026-07-21,bank_1,FW202604030001,forward,2026-04-03,2026-10-07,GBP/USD,691503.79,1
2026-07-21,bank_4,FW202604090001,forward,2026-04-09,2026-08-13,GBP/USD,2598489.43,1
2026-07-21,bank_2,SW202604160001,swap,2026-04-16,2026-09-21,EUR/GBP,1721969.66,2
2026-07-21,fx_pb_1,SW202604200001,swap,2026-04-20,2026-08-24,EUR/GBP,1760352.4,2
2026-07-21,fx_pb_1,FW202604240001,forward,2026-04-24,2026-09-28,EUR/USD,118147.69,1
2026-07-21,fx_pb_1,SW202604280001,swap,2026-04-28,2026-09-30,EUR/USD,4948100.53,2
2026-07-21,bank_1,FW202604300001,forward,2026-04-30,2026-10-05,EUR/GBP,1180881.45,1
2026-07-21,bank_2,SW202605080001,swap,2026-05-08,2026-11-12,EUR/GBP,8461571.63,2
2026-07-21,bank_2,FW202605140001,forward,2026-05-14,2026-10-19,GBP/USD,2702262.2,1
2026-07-21,bank_2,FW202605190001,forward,2026-05-19,2026-08-21,EUR/USD,182621.86,1
2026-07-21,bank_3,SW202605220001,swap,2026-05-22,2026-09-28,EUR/USD,1301770.26,2
2026-07-21,bank_3,FW202605270001,forward,2026-05-27,2026-09-29,GBP/USD,1817566.22,1
2026-07-21,bank_4,FW202605270002,forward,2026-05-27,2026-07-29,GBP/USD,112760.01,1
2026-07-21,bank_4,FW202605290001,forward,2026-05-29,2026-09-02,GBP/USD,2574864.44,1
2026-07-21,bank_4,SW202606030002,swap,2026-06-03,2026-11-05,GBP/USD,1628586.09,2
2026-07-21,bank_2,FW202606040001,forward,2026-06-04,2026-11-09,EUR/GBP,81358.65,1
2026-07-21,bank_3,FW202606120001,forward,2026-06-12,2026-11-16,GBP/USD,1116216.96,1
2026-07-21,bank_4,FW202606170001,forward,2026-06-17,2026-11-23,GBP/USD,2963611.9,1
2026-07-21,fx_pb_1,SW202606180001,swap,2026-06-18,2026-08-24,GBP/USD,8090245.54,2
2026-07-21,bank_1,FW202606220001,forward,2026-06-22,2026-07-24,EUR/GBP,5881032.02,1
2026-07-21,bank_2,FW202606230001,forward,2026-06-23,2026-09-25,EUR/GBP,9472911.67,1
2026-07-21,fx_pb_1,FW202606240002,forward,2026-06-24,2026-11-27,GBP/USD,8176020.28,1
2026-07-21,fx_pb_1,FW202606260001,forward,2026-06-26,2026-11-30,EUR/USD,1059214.58,1
2026-07-21,fx_pb_1,FW202606260002,forward,2026-06-26,2026-10-30,GBP/USD,2705562.26,1
2026-07-21,bank_4,SW202607020001,swap,2026-07-02,2026-12-07,EUR/GBP,1799562.18,2
2026-07-21,fx_pb_1,FW202607070001,forward,2026-07-07,2026-10-09,EUR/USD,1686584.92,1
2026-07-21,bank_3,SW202607100001,swap,2026-07-10,2026-10-14,GBP/USD,1560768.66,2
2026-07-21,fx_pb_1,FW202607130002,forward,2026-07-13,2026-10-15,EUR/GBP,7722182.34,1
2026-07-21,bank_4,SW202607140001,swap,2026-07-14,2026-12-16,EUR/USD,644563.31,2
2026-07-21,bank_1,SW202607140002,swap,2026-07-14,2026-11-16,EUR/GBP,1081540.17,2
2026-07-21,bank_1,FW202607210001,forward,2026-07-21,2026-10-23,GBP/USD,66810.56,1
2026-07-22,bank_2,SW202602130001,swap,2026-02-13,2026-08-18,GBP/USD,1755939.85,2
2026-07-22,bank_4,SW202603040002,swap,2026-03-04,2026-08-06,EUR/USD,2076701.35,2
2026-07-22,bank_3,SW202603240002,swap,2026-03-24,2026-08-26,EUR/GBP,2559837.95,2
2026-07-22,bank_1,SW202603250001,swap,2026-03-25,2026-08-27,EUR/USD,1761910.96,2
2026-07-22,bank_2,SW202604020001,swap,2026-04-02,2026-08-06,GBP/USD,1583716.52,2
2026-07-22,bank_1,FW202604030001,forward,2026-04-03,2026-10-07,GBP/USD,691503.79,1
2026-07-22,bank_4,FW202604090001,forward,2026-04-09,2026-08-13,GBP/USD,2598489.43,1
2026-07-22,bank_2,SW202604160001,swap,2026-04-16,2026-09-21,EUR/GBP,1721969.66,2
2026-07-22,fx_pb_1,SW202604200001,swap,2026-04-20,2026-08-24,EUR/GBP,1760352.4,2
2026-07-22,fx_pb_1,FW202604240001,forward,2026-04-24,2026-09-28,EUR/USD,118147.69,1
2026-07-22,fx_pb_1,SW202604280001,swap,2026-04-28,2026-09-30,EUR/USD,4948100.53,2
2026-07-22,bank_1,FW202604300001,forward,2026-04-30,2026-10-05,EUR/GBP,1180881.45,1
2026-07-22,bank_2,SW202605080001,swap,2026-05-08,2026-11-12,EUR/GBP,8461571.63,2
2026-07-22,bank_2,FW202605140001,forward,2026-05-14,2026-10-19,GBP/USD,2702262.2,1
2026-07-22,bank_2,FW202605190001,forward,2026-05-19,2026-08-21,EUR/USD,182621.86,1
2026-07-22,bank_3,SW202605220001,swap,2026-05-22,2026-09-28,EUR/USD,1301770.26,2
2026-07-22,bank_3,FW202605270001,forward,2026-05-27,2026-09-29,GBP/USD,1817566.22,1
2026-07-22,bank_4,FW202605270002,forward,2026-05-27,2026-07-29,GBP/USD,112760.01,1
2026-07-22,bank_4,FW202605290001,forward,2026-05-29,2026-09-02,GBP/USD,2574864.44,1
2026-07-22,bank_4,SW202606030002,swap,2026-06-03,2026-11-05,GBP/USD,1628586.09,2
2026-07-22,bank_2,FW202606040001,forward,2026-06-04,2026-11-09,EUR/GBP,81358.65,1
2026-07-22,bank_3,FW202606120001,forward,2026-06-12,2026-11-16,GBP/USD,1116216.96,1
2026-07-22,bank_4,FW202606170001,forward,2026-06-17,2026-11-23,GBP/USD,2963611.9,1
2026-07-22,fx_pb_1,SW202606180001,swap,2026-06-18,2026-08-24,GBP/USD,8090245.54,2
2026-07-22,bank_1,FW202606220001,forward,2026-06-22,2026-07-24,EUR/GBP,5881032.02,1
2026-07-22,bank_2,FW202606230001,forward,2026-06-23,2026-09-25,EUR/GBP,9472911.67,1
2026-07-22,fx_pb_1,FW202606240002,forward,2026-06-24,2026-11-27,GBP/USD,8176020.28,1
2026-07-22,fx_pb_1,FW202606260001,forward,2026-06-26,2026-11-30,EUR/USD,1059214.58,1
2026-07-22,fx_pb_1,FW202606260002,forward,2026-06-26,2026-10-30,GBP/USD,2705562.26,1
2026-07-22,bank_4,SW202607020001,swap,2026-07-02,2026-12-07,EUR/GBP,1799562.18,2
2026-07-22,fx_pb_1,FW202607070001,forward,2026-07-07,2026-10-09,EUR/USD,1686584.92,1
2026-07-22,bank_3,SW202607100001,swap,2026-07-10,2026-10-14,GBP/USD,1560768.66,2
2026-07-22,fx_pb_1,FW202607130002,forward,2026-07-13,2026-10-15,EUR/GBP,7722182.34,1
2026-07-22,bank_4,SW202607140001,swap,2026-07-14,2026-12-16,EUR/USD,644563.31,2
2026-07-22,bank_1,SW202607140002,swap,2026-07-14,2026-11-16,EUR/GBP,1081540.17,2
2026-07-22,bank_1,FW202607210001,forward,2026-07-21,2026-10-23,GBP/USD,66810.56,1
2026-07-23,bank_2,SW202602130001,swap,2026-02-13,2026-08-18,GBP/USD,1755939.85,2
2026-07-23,bank_4,SW202603040002,swap,2026-03-04,2026-08-06,EUR/USD,2076701.35,2
2026-07-23,bank_3,SW202603240002,swap,2026-03-24,2026-08-26,EUR/GBP,2559837.95,2
2026-07-23,bank_1,SW202603250001,swap,2026-03-25,2026-08-27,EUR/USD,1761910.96,2
2026-07-23,bank_2,SW202604020001,swap,2026-04-02,2026-08-06,GBP/USD,1583716.52,2
2026-07-23,bank_1,FW202604030001,forward,2026-04-03,2026-10-07,GBP/USD,691503.79,1
2026-07-23,bank_4,FW202604090001,forward,2026-04-09,2026-08-13,GBP/USD,2598489.43,1
2026-07-23,bank_2,SW202604160001,swap,2026-04-16,2026-09-21,EUR/GBP,1721969.66,2
2026-07-23,fx_pb_1,SW202604200001,swap,2026-04-20,2026-08-24,EUR/GBP,1760352.4,2
2026-07-23,fx_pb_1,FW202604240001,forward,2026-04-24,2026-09-28,EUR/USD,118147.69,1
2026-07-23,fx_pb_1,SW202604280001,swap,2026-04-28,2026-09-30,EUR/USD,4948100.53,2
2026-07-23,bank_1,FW202604300001,forward,2026-04-30,2026-10-05,EUR/GBP,1180881.45,1
2026-07-23,bank_2,SW202605080001,swap,2026-05-08,2026-11-12,EUR/GBP,8461571.63,2
2026-07-23,bank_2,FW202605140001,forward,2026-05-14,2026-10-19,GBP/USD,2702262.2,1
2026-07-23,bank_2,FW202605190001,forward,2026-05-19,2026-08-21,EUR/USD,182621.86,1
2026-07-23,bank_3,SW202605220001,swap,2026-05-22,2026-09-28,EUR/USD,1301770.26,2
2026-07-23,bank_3,FW202605270001,forward,2026-05-27,2026-09-29,GBP/USD,1817566.22,1
2026-07-23,bank_4,FW202605270002,forward,2026-05-27,2026-07-29,GBP/USD,112760.01,1
2026-07-23,bank_4,FW202605290001,forward,2026-05-29,2026-09-02,GBP/USD,2574864.44,1
2026-07-23,bank_4,SW202606030002,swap,2026-06-03,2026-11-05,GBP/USD,1628586.09,2
2026-07-23,bank_2,FW202606040001,forward,2026-06-04,2026-11-09,EUR/GBP,81358.65,1
2026-07-23,bank_3,FW202606120001,forward,2026-06-12,2026-11-16,GBP/USD,1116216.96,1
2026-07-23,bank_4,FW202606170001,forward,2026-06-17,2026-11-23,GBP/USD,2963611.9,1
2026-07-23,fx_pb_1,SW202606180001,swap,2026-06-18,2026-08-24,GBP/USD,8090245.54,2
2026-07-23,bank_1,FW202606220001,forward,2026-06-22,2026-07-24,EUR/GBP,5881032.02,1
2026-07-23,bank_2,FW202606230001,forward,2026-06-23,2026-09-25,EUR/GBP,9472911.67,1
2026-07-23,fx_pb_1,FW202606240002,forward,2026-06-24,2026-11-27,GBP/USD,8176020.28,1
2026-07-23,fx_pb_1,FW202606260001,forward,2026-06-26,2026-11-30,EUR/USD,1059214.58,1
2026-07-23,fx_pb_1,FW202606260002,forward,2026-06-26,2026-10-30,GBP/USD,2705562.26,1
2026-07-23,bank_4,SW202607020001,swap,2026-07-02,2026-12-07,EUR/GBP,1799562.18,2
2026-07-23,fx_pb_1,FW202607070001,forward,2026-07-07,2026-10-09,EUR/USD,1686584.92,1
2026-07-23,bank_3,SW202607100001,swap,2026-07-10,2026-10-14,GBP/USD,1560768.66,2
2026-07-23,fx_pb_1,FW202607130002,forward,2026-07-13,2026-10-15,EUR/GBP,7722182.34,1
2026-07-23,bank_4,SW202607140001,swap,2026-07-14,2026-12-16,EUR/USD,644563.31,2
2026-07-23,bank_1,SW202607140002,swap,2026-07-14,2026-11-16,EUR/GBP,1081540.17,2
2026-07-23,bank_1,FW202607210001,forward,2026-07-21,2026-10-23,GBP/USD,66810.56,1
2026-07-23,fx_pb_1,FW202607230001,forward,2026-07-23,2026-10-27,EUR/GBP,1666188.32,1
2026-07-24,bank_2,SW202602130001,swap,2026-02-13,2026-08-18,GBP/USD,1755939.85,2
2026-07-24,bank_4,SW202603040002,swap,2026-03-04,2026-08-06,EUR/USD,2076701.35,2
2026-07-24,bank_3,SW202603240002,swap,2026-03-24,2026-08-26,EUR/GBP,2559837.95,2
2026-07-24,bank_1,SW202603250001,swap,2026-03-25,2026-08-27,EUR/USD,1761910.96,2
2026-07-24,bank_2,SW202604020001,swap,2026-04-02,2026-08-06,GBP/USD,1583716.52,2
2026-07-24,bank_1,FW202604030001,forward,2026-04-03,2026-10-07,GBP/USD,691503.79,1
2026-07-24,bank_4,FW202604090001,forward,2026-04-09,2026-08-13,GBP/USD,2598489.43,1
2026-07-24,bank_2,SW202604160001,swap,2026-04-16,2026-09-21,EUR/GBP,1721969.66,2
2026-07-24,fx_pb_1,SW202604200001,swap,2026-04-20,2026-08-24,EUR/GBP,1760352.4,2
2026-07-24,fx_pb_1,FW202604240001,forward,2026-04-24,2026-09-28,EUR/USD,118147.69,1
2026-07-24,fx_pb_1,SW202604280001,swap,2026-04-28,2026-09-30,EUR/USD,4948100.53,2
2026-07-24,bank_1,FW202604300001,forward,2026-04-30,2026-10-05,EUR/GBP,1180881.45,1
2026-07-24,bank_2,SW202605080001,swap,2026-05-08,2026-11-12,EUR/GBP,8461571.63,2
2026-07-24,bank_2,FW202605140001,forward,2026-05-14,2026-10-19,GBP/USD,2702262.2,1
2026-07-24,bank_2,FW202605190001,forward,2026-05-19,2026-08-21,EUR/USD,182621.86,1
2026-07-24,bank_3,SW202605220001,swap,2026-05-22,2026-09-28,EUR/USD,1301770.26,2
2026-07-24,bank_3,FW202605270001,forward,2026-05-27,2026-09-29,GBP/USD,1817566.22,1
2026-07-24,bank_4,FW202605270002,forward,2026-05-27,2026-07-29,GBP/USD,112760.01,1
2026-07-24,bank_4,FW202605290001,forward,2026-05-29,2026-09-02,GBP/USD,2574864.44,1
2026-07-24,bank_4,SW202606030002,swap,2026-06-03,2026-11-05,GBP/USD,1628586.09,2
2026-07-24,bank_2,FW202606040001,forward,2026-06-04,2026-11-09,EUR/GBP,81358.65,1
2026-07-24,bank_3,FW202606120001,forward,2026-06-12,2026-11-16,GBP/USD,1116216.96,1
2026-07-24,bank_4,FW202606170001,forward,2026-06-17,2026-11-23,GBP/USD,2963611.9,1
2026-07-24,fx_pb_1,SW202606180001,swap,2026-06-18,2026-08-24,GBP/USD,8090245.54,2
2026-07-24,bank_2,FW202606230001,forward,2026-06-23,2026-09-25,EUR/GBP,9472911.67,1
2026-07-24,fx_pb_1,FW202606240002,forward,2026-06-24,2026-11-27,GBP/USD,8176020.28,1
2026-07-24,fx_pb_1,FW202606260001,forward,2026-06-26,2026-11-30,EUR/USD,1059214.58,1
2026-07-24,fx_pb_1,FW202606260002,forward,2026-06-26,2026-10-30,GBP/USD,2705562.26,1
2026-07-24,bank_4,SW202607020001,swap,2026-07-02,2026-12-07,EUR/GBP,1799562.18,2
2026-07-24,fx_pb_1,FW202607070001,forward,2026-07-07,2026-10-09,EUR/USD,1686584.92,1
2026-07-24,bank_3,SW202607100001,swap,2026-07-10,2026-10-14,GBP/USD,1560768.66,2
2026-07-24,fx_pb_1,FW202607130002,forward,2026-07-13,2026-10-15,EUR/GBP,7722182.34,1
2026-07-24,bank_4,SW202607140001,swap,2026-07-14,2026-12-16,EUR/USD,644563.31,2
2026-07-24,bank_1,SW202607140002,swap,2026-07-14,2026-11-16,EUR/GBP,1081540.17,2
2026-07-24,bank_1,FW202607210001,forward,2026-07-21,2026-10-23,GBP/USD,66810.56,1
2026-07-24,fx_pb_1,FW202607230001,forward,2026-07-23,2026-10-27,EUR/GBP,1666188.32,1
2026-07-27,bank_2,SW202602130001,swap,2026-02-13,2026-08-18,GBP/USD,1755939.85,2
2026-07-27,bank_4,SW202603040002,swap,2026-03-04,2026-08-06,EUR/USD,2076701.35,2
2026-07-27,bank_3,SW202603240002,swap,2026-03-24,2026-08-26,EUR/GBP,2559837.95,2
2026-07-27,bank_1,SW202603250001,swap,2026-03-25,2026-08-27,EUR/USD,1761910.96,2
2026-07-27,bank_2,SW202604020001,swap,2026-04-02,2026-08-06,GBP/USD,1583716.52,2
2026-07-27,bank_1,FW202604030001,forward,2026-04-03,2026-10-07,GBP/USD,691503.79,1
2026-07-27,bank_4,FW202604090001,forward,2026-04-09,2026-08-13,GBP/USD,2598489.43,1
2026-07-27,bank_2,SW202604160001,swap,2026-04-16,2026-09-21,EUR/GBP,1721969.66,2
2026-07-27,fx_pb_1,SW202604200001,swap,2026-04-20,2026-08-24,EUR/GBP,1760352.4,2
2026-07-27,fx_pb_1,FW202604240001,forward,2026-04-24,2026-09-28,EUR/USD,118147.69,1
2026-07-27,fx_pb_1,SW202604280001,swap,2026-04-28,2026-09-30,EUR/USD,4948100.53,2
2026-07-27,bank_1,FW202604300001,forward,2026-04-30,2026-10-05,EUR/GBP,1180881.45,1
2026-07-27,bank_2,SW202605080001,swap,2026-05-08,2026-11-12,EUR/GBP,8461571.63,2
2026-07-27,bank_2,FW202605140001,forward,2026-05-14,2026-10-19,GBP/USD,2702262.2,1
2026-07-27,bank_2,FW202605190001,forward,2026-05-19,2026-08-21,EUR/USD,182621.86,1
2026-07-27,bank_3,SW202605220001,swap,2026-05-22,2026-09-28,EUR/USD,1301770.26,2
2026-07-27,bank_3,FW202605270001,forward,2026-05-27,2026-09-29,GBP/USD,1817566.22,1
2026-07-27,bank_4,FW202605270002,forward,2026-05-27,2026-07-29,GBP/USD,112760.01,1
2026-07-27,bank_4,FW202605290001,forward,2026-05-29,2026-09-02,GBP/USD,2574864.44,1
2026-07-27,bank_4,SW202606030002,swap,2026-06-03,2026-11-05,GBP/USD,1628586.09,2
2026-07-27,bank_2,FW202606040001,forward,2026-06-04,2026-11-09,EUR/GBP,81358.65,1
2026-07-27,bank_3,FW202606120001,forward,2026-06-12,2026-11-16,GBP/USD,1116216.96,1
2026-07-27,bank_4,FW202606170001,forward,2026-06-17,2026-11-23,GBP/USD,2963611.9,1
2026-07-27,fx_pb_1,SW202606180001,swap,2026-06-18,2026-08-24,GBP/USD,8090245.54,2
2026-07-27,bank_2,FW202606230001,forward,2026-06-23,2026-09-25,EUR/GBP,9472911.67,1
2026-07-27,fx_pb_1,FW202606240002,forward,2026-06-24,2026-11-27,GBP/USD,8176020.28,1
2026-07-27,fx_pb_1,FW202606260001,forward,2026-06-26,2026-11-30,EUR/USD,1059214.58,1
2026-07-27,fx_pb_1,FW202606260002,forward,2026-06-26,2026-10-30,GBP/USD,2705562.26,1
2026-07-27,bank_4,SW202607020001,swap,2026-07-02,2026-12-07,EUR/GBP,1799562.18,2
2026-07-27,fx_pb_1,FW202607070001,forward,2026-07-07,2026-10-09,EUR/USD,1686584.92,1
2026-07-27,bank_3,SW202607100001,swap,2026-07-10,2026-10-14,GBP/USD,1560768.66,2
2026-07-27,fx_pb_1,FW202607130002,forward,2026-07-13,2026-10-15,EUR/GBP,7722182.34,1
2026-07-27,bank_4,SW202607140001,swap,2026-07-14,2026-12-16,EUR/USD,644563.31,2
2026-07-27,bank_1,SW202607140002,swap,2026-07-14,2026-11-16,EUR/GBP,1081540.17,2
2026-07-27,bank_1,FW202607210001,forward,2026-07-21,2026-10-23,GBP/USD,66810.56,1
2026-07-27,fx_pb_1,FW202607230001,forward,2026-07-23,2026-10-27,EUR/GBP,1666188.32,1
2026-07-28,bank_2,SW202602130001,swap,2026-02-13,2026-08-18,GBP/USD,1755939.85,2
2026-07-28,bank_4,SW202603040002,swap,2026-03-04,2026-08-06,EUR/USD,2076701.35,2
2026-07-28,bank_3,SW202603240002,swap,2026-03-24,2026-08-26,EUR/GBP,2559837.95,2
2026-07-28,bank_1,SW202603250001,swap,2026-03-25,2026-08-27,EUR/USD,1761910.96,2
2026-07-28,bank_2,SW202604020001,swap,2026-04-02,2026-08-06,GBP/USD,1583716.52,2
2026-07-28,bank_1,FW202604030001,forward,2026-04-03,2026-10-07,GBP/USD,691503.79,1
2026-07-28,bank_4,FW202604090001,forward,2026-04-09,2026-08-13,GBP/USD,2598489.43,1
2026-07-28,bank_2,SW202604160001,swap,2026-04-16,2026-09-21,EUR/GBP,1721969.66,2
2026-07-28,fx_pb_1,SW202604200001,swap,2026-04-20,2026-08-24,EUR/GBP,1760352.4,2
2026-07-28,fx_pb_1,FW202604240001,forward,2026-04-24,2026-09-28,EUR/USD,118147.69,1
2026-07-28,fx_pb_1,SW202604280001,swap,2026-04-28,2026-09-30,EUR/USD,4948100.53,2
2026-07-28,bank_1,FW202604300001,forward,2026-04-30,2026-10-05,EUR/GBP,1180881.45,1
2026-07-28,bank_2,SW202605080001,swap,2026-05-08,2026-11-12,EUR/GBP,8461571.63,2
2026-07-28,bank_2,FW202605140001,forward,2026-05-14,2026-10-19,GBP/USD,2702262.2,1
2026-07-28,bank_2,FW202605190001,forward,2026-05-19,2026-08-21,EUR/USD,182621.86,1
2026-07-28,bank_3,SW202605220001,swap,2026-05-22,2026-09-28,EUR/USD,1301770.26,2
2026-07-28,bank_3,FW202605270001,forward,2026-05-27,2026-09-29,GBP/USD,1817566.22,1
2026-07-28,bank_4,FW202605270002,forward,2026-05-27,2026-07-29,GBP/USD,112760.01,1
2026-07-28,bank_4,FW202605290001,forward,2026-05-29,2026-09-02,GBP/USD,2574864.44,1
2026-07-28,bank_4,SW202606030002,swap,2026-06-03,2026-11-05,GBP/USD,1628586.09,2
2026-07-28,bank_2,FW202606040001,forward,2026-06-04,2026-11-09,EUR/GBP,81358.65,1
2026-07-28,bank_3,FW202606120001,forward,2026-06-12,2026-11-16,GBP/USD,1116216.96,1
2026-07-28,bank_4,FW202606170001,forward,2026-06-17,2026-11-23,GBP/USD,2963611.9,1
2026-07-28,fx_pb_1,SW202606180001,swap,2026-06-18,2026-08-24,GBP/USD,8090245.54,2
2026-07-28,bank_2,FW202606230001,forward,2026-06-23,2026-09-25,EUR/GBP,9472911.67,1
2026-07-28,fx_pb_1,FW202606240002,forward,2026-06-24,2026-11-27,GBP/USD,8176020.28,1
2026-07-28,fx_pb_1,FW202606260001,forward,2026-06-26,2026-11-30,EUR/USD,1059214.58,1
2026-07-28,fx_pb_1,FW202606260002,forward,2026-06-26,2026-10-30,GBP/USD,2705562.26,1
2026-07-28,bank_4,SW202607020001,swap,2026-07-02,2026-12-07,EUR/GBP,1799562.18,2
2026-07-28,fx_pb_1,FW202607070001,forward,2026-07-07,2026-10-09,EUR/USD,1686584.92,1
2026-07-28,bank_3,SW202607100001,swap,2026-07-10,2026-10-14,GBP/USD,1560768.66,2
2026-07-28,fx_pb_1,FW202607130002,forward,2026-07-13,2026-10-15,EUR/GBP,7722182.34,1
2026-07-28,bank_4,SW202607140001,swap,2026-07-14,2026-12-16,EUR/USD,644563.31,2
2026-07-28,bank_1,SW202607140002,swap,2026-07-14,2026-11-16,EUR/GBP,1081540.17,2
2026-07-28,bank_1,FW202607210001,forward,2026-07-21,2026-10-23,GBP/USD,66810.56,1
2026-07-28,fx_pb_1,FW202607230001,forward,2026-07-23,2026-10-27,EUR/GBP,1666188.32,1
2026-07-28,bank_3,SP202607280001,spot,2026-07-28,2026-07-30,EUR/GBP,3339985.03,1
2026-07-29,bank_2,SW202602130001,swap,2026-02-13,2026-08-18,GBP/USD,1755939.85,2
2026-07-29,bank_4,SW202603040002,swap,2026-03-04,2026-08-06,EUR/USD,2076701.35,2
2026-07-29,bank_3,SW202603240002,swap,2026-03-24,2026-08-26,EUR/GBP,2559837.95,2
2026-07-29,bank_1,SW202603250001,swap,2026-03-25,2026-08-27,EUR/USD,1761910.96,2
2026-07-29,bank_2,SW202604020001,swap,2026-04-02,2026-08-06,GBP/USD,1583716.52,2
2026-07-29,bank_1,FW202604030001,forward,2026-04-03,2026-10-07,GBP/USD,691503.79,1
2026-07-29,bank_4,FW202604090001,forward,2026-04-09,2026-08-13,GBP/USD,2598489.43,1
2026-07-29,bank_2,SW202604160001,swap,2026-04-16,2026-09-21,EUR/GBP,1721969.66,2
2026-07-29,fx_pb_1,SW202604200001,swap,2026-04-20,2026-08-24,EUR/GBP,1760352.4,2
2026-07-29,fx_pb_1,FW202604240001,forward,2026-04-24,2026-09-28,EUR/USD,118147.69,1
2026-07-29,fx_pb_1,SW202604280001,swap,2026-04-28,2026-09-30,EUR/USD,4948100.53,2
2026-07-29,bank_1,FW202604300001,forward,2026-04-30,2026-10-05,EUR/GBP,1180881.45,1
2026-07-29,bank_2,SW202605080001,swap,2026-05-08,2026-11-12,EUR/GBP,8461571.63,2
2026-07-29,bank_2,FW202605140001,forward,2026-05-14,2026-10-19,GBP/USD,2702262.2,1
2026-07-29,bank_2,FW202605190001,forward,2026-05-19,2026-08-21,EUR/USD,182621.86,1
2026-07-29,bank_3,SW202605220001,swap,2026-05-22,2026-09-28,EUR/USD,1301770.26,2
2026-07-29,bank_3,FW202605270001,forward,2026-05-27,2026-09-29,GBP/USD,1817566.22,1
2026-07-29,bank_4,FW202605290001,forward,2026-05-29,2026-09-02,GBP/USD,2574864.44,1
2026-07-29,bank_4,SW202606030002,swap,2026-06-03,2026-11-05,GBP/USD,1628586.09,2
2026-07-29,bank_2,FW202606040001,forward,2026-06-04,2026-11-09,EUR/GBP,81358.65,1
2026-07-29,bank_3,FW202606120001,forward,2026-06-12,2026-11-16,GBP/USD,1116216.96,1
2026-07-29,bank_4,FW202606170001,forward,2026-06-17,2026-11-23,GBP/USD,2963611.9,1
2026-07-29,fx_pb_1,SW202606180001,swap,2026-06-18,2026-08-24,GBP/USD,8090245.54,2
2026-07-29,bank_2,FW202606230001,forward,2026-06-23,2026-09-25,EUR/GBP,9472911.67,1
2026-07-29,fx_pb_1,FW202606240002,forward,2026-06-24,2026-11-27,GBP/USD,8176020.28,1
2026-07-29,fx_pb_1,FW202606260001,forward,2026-06-26,2026-11-30,EUR/USD,1059214.58,1
2026-07-29,fx_pb_1,FW202606260002,forward,2026-06-26,2026-10-30,GBP/USD,2705562.26,1
2026-07-29,bank_4,SW202607020001,swap,2026-07-02,2026-12-07,EUR/GBP,1799562.18,2
2026-07-29,fx_pb_1,FW202607070001,forward,2026-07-07,2026-10-09,EUR/USD,1686584.92,1
2026-07-29,bank_3,SW202607100001,swap,2026-07-10,2026-10-14,GBP/USD,1560768.66,2
2026-07-29,fx_pb_1,FW202607130002,forward,2026-07-13,2026-10-15,EUR/GBP,7722182.34,1
2026-07-29,bank_4,SW202607140001,swap,2026-07-14,2026-12-16,EUR/USD,644563.31,2
2026-07-29,bank_1,SW202607140002,swap,2026-07-14,2026-11-16,EUR/GBP,1081540.17,2
2026-07-29,bank_1,FW202607210001,forward,2026-07-21,2026-10-23,GBP/USD,66810.56,1
2026-07-29,fx_pb_1,FW202607230001,forward,2026-07-23,2026-10-27,EUR/GBP,1666188.32,1
2026-07-29,bank_3,SP202607280001,spot,2026-07-28,2026-07-30,EUR/GBP,3339985.03,1
2026-07-29,fx_pb_1,FW202607290001,forward,2026-07-29,2026-09-30,EUR/USD,237899.22,1
2026-07-30,bank_2,SW202602130001,swap,2026-02-13,2026-08-18,GBP/USD,1755939.85,2
2026-07-30,bank_4,SW202603040002,swap,2026-03-04,2026-08-06,EUR/USD,2076701.35,2
2026-07-30,bank_3,SW202603240002,swap,2026-03-24,2026-08-26,EUR/GBP,2559837.95,2
2026-07-30,bank_1,SW202603250001,swap,2026-03-25,2026-08-27,EUR/USD,1761910.96,2
2026-07-30,bank_2,SW202604020001,swap,2026-04-02,2026-08-06,GBP/USD,1583716.52,2
2026-07-30,bank_1,FW202604030001,forward,2026-04-03,2026-10-07,GBP/USD,691503.79,1
2026-07-30,bank_4,FW202604090001,forward,2026-04-09,2026-08-13,GBP/USD,2598489.43,1
2026-07-30,bank_2,SW202604160001,swap,2026-04-16,2026-09-21,EUR/GBP,1721969.66,2
2026-07-30,fx_pb_1,SW202604200001,swap,2026-04-20,2026-08-24,EUR/GBP,1760352.4,2
2026-07-30,fx_pb_1,FW202604240001,forward,2026-04-24,2026-09-28,EUR/USD,118147.69,1
2026-07-30,fx_pb_1,SW202604280001,swap,2026-04-28,2026-09-30,EUR/USD,4948100.53,2
2026-07-30,bank_1,FW202604300001,forward,2026-04-30,2026-10-05,EUR/GBP,1180881.45,1
2026-07-30,bank_2,SW202605080001,swap,2026-05-08,2026-11-12,EUR/GBP,8461571.63,2
2026-07-30,bank_2,FW202605140001,forward,2026-05-14,2026-10-19,GBP/USD,2702262.2,1
2026-07-30,bank_2,FW202605190001,forward,2026-05-19,2026-08-21,EUR/USD,182621.86,1
2026-07-30,bank_3,SW202605220001,swap,2026-05-22,2026-09-28,EUR/USD,1301770.26,2
2026-07-30,bank_3,FW202605270001,forward,2026-05-27,2026-09-29,GBP/USD,1817566.22,1
2026-07-30,bank_4,FW202605290001,forward,2026-05-29,2026-09-02,GBP/USD,2574864.44,1
2026-07-30,bank_4,SW202606030002,swap,2026-06-03,2026-11-05,GBP/USD,1628586.09,2
2026-07-30,bank_2,FW202606040001,forward,2026-06-04,2026-11-09,EUR/GBP,81358.65,1
2026-07-30,bank_3,FW202606120001,forward,2026-06-12,2026-11-16,GBP/USD,1116216.96,1
2026-07-30,bank_4,FW202606170001,forward,2026-06-17,2026-11-23,GBP/USD,2963611.9,1
2026-07-30,fx_pb_1,SW202606180001,swap,2026-06-18,2026-08-24,GBP/USD,8090245.54,2
2026-07-30,bank_2,FW202606230001,forward,2026-06-23,2026-09-25,EUR/GBP,9472911.67,1
2026-07-30,fx_pb_1,FW202606240002,forward,2026-06-24,2026-11-27,GBP/USD,8176020.28,1
2026-07-30,fx_pb_1,FW202606260001,forward,2026-06-26,2026-11-30,EUR/USD,1059214.58,1
2026-07-30,fx_pb_1,FW202606260002,forward,2026-06-26,2026-10-30,GBP/USD,2705562.26,1
2026-07-30,bank_4,SW202607020001,swap,2026-07-02,2026-12-07,EUR/GBP,1799562.18,2
2026-07-30,fx_pb_1,FW202607070001,forward,2026-07-07,2026-10-09,EUR/USD,1686584.92,1
2026-07-30,bank_3,SW202607100001,swap,2026-07-10,2026-10-14,GBP/USD,1560768.66,2
2026-07-30,fx_pb_1,FW202607130002,forward,2026-07-13,2026-10-15,EUR/GBP,7722182.34,1
2026-07-30,bank_4,SW202607140001,swap,2026-07-14,2026-12-16,EUR/USD,644563.31,2
2026-07-30,bank_1,SW202607140002,swap,2026-07-14,2026-11-16,EUR/GBP,1081540.17,2
2026-07-30,bank_1,FW202607210001,forward,2026-07-21,2026-10-23,GBP/USD,66810.56,1
2026-07-30,fx_pb_1,FW202607230001,forward,2026-07-23,2026-10-27,EUR/GBP,1666188.32,1
2026-07-30,fx_pb_1,FW202607290001,forward,2026-07-29,2026-09-30,EUR/USD,237899.22,1
2026-07-30,bank_1,SP202607300001,spot,2026-07-30,2026-08-03,EUR/USD,225026.81,1
2026-07-31,bank_2,SW202602130001,swap,2026-02-13,2026-08-18,GBP/USD,1755939.85,2
2026-07-31,bank_4,SW202603040002,swap,2026-03-04,2026-08-06,EUR/USD,2076701.35,2
2026-07-31,bank_3,SW202603240002,swap,2026-03-24,2026-08-26,EUR/GBP,2559837.95,2
2026-07-31,bank_1,SW202603250001,swap,2026-03-25,2026-08-27,EUR/USD,1761910.96,2
2026-07-31,bank_2,SW202604020001,swap,2026-04-02,2026-08-06,GBP/USD,1583716.52,2
2026-07-31,bank_1,FW202604030001,forward,2026-04-03,2026-10-07,GBP/USD,691503.79,1
2026-07-31,bank_4,FW202604090001,forward,2026-04-09,2026-08-13,GBP/USD,2598489.43,1
2026-07-31,bank_2,SW202604160001,swap,2026-04-16,2026-09-21,EUR/GBP,1721969.66,2
2026-07-31,fx_pb_1,SW202604200001,swap,2026-04-20,2026-08-24,EUR/GBP,1760352.4,2
2026-07-31,fx_pb_1,FW202604240001,forward,2026-04-24,2026-09-28,EUR/USD,118147.69,1
2026-07-31,fx_pb_1,SW202604280001,swap,2026-04-28,2026-09-30,EUR/USD,4948100.53,2
2026-07-31,bank_1,FW202604300001,forward,2026-04-30,2026-10-05,EUR/GBP,1180881.45,1
2026-07-31,bank_2,SW202605080001,swap,2026-05-08,2026-11-12,EUR/GBP,8461571.63,2
2026-07-31,bank_2,FW202605140001,forward,2026-05-14,2026-10-19,GBP/USD,2702262.2,1
2026-07-31,bank_2,FW202605190001,forward,2026-05-19,2026-08-21,EUR/USD,182621.86,1
2026-07-31,bank_3,SW202605220001,swap,2026-05-22,2026-09-28,EUR/USD,1301770.26,2
2026-07-31,bank_3,FW202605270001,forward,2026-05-27,2026-09-29,GBP/USD,1817566.22,1
2026-07-31,bank_4,FW202605290001,forward,2026-05-29,2026-09-02,GBP/USD,2574864.44,1
2026-07-31,bank_4,SW202606030002,swap,2026-06-03,2026-11-05,GBP/USD,1628586.09,2
2026-07-31,bank_2,FW202606040001,forward,2026-06-04,2026-11-09,EUR/GBP,81358.65,1
2026-07-31,bank_3,FW202606120001,forward,2026-06-12,2026-11-16,GBP/USD,1116216.96,1
2026-07-31,bank_4,FW202606170001,forward,2026-06-17,2026-11-23,GBP/USD,2963611.9,1
2026-07-31,fx_pb_1,SW202606180001,swap,2026-06-18,2026-08-24,GBP/USD,8090245.54,2
2026-07-31,bank_2,FW202606230001,forward,2026-06-23,2026-09-25,EUR/GBP,9472911.67,1
2026-07-31,fx_pb_1,FW202606240002,forward,2026-06-24,2026-11-27,GBP/USD,8176020.28,1
2026-07-31,fx_pb_1,FW202606260001,forward,2026-06-26,2026-11-30,EUR/USD,1059214.58,1
2026-07-31,fx_pb_1,FW202606260002,forward,2026-06-26,2026-10-30,GBP/USD,2705562.26,1
2026-07-31,bank_4,SW202607020001,swap,2026-07-02,2026-12-07,EUR/GBP,1799562.18,2
2026-07-31,fx_pb_1,FW202607070001,forward,2026-07-07,2026-10-09,EUR/USD,1686584.92,1
2026-07-31,bank_3,SW202607100001,swap,2026-07-10,2026-10-14,GBP/USD,1560768.66,2
2026-07-31,fx_pb_1,FW202607130002,forward,2026-07-13,2026-10-15,EUR/GBP,7722182.34,1
2026-07-31,bank_4,SW202607140001,swap,2026-07-14,2026-12-16,EUR/USD,644563.31,2
2026-07-31,bank_1,SW202607140002,swap,2026-07-14,2026-11-16,EUR/GBP,1081540.17,2
2026-07-31,bank_1,FW202607210001,forward,2026-07-21,2026-10-23,GBP/USD,66810.56,1
2026-07-31,fx_pb_1,FW202607230001,forward,2026-07-23,2026-10-27,EUR/GBP,1666188.32,1
2026-07-31,fx_pb_1,FW202607290001,forward,2026-07-29,2026-09-30,EUR/USD,237899.22,1
2026-07-31,bank_1,SP202607300001,spot,2026-07-30,2026-08-03,EUR/USD,225026.81,1
2026-08-03,bank_2,SW202602130001,swap,2026-02-13,2026-08-18,GBP/USD,1755939.85,2
2026-08-03,bank_4,SW202603040002,swap,2026-03-04,2026-08-06,EUR/USD,2076701.35,2
2026-08-03,bank_3,SW202603240002,swap,2026-03-24,2026-08-26,EUR/GBP,2559837.95,2
2026-08-03,bank_1,SW202603250001,swap,2026-03-25,2026-08-27,EUR/USD,1761910.96,2
2026-08-03,bank_2,SW202604020001,swap,2026-04-02,2026-08-06,GBP/USD,1583716.52,2
2026-08-03,bank_1,FW202604030001,forward,2026-04-03,2026-10-07,GBP/USD,691503.79,1
2026-08-03,bank_4,FW202604090001,forward,2026-04-09,2026-08-13,GBP/USD,2598489.43,1
2026-08-03,bank_2,SW202604160001,swap,2026-04-16,2026-09-21,EUR/GBP,1721969.66,2
2026-08-03,fx_pb_1,SW202604200001,swap,2026-04-20,2026-08-24,EUR/GBP,1760352.4,2
2026-08-03,fx_pb_1,FW202604240001,forward,2026-04-24,2026-09-28,EUR/USD,118147.69,1
2026-08-03,fx_pb_1,SW202604280001,swap,2026-04-28,2026-09-30,EUR/USD,4948100.53,2
2026-08-03,bank_1,FW202604300001,forward,2026-04-30,2026-10-05,EUR/GBP,1180881.45,1
2026-08-03,bank_2,SW202605080001,swap,2026-05-08,2026-11-12,EUR/GBP,8461571.63,2
2026-08-03,bank_2,FW202605140001,forward,2026-05-14,2026-10-19,GBP/USD,2702262.2,1
2026-08-03,bank_2,FW202605190001,forward,2026-05-19,2026-08-21,EUR/USD,182621.86,1
2026-08-03,bank_3,SW202605220001,swap,2026-05-22,2026-09-28,EUR/USD,1301770.26,2
2026-08-03,bank_3,FW202605270001,forward,2026-05-27,2026-09-29,GBP/USD,1817566.22,1
2026-08-03,bank_4,FW202605290001,forward,2026-05-29,2026-09-02,GBP/USD,2574864.44,1
2026-08-03,bank_4,SW202606030002,swap,2026-06-03,2026-11-05,GBP/USD,1628586.09,2
2026-08-03,bank_2,FW202606040001,forward,2026-06-04,2026-11-09,EUR/GBP,81358.65,1
2026-08-03,bank_3,FW202606120001,forward,2026-06-12,2026-11-16,GBP/USD,1116216.96,1
2026-08-03,bank_4,FW202606170001,forward,2026-06-17,2026-11-23,GBP/USD,2963611.9,1
2026-08-03,fx_pb_1,SW202606180001,swap,2026-06-18,2026-08-24,GBP/USD,8090245.54,2
2026-08-03,bank_2,FW202606230001,forward,2026-06-23,2026-09-25,EUR/GBP,9472911.67,1
2026-08-03,fx_pb_1,FW202606240002,forward,2026-06-24,2026-11-27,GBP/USD,8176020.28,1
2026-08-03,fx_pb_1,FW202606260001,forward,2026-06-26,2026-11-30,EUR/USD,1059214.58,1
2026-08-03,fx_pb_1,FW202606260002,forward,2026-06-26,2026-10-30,GBP/USD,2705562.26,1
2026-08-03,bank_4,SW202607020001,swap,2026-07-02,2026-12-07,EUR/GBP,1799562.18,2
2026-08-03,fx_pb_1,FW202607070001,forward,2026-07-07,2026-10-09,EUR/USD,1686584.92,1
2026-08-03,bank_3,SW202607100001,swap,2026-07-10,2026-10-14,GBP/USD,1560768.66,2
2026-08-03,fx_pb_1,FW202607130002,forward,2026-07-13,2026-10-15,EUR/GBP,7722182.34,1
2026-08-03,bank_4,SW202607140001,swap,2026-07-14,2026-12-16,EUR/USD,644563.31,2
2026-08-03,bank_1,SW202607140002,swap,2026-07-14,2026-11-16,EUR/GBP,1081540.17,2
2026-08-03,bank_1,FW202607210001,forward,2026-07-21,2026-10-23,GBP/USD,66810.56,1
2026-08-03,fx_pb_1,FW202607230001,forward,2026-07-23,2026-10-27,EUR/GBP,1666188.32,1
2026-08-03,fx_pb_1,FW202607290001,forward,2026-07-29,2026-09-30,EUR/USD,237899.22,1
2026-08-03,fx_pb_1,SW202608030001,swap,2026-08-03,2026-08-05,EUR/USD,6181202.01,1
2026-08-03,fx_pb_1,SW202608030001,swap,2026-08-03,2026-10-05,EUR/USD,6193987.76,2
2026-08-04,bank_2,SW202602130001,swap,2026-02-13,2026-08-18,GBP/USD,1755939.85,2
2026-08-04,bank_4,SW202603040002,swap,2026-03-04,2026-08-06,EUR/USD,2076701.35,2
2026-08-04,bank_3,SW202603240002,swap,2026-03-24,2026-08-26,EUR/GBP,2559837.95,2
2026-08-04,bank_1,SW202603250001,swap,2026-03-25,2026-08-27,EUR/USD,1761910.96,2
2026-08-04,bank_2,SW202604020001,swap,2026-04-02,2026-08-06,GBP/USD,1583716.52,2
2026-08-04,bank_1,FW202604030001,forward,2026-04-03,2026-10-07,GBP/USD,691503.79,1
2026-08-04,bank_4,FW202604090001,forward,2026-04-09,2026-08-13,GBP/USD,2598489.43,1
2026-08-04,bank_2,SW202604160001,swap,2026-04-16,2026-09-21,EUR/GBP,1721969.66,2
2026-08-04,fx_pb_1,SW202604200001,swap,2026-04-20,2026-08-24,EUR/GBP,1760352.4,2
2026-08-04,fx_pb_1,FW202604240001,forward,2026-04-24,2026-09-28,EUR/USD,118147.69,1
2026-08-04,fx_pb_1,SW202604280001,swap,2026-04-28,2026-09-30,EUR/USD,4948100.53,2
2026-08-04,bank_1,FW202604300001,forward,2026-04-30,2026-10-05,EUR/GBP,1180881.45,1
2026-08-04,bank_2,SW202605080001,swap,2026-05-08,2026-11-12,EUR/GBP,8461571.63,2
2026-08-04,bank_2,FW202605140001,forward,2026-05-14,2026-10-19,GBP/USD,2702262.2,1
2026-08-04,bank_2,FW202605190001,forward,2026-05-19,2026-08-21,EUR/USD,182621.86,1
2026-08-04,bank_3,SW202605220001,swap,2026-05-22,2026-09-28,EUR/USD,1301770.26,2
2026-08-04,bank_3,FW202605270001,forward,2026-05-27,2026-09-29,GBP/USD,1817566.22,1
2026-08-04,bank_4,FW202605290001,forward,2026-05-29,2026-09-02,GBP/USD,2574864.44,1
2026-08-04,bank_4,SW202606030002,swap,2026-06-03,2026-11-05,GBP/USD,1628586.09,2
2026-08-04,bank_2,FW202606040001,forward,2026-06-04,2026-11-09,EUR/GBP,81358.65,1
2026-08-04,bank_3,FW202606120001,forward,2026-06-12,2026-11-16,GBP/USD,1116216.96,1
2026-08-04,bank_4,FW202606170001,forward,2026-06-17,2026-11-23,GBP/USD,2963611.9,1
2026-08-04,fx_pb_1,SW202606180001,swap,2026-06-18,2026-08-24,GBP/USD,8090245.54,2
2026-08-04,bank_2,FW202606230001,forward,2026-06-23,2026-09-25,EUR/GBP,9472911.67,1
2026-08-04,fx_pb_1,FW202606240002,forward,2026-06-24,2026-11-27,GBP/USD,8176020.28,1
2026-08-04,fx_pb_1,FW202606260001,forward,2026-06-26,2026-11-30,EUR/USD,1059214.58,1
2026-08-04,fx_pb_1,FW202606260002,forward,2026-06-26,2026-10-30,GBP/USD,2705562.26,1
2026-08-04,bank_4,SW202607020001,swap,2026-07-02,2026-12-07,EUR/GBP,1799562.18,2
2026-08-04,fx_pb_1,FW202607070001,forward,2026-07-07,2026-10-09,EUR/USD,1686584.92,1
2026-08-04,bank_3,SW202607100001,swap,2026-07-10,2026-10-14,GBP/USD,1560768.66,2
2026-08-04,fx_pb_1,FW202607130002,forward,2026-07-13,2026-10-15,EUR/GBP,7722182.34,1
2026-08-04,bank_4,SW202607140001,swap,2026-07-14,2026-12-16,EUR/USD,644563.31,2
2026-08-04,bank_1,SW202607140002,swap,2026-07-14,2026-11-16,EUR/GBP,1081540.17,2
2026-08-04,bank_1,FW202607210001,forward,2026-07-21,2026-10-23,GBP/USD,66810.56,1
2026-08-04,fx_pb_1,FW202607230001,forward,2026-07-23,2026-10-27,EUR/GBP,1666188.32,1
2026-08-04,fx_pb_1,FW202607290001,forward,2026-07-29,2026-09-30,EUR/USD,237899.22,1
2026-08-04,fx_pb_1,SW202608030001,swap,2026-08-03,2026-08-05,EUR/USD,6181202.01,1
2026-08-04,fx_pb_1,SW202608030001,swap,2026-08-03,2026-10-05,EUR/USD,6193987.76,2
2026-08-04,bank_3,SP202608040001,spot,2026-08-04,2026-08-06,EUR/GBP,2598427.04,1
2026-08-05,bank_2,SW202602130001,swap,2026-02-13,2026-08-18,GBP/USD,1755939.85,2
2026-08-05,bank_4,SW202603040002,swap,2026-03-04,2026-08-06,EUR/USD,2076701.35,2
2026-08-05,bank_3,SW202603240002,swap,2026-03-24,2026-08-26,EUR/GBP,2559837.95,2
2026-08-05,bank_1,SW202603250001,swap,2026-03-25,2026-08-27,EUR/USD,1761910.96,2
2026-08-05,bank_2,SW202604020001,swap,2026-04-02,2026-08-06,GBP/USD,1583716.52,2
2026-08-05,bank_1,FW202604030001,forward,2026-04-03,2026-10-07,GBP/USD,691503.79,1
2026-08-05,bank_4,FW202604090001,forward,2026-04-09,2026-08-13,GBP/USD,2598489.43,1
2026-08-05,bank_2,SW202604160001,swap,2026-04-16,2026-09-21,EUR/GBP,1721969.66,2
2026-08-05,fx_pb_1,SW202604200001,swap,2026-04-20,2026-08-24,EUR/GBP,1760352.4,2
2026-08-05,fx_pb_1,FW202604240001,forward,2026-04-24,2026-09-28,EUR/USD,118147.69,1
2026-08-05,fx_pb_1,SW202604280001,swap,2026-04-28,2026-09-30,EUR/USD,4948100.53,2
2026-08-05,bank_1,FW202604300001,forward,2026-04-30,2026-10-05,EUR/GBP,1180881.45,1
2026-08-05,bank_2,SW202605080001,swap,2026-05-08,2026-11-12,EUR/GBP,8461571.63,2
2026-08-05,bank_2,FW202605140001,forward,2026-05-14,2026-10-19,GBP/USD,2702262.2,1
2026-08-05,bank_2,FW202605190001,forward,2026-05-19,2026-08-21,EUR/USD,182621.86,1
2026-08-05,bank_3,SW202605220001,swap,2026-05-22,2026-09-28,EUR/USD,1301770.26,2
2026-08-05,bank_3,FW202605270001,forward,2026-05-27,2026-09-29,GBP/USD,1817566.22,1
2026-08-05,bank_4,FW202605290001,forward,2026-05-29,2026-09-02,GBP/USD,2574864.44,1
2026-08-05,bank_4,SW202606030002,swap,2026-06-03,2026-11-05,GBP/USD,1628586.09,2
2026-08-05,bank_2,FW202606040001,forward,2026-06-04,2026-11-09,EUR/GBP,81358.65,1
2026-08-05,bank_3,FW202606120001,forward,2026-06-12,2026-11-16,GBP/USD,1116216.96,1
2026-08-05,bank_4,FW202606170001,forward,2026-06-17,2026-11-23,GBP/USD,2963611.9,1
2026-08-05,fx_pb_1,SW202606180001,swap,2026-06-18,2026-08-24,GBP/USD,8090245.54,2
2026-08-05,bank_2,FW202606230001,forward,2026-06-23,2026-09-25,EUR/GBP,9472911.67,1
2026-08-05,fx_pb_1,FW202606240002,forward,2026-06-24,2026-11-27,GBP/USD,8176020.28,1
2026-08-05,fx_pb_1,FW202606260001,forward,2026-06-26,2026-11-30,EUR/USD,1059214.58,1
2026-08-05,fx_pb_1,FW202606260002,forward,2026-06-26,2026-10-30,GBP/USD,2705562.26,1
2026-08-05,bank_4,SW202607020001,swap,2026-07-02,2026-12-07,EUR/GBP,1799562.18,2
2026-08-05,fx_pb_1,FW202607070001,forward,2026-07-07,2026-10-09,EUR/USD,1686584.92,1
2026-08-05,bank_3,SW202607100001,swap,2026-07-10,2026-10-14,GBP/USD,1560768.66,2
2026-08-05,fx_pb_1,FW202607130002,forward,2026-07-13,2026-10-15,EUR/GBP,7722182.34,1
2026-08-05,bank_4,SW202607140001,swap,2026-07-14,2026-12-16,EUR/USD,644563.31,2
2026-08-05,bank_1,SW202607140002,swap,2026-07-14,2026-11-16,EUR/GBP,1081540.17,2
2026-08-05,bank_1,FW202607210001,forward,2026-07-21,2026-10-23,GBP/USD,66810.56,1
2026-08-05,fx_pb_1,FW202607230001,forward,2026-07-23,2026-10-27,EUR/GBP,1666188.32,1
2026-08-05,fx_pb_1,FW202607290001,forward,2026-07-29,2026-09-30,EUR/USD,237899.22,1
2026-08-05,fx_pb_1,SW202608030001,swap,2026-08-03,2026-10-05,EUR/USD,6193987.76,2
2026-08-05,bank_3,SP202608040001,spot,2026-08-04,2026-08-06,EUR/GBP,2598427.04,1
2026-08-05,bank_1,SP202608050001,spot,2026-08-05,2026-08-07,EUR/GBP,1635271.27,1
2026-08-06,bank_2,SW202602130001,swap,2026-02-13,2026-08-18,GBP/USD,1755939.85,2
2026-08-06,bank_3,SW202603240002,swap,2026-03-24,2026-08-26,EUR/GBP,2559837.95,2
2026-08-06,bank_1,SW202603250001,swap,2026-03-25,2026-08-27,EUR/USD,1761910.96,2
2026-08-06,bank_1,FW202604030001,forward,2026-04-03,2026-10-07,GBP/USD,691503.79,1
2026-08-06,bank_4,FW202604090001,forward,2026-04-09,2026-08-13,GBP/USD,2598489.43,1
2026-08-06,bank_2,SW202604160001,swap,2026-04-16,2026-09-21,EUR/GBP,1721969.66,2
2026-08-06,fx_pb_1,SW202604200001,swap,2026-04-20,2026-08-24,EUR/GBP,1760352.4,2
2026-08-06,fx_pb_1,FW202604240001,forward,2026-04-24,2026-09-28,EUR/USD,118147.69,1
2026-08-06,fx_pb_1,SW202604280001,swap,2026-04-28,2026-09-30,EUR/USD,4948100.53,2
2026-08-06,bank_1,FW202604300001,forward,2026-04-30,2026-10-05,EUR/GBP,1180881.45,1
2026-08-06,bank_2,SW202605080001,swap,2026-05-08,2026-11-12,EUR/GBP,8461571.63,2
2026-08-06,bank_2,FW202605140001,forward,2026-05-14,2026-10-19,GBP/USD,2702262.2,1
2026-08-06,bank_2,FW202605190001,forward,2026-05-19,2026-08-21,EUR/USD,182621.86,1
2026-08-06,bank_3,SW202605220001,swap,2026-05-22,2026-09-28,EUR/USD,1301770.26,2
2026-08-06,bank_3,FW202605270001,forward,2026-05-27,2026-09-29,GBP/USD,1817566.22,1
2026-08-06,bank_4,FW202605290001,forward,2026-05-29,2026-09-02,GBP/USD,2574864.44,1
2026-08-06,bank_4,SW202606030002,swap,2026-06-03,2026-11-05,GBP/USD,1628586.09,2
2026-08-06,bank_2,FW202606040001,forward,2026-06-04,2026-11-09,EUR/GBP,81358.65,1
2026-08-06,bank_3,FW202606120001,forward,2026-06-12,2026-11-16,GBP/USD,1116216.96,1
2026-08-06,bank_4,FW202606170001,forward,2026-06-17,2026-11-23,GBP/USD,2963611.9,1
2026-08-06,fx_pb_1,SW202606180001,swap,2026-06-18,2026-08-24,GBP/USD,8090245.54,2
2026-08-06,bank_2,FW202606230001,forward,2026-06-23,2026-09-25,EUR/GBP,9472911.67,1
2026-08-06,fx_pb_1,FW202606240002,forward,2026-06-24,2026-11-27,GBP/USD,8176020.28,1
2026-08-06,fx_pb_1,FW202606260001,forward,2026-06-26,2026-11-30,EUR/USD,1059214.58,1
2026-08-06,fx_pb_1,FW202606260002,forward,2026-06-26,2026-10-30,GBP/USD,2705562.26,1
2026-08-06,bank_4,SW202607020001,swap,2026-07-02,2026-12-07,EUR/GBP,1799562.18,2
2026-08-06,fx_pb_1,FW202607070001,forward,2026-07-07,2026-10-09,EUR/USD,1686584.92,1
2026-08-06,bank_3,SW202607100001,swap,2026-07-10,2026-10-14,GBP/USD,1560768.66,2
2026-08-06,fx_pb_1,FW202607130002,forward,2026-07-13,2026-10-15,EUR/GBP,7722182.34,1
2026-08-06,bank_4,SW202607140001,swap,2026-07-14,2026-12-16,EUR/USD,644563.31,2
2026-08-06,bank_1,SW202607140002,swap,2026-07-14,2026-11-16,EUR/GBP,1081540.17,2
2026-08-06,bank_1,FW202607210001,forward,2026-07-21,2026-10-23,GBP/USD,66810.56,1
2026-08-06,fx_pb_1,FW202607230001,forward,2026-07-23,2026-10-27,EUR/GBP,1666188.32,1
2026-08-06,fx_pb_1,FW202607290001,forward,2026-07-29,2026-09-30,EUR/USD,237899.22,1
2026-08-06,fx_pb_1,SW202608030001,swap,2026-08-03,2026-10-05,EUR/USD,6193987.76,2
2026-08-06,bank_1,SP202608050001,spot,2026-08-05,2026-08-07,EUR/GBP,1635271.27,1
2026-08-06,bank_4,SP202608060001,spot,2026-08-06,2026-08-10,EUR/GBP,74823.16,1
2026-08-07,bank_2,SW202602130001,swap,2026-02-13,2026-08-18,GBP/USD,1755939.85,2
2026-08-07,bank_3,SW202603240002,swap,2026-03-24,2026-08-26,EUR/GBP,2559837.95,2
2026-08-07,bank_1,SW202603250001,swap,2026-03-25,2026-08-27,EUR/USD,1761910.96,2
2026-08-07,bank_1,FW202604030001,forward,2026-04-03,2026-10-07,GBP/USD,691503.79,1
2026-08-07,bank_4,FW202604090001,forward,2026-04-09,2026-08-13,GBP/USD,2598489.43,1
2026-08-07,bank_2,SW202604160001,swap,2026-04-16,2026-09-21,EUR/GBP,1721969.66,2
2026-08-07,fx_pb_1,SW202604200001,swap,2026-04-20,2026-08-24,EUR/GBP,1760352.4,2
2026-08-07,fx_pb_1,FW202604240001,forward,2026-04-24,2026-09-28,EUR/USD,118147.69,1
2026-08-07,fx_pb_1,SW202604280001,swap,2026-04-28,2026-09-30,EUR/USD,4948100.53,2
2026-08-07,bank_1,FW202604300001,forward,2026-04-30,2026-10-05,EUR/GBP,1180881.45,1
2026-08-07,bank_2,SW202605080001,swap,2026-05-08,2026-11-12,EUR/GBP,8461571.63,2
2026-08-07,bank_2,FW202605140001,forward,2026-05-14,2026-10-19,GBP/USD,2702262.2,1
2026-08-07,bank_2,FW202605190001,forward,2026-05-19,2026-08-21,EUR/USD,182621.86,1
2026-08-07,bank_3,SW202605220001,swap,2026-05-22,2026-09-28,EUR/USD,1301770.26,2
2026-08-07,bank_3,FW202605270001,forward,2026-05-27,2026-09-29,GBP/USD,1817566.22,1
2026-08-07,bank_4,FW202605290001,forward,2026-05-29,2026-09-02,GBP/USD,2574864.44,1
2026-08-07,bank_4,SW202606030002,swap,2026-06-03,2026-11-05,GBP/USD,1628586.09,2
2026-08-07,bank_2,FW202606040001,forward,2026-06-04,2026-11-09,EUR/GBP,81358.65,1
2026-08-07,bank_3,FW202606120001,forward,2026-06-12,2026-11-16,GBP/USD,1116216.96,1
2026-08-07,bank_4,FW202606170001,forward,2026-06-17,2026-11-23,GBP/USD,2963611.9,1
2026-08-07,fx_pb_1,SW202606180001,swap,2026-06-18,2026-08-24,GBP/USD,8090245.54,2
2026-08-07,bank_2,FW202606230001,forward,2026-06-23,2026-09-25,EUR/GBP,9472911.67,1
2026-08-07,fx_pb_1,FW202606240002,forward,2026-06-24,2026-11-27,GBP/USD,8176020.28,1
2026-08-07,fx_pb_1,FW202606260001,forward,2026-06-26,2026-11-30,EUR/USD,1059214.58,1
2026-08-07,fx_pb_1,FW202606260002,forward,2026-06-26,2026-10-30,GBP/USD,2705562.26,1
2026-08-07,bank_4,SW202607020001,swap,2026-07-02,2026-12-07,EUR/GBP,1799562.18,2
2026-08-07,fx_pb_1,FW202607070001,forward,2026-07-07,2026-10-09,EUR/USD,1686584.92,1
2026-08-07,bank_3,SW202607100001,swap,2026-07-10,2026-10-14,GBP/USD,1560768.66,2
2026-08-07,fx_pb_1,FW202607130002,forward,2026-07-13,2026-10-15,EUR/GBP,7722182.34,1
2026-08-07,bank_4,SW202607140001,swap,2026-07-14,2026-12-16,EUR/USD,644563.31,2
2026-08-07,bank_1,SW202607140002,swap,2026-07-14,2026-11-16,EUR/GBP,1081540.17,2
2026-08-07,bank_1,FW202607210001,forward,2026-07-21,2026-10-23,GBP/USD,66810.56,1
2026-08-07,fx_pb_1,FW202607230001,forward,2026-07-23,2026-10-27,EUR/GBP,1666188.32,1
2026-08-07,fx_pb_1,FW202607290001,forward,2026-07-29,2026-09-30,EUR/USD,237899.22,1
2026-08-07,fx_pb_1,SW202608030001,swap,2026-08-03,2026-10-05,EUR/USD,6193987.76,2
2026-08-07,bank_4,SP202608060001,spot,2026-08-06,2026-08-10,EUR/GBP,74823.16,1
2026-08-07,bank_4,FW202608070001,forward,2026-08-07,2026-09-11,GBP/USD,1634306.34,1
2026-08-10,bank_2,SW202602130001,swap,2026-02-13,2026-08-18,GBP/USD,1755939.85,2
2026-08-10,bank_3,SW202603240002,swap,2026-03-24,2026-08-26,EUR/GBP,2559837.95,2
2026-08-10,bank_1,SW202603250001,swap,2026-03-25,2026-08-27,EUR/USD,1761910.96,2
2026-08-10,bank_1,FW202604030001,forward,2026-04-03,2026-10-07,GBP/USD,691503.79,1
2026-08-10,bank_4,FW202604090001,forward,2026-04-09,2026-08-13,GBP/USD,2598489.43,1
2026-08-10,bank_2,SW202604160001,swap,2026-04-16,2026-09-21,EUR/GBP,1721969.66,2
2026-08-10,fx_pb_1,SW202604200001,swap,2026-04-20,2026-08-24,EUR/GBP,1760352.4,2
2026-08-10,fx_pb_1,FW202604240001,forward,2026-04-24,2026-09-28,EUR/USD,118147.69,1
2026-08-10,fx_pb_1,SW202604280001,swap,2026-04-28,2026-09-30,EUR/USD,4948100.53,2
2026-08-10,bank_1,FW202604300001,forward,2026-04-30,2026-10-05,EUR/GBP,1180881.45,1
2026-08-10,bank_2,SW202605080001,swap,2026-05-08,2026-11-12,EUR/GBP,8461571.63,2
2026-08-10,bank_2,FW202605140001,forward,2026-05-14,2026-10-19,GBP/USD,2702262.2,1
2026-08-10,bank_2,FW202605190001,forward,2026-05-19,2026-08-21,EUR/USD,182621.86,1
2026-08-10,bank_3,SW202605220001,swap,2026-05-22,2026-09-28,EUR/USD,1301770.26,2
2026-08-10,bank_3,FW202605270001,forward,2026-05-27,2026-09-29,GBP/USD,1817566.22,1
2026-08-10,bank_4,FW202605290001,forward,2026-05-29,2026-09-02,GBP/USD,2574864.44,1
2026-08-10,bank_4,SW202606030002,swap,2026-06-03,2026-11-05,GBP/USD,1628586.09,2
2026-08-10,bank_2,FW202606040001,forward,2026-06-04,2026-11-09,EUR/GBP,81358.65,1
2026-08-10,bank_3,FW202606120001,forward,2026-06-12,2026-11-16,GBP/USD,1116216.96,1
2026-08-10,bank_4,FW202606170001,forward,2026-06-17,2026-11-23,GBP/USD,2963611.9,1
2026-08-10,fx_pb_1,SW202606180001,swap,2026-06-18,2026-08-24,GBP/USD,8090245.54,2
2026-08-10,bank_2,FW202606230001,forward,2026-06-23,2026-09-25,EUR/GBP,9472911.67,1
2026-08-10,fx_pb_1,FW202606240002,forward,2026-06-24,2026-11-27,GBP/USD,8176020.28,1
2026-08-10,fx_pb_1,FW202606260001,forward,2026-06-26,2026-11-30,EUR/USD,1059214.58,1
2026-08-10,fx_pb_1,FW202606260002,forward,2026-06-26,2026-10-30,GBP/USD,2705562.26,1
2026-08-10,bank_4,SW202607020001,swap,2026-07-02,2026-12-07,EUR/GBP,1799562.18,2
2026-08-10,fx_pb_1,FW202607070001,forward,2026-07-07,2026-10-09,EUR/USD,1686584.92,1
2026-08-10,bank_3,SW202607100001,swap,2026-07-10,2026-10-14,GBP/USD,1560768.66,2
2026-08-10,fx_pb_1,FW202607130002,forward,2026-07-13,2026-10-15,EUR/GBP,7722182.34,1
2026-08-10,bank_4,SW202607140001,swap,2026-07-14,2026-12-16,EUR/USD,644563.31,2
2026-08-10,bank_1,SW202607140002,swap,2026-07-14,2026-11-16,EUR/GBP,1081540.17,2
2026-08-10,bank_1,FW202607210001,forward,2026-07-21,2026-10-23,GBP/USD,66810.56,1
2026-08-10,fx_pb_1,FW202607230001,forward,2026-07-23,2026-10-27,EUR/GBP,1666188.32,1
2026-08-10,fx_pb_1,FW202607290001,forward,2026-07-29,2026-09-30,EUR/USD,237899.22,1
2026-08-10,fx_pb_1,SW202608030001,swap,2026-08-03,2026-10-05,EUR/USD,6193987.76,2
2026-08-10,bank_4,FW202608070001,forward,2026-08-07,2026-09-11,GBP/USD,1634306.34,1
2026-08-11,bank_2,SW202602130001,swap,2026-02-13,2026-08-18,GBP/USD,1755939.85,2
2026-08-11,bank_3,SW202603240002,swap,2026-03-24,2026-08-26,EUR/GBP,2559837.95,2
2026-08-11,bank_1,SW202603250001,swap,2026-03-25,2026-08-27,EUR/USD,1761910.96,2
2026-08-11,bank_1,FW202604030001,forward,2026-04-03,2026-10-07,GBP/USD,691503.79,1
2026-08-11,bank_4,FW202604090001,forward,2026-04-09,2026-08-13,GBP/USD,2598489.43,1
2026-08-11,bank_2,SW202604160001,swap,2026-04-16,2026-09-21,EUR/GBP,1721969.66,2
2026-08-11,fx_pb_1,SW202604200001,swap,2026-04-20,2026-08-24,EUR/GBP,1760352.4,2
2026-08-11,fx_pb_1,FW202604240001,forward,2026-04-24,2026-09-28,EUR/USD,118147.69,1
2026-08-11,fx_pb_1,SW202604280001,swap,2026-04-28,2026-09-30,EUR/USD,4948100.53,2
2026-08-11,bank_1,FW202604300001,forward,2026-04-30,2026-10-05,EUR/GBP,1180881.45,1
2026-08-11,bank_2,SW202605080001,swap,2026-05-08,2026-11-12,EUR/GBP,8461571.63,2
2026-08-11,bank_2,FW202605140001,forward,2026-05-14,2026-10-19,GBP/USD,2702262.2,1
2026-08-11,bank_2,FW202605190001,forward,2026-05-19,2026-08-21,EUR/USD,182621.86,1
2026-08-11,bank_3,SW202605220001,swap,2026-05-22,2026-09-28,EUR/USD,1301770.26,2
2026-08-11,bank_3,FW202605270001,forward,2026-05-27,2026-09-29,GBP/USD,1817566.22,1
2026-08-11,bank_4,FW202605290001,forward,2026-05-29,2026-09-02,GBP/USD,2574864.44,1
2026-08-11,bank_4,SW202606030002,swap,2026-06-03,2026-11-05,GBP/USD,1628586.09,2
2026-08-11,bank_2,FW202606040001,forward,2026-06-04,2026-11-09,EUR/GBP,81358.65,1
2026-08-11,bank_3,FW202606120001,forward,2026-06-12,2026-11-16,GBP/USD,1116216.96,1
2026-08-11,bank_4,FW202606170001,forward,2026-06-17,2026-11-23,GBP/USD,2963611.9,1
2026-08-11,fx_pb_1,SW202606180001,swap,2026-06-18,2026-08-24,GBP/USD,8090245.54,2
2026-08-11,bank_2,FW202606230001,forward,2026-06-23,2026-09-25,EUR/GBP,9472911.67,1
2026-08-11,fx_pb_1,FW202606240002,forward,2026-06-24,2026-11-27,GBP/USD,8176020.28,1
2026-08-11,fx_pb_1,FW202606260001,forward,2026-06-26,2026-11-30,EUR/USD,1059214.58,1
2026-08-11,fx_pb_1,FW202606260002,forward,2026-06-26,2026-10-30,GBP/USD,2705562.26,1
2026-08-11,bank_4,SW202607020001,swap,2026-07-02,2026-12-07,EUR/GBP,1799562.18,2
2026-08-11,fx_pb_1,FW202607070001,forward,2026-07-07,2026-10-09,EUR/USD,1686584.92,1
2026-08-11,bank_3,SW202607100001,swap,2026-07-10,2026-10-14,GBP/USD,1560768.66,2
2026-08-11,fx_pb_1,FW202607130002,forward,2026-07-13,2026-10-15,EUR/GBP,7722182.34,1
2026-08-11,bank_4,SW202607140001,swap,2026-07-14,2026-12-16,EUR/USD,644563.31,2
2026-08-11,bank_1,SW202607140002,swap,2026-07-14,2026-11-16,EUR/GBP,1081540.17,2
2026-08-11,bank_1,FW202607210001,forward,2026-07-21,2026-10-23,GBP/USD,66810.56,1
2026-08-11,fx_pb_1,FW202607230001,forward,2026-07-23,2026-10-27,EUR/GBP,1666188.32,1
2026-08-11,fx_pb_1,FW202607290001,forward,2026-07-29,2026-09-30,EUR/USD,237899.22,1
2026-08-11,fx_pb_1,SW202608030001,swap,2026-08-03,2026-10-05,EUR/USD,6193987.76,2
2026-08-11,bank_4,FW202608070001,forward,2026-08-07,2026-09-11,GBP/USD,1634306.34,1
2026-08-12,bank_2,SW202602130001,swap,2026-02-13,2026-08-18,GBP/USD,1755939.85,2
2026-08-12,bank_3,SW202603240002,swap,2026-03-24,2026-08-26,EUR/GBP,2559837.95,2
2026-08-12,bank_1,SW202603250001,swap,2026-03-25,2026-08-27,EUR/USD,1761910.96,2
2026-08-12,bank_1,FW202604030001,forward,2026-04-03,2026-10-07,GBP/USD,691503.79,1
2026-08-12,bank_4,FW202604090001,forward,2026-04-09,2026-08-13,GBP/USD,2598489.43,1
2026-08-12,bank_2,SW202604160001,swap,2026-04-16,2026-09-21,EUR/GBP,1721969.66,2
2026-08-12,fx_pb_1,SW202604200001,swap,2026-04-20,2026-08-24,EUR/GBP,1760352.4,2
2026-08-12,fx_pb_1,FW202604240001,forward,2026-04-24,2026-09-28,EUR/USD,118147.69,1
2026-08-12,fx_pb_1,SW202604280001,swap,2026-04-28,2026-09-30,EUR/USD,4948100.53,2
2026-08-12,bank_1,FW202604300001,forward,2026-04-30,2026-10-05,EUR/GBP,1180881.45,1
2026-08-12,bank_2,SW202605080001,swap,2026-05-08,2026-11-12,EUR/GBP,8461571.63,2
2026-08-12,bank_2,FW202605140001,forward,2026-05-14,2026-10-19,GBP/USD,2702262.2,1
2026-08-12,bank_2,FW202605190001,forward,2026-05-19,2026-08-21,EUR/USD,182621.86,1
2026-08-12,bank_3,SW202605220001,swap,2026-05-22,2026-09-28,EUR/USD,1301770.26,2
2026-08-12,bank_3,FW202605270001,forward,2026-05-27,2026-09-29,GBP/USD,1817566.22,1
2026-08-12,bank_4,FW202605290001,forward,2026-05-29,2026-09-02,GBP/USD,2574864.44,1
2026-08-12,bank_4,SW202606030002,swap,2026-06-03,2026-11-05,GBP/USD,1628586.09,2
2026-08-12,bank_2,FW202606040001,forward,2026-06-04,2026-11-09,EUR/GBP,81358.65,1
2026-08-12,bank_3,FW202606120001,forward,2026-06-12,2026-11-16,GBP/USD,1116216.96,1
2026-08-12,bank_4,FW202606170001,forward,2026-06-17,2026-11-23,GBP/USD,2963611.9,1
2026-08-12,fx_pb_1,SW202606180001,swap,2026-06-18,2026-08-24,GBP/USD,8090245.54,2
2026-08-12,bank_2,FW202606230001,forward,2026-06-23,2026-09-25,EUR/GBP,9472911.67,1
2026-08-12,fx_pb_1,FW202606240002,forward,2026-06-24,2026-11-27,GBP/USD,8176020.28,1
2026-08-12,fx_pb_1,FW202606260001,forward,2026-06-26,2026-11-30,EUR/USD,1059214.58,1
2026-08-12,fx_pb_1,FW202606260002,forward,2026-06-26,2026-10-30,GBP/USD,2705562.26,1
2026-08-12,bank_4,SW202607020001,swap,2026-07-02,2026-12-07,EUR/GBP,1799562.18,2
2026-08-12,fx_pb_1,FW202607070001,forward,2026-07-07,2026-10-09,EUR/USD,1686584.92,1
2026-08-12,bank_3,SW202607100001,swap,2026-07-10,2026-10-14,GBP/USD,1560768.66,2
2026-08-12,fx_pb_1,FW202607130002,forward,2026-07-13,2026-10-15,EUR/GBP,7722182.34,1
2026-08-12,bank_4,SW202607140001,swap,2026-07-14,2026-12-16,EUR/USD,644563.31,2
2026-08-12,bank_1,SW202607140002,swap,2026-07-14,2026-11-16,EUR/GBP,1081540.17,2
2026-08-12,bank_1,FW202607210001,forward,2026-07-21,2026-10-23,GBP/USD,66810.56,1
2026-08-12,fx_pb_1,FW202607230001,forward,2026-07-23,2026-10-27,EUR/GBP,1666188.32,1
2026-08-12,fx_pb_1,FW202607290001,forward,2026-07-29,2026-09-30,EUR/USD,237899.22,1
2026-08-12,fx_pb_1,SW202608030001,swap,2026-08-03,2026-10-05,EUR/USD,6193987.76,2
2026-08-12,bank_4,FW202608070001,forward,2026-08-07,2026-09-11,GBP/USD,1634306.34,1
2026-08-13,bank_2,SW202602130001,swap,2026-02-13,2026-08-18,GBP/USD,1755939.85,2
2026-08-13,bank_3,SW202603240002,swap,2026-03-24,2026-08-26,EUR/GBP,2559837.95,2
2026-08-13,bank_1,SW202603250001,swap,2026-03-25,2026-08-27,EUR/USD,1761910.96,2
2026-08-13,bank_1,FW202604030001,forward,2026-04-03,2026-10-07,GBP/USD,691503.79,1
2026-08-13,bank_2,SW202604160001,swap,2026-04-16,2026-09-21,EUR/GBP,1721969.66,2
2026-08-13,fx_pb_1,SW202604200001,swap,2026-04-20,2026-08-24,EUR/GBP,1760352.4,2
2026-08-13,fx_pb_1,FW202604240001,forward,2026-04-24,2026-09-28,EUR/USD,118147.69,1
2026-08-13,fx_pb_1,SW202604280001,swap,2026-04-28,2026-09-30,EUR/USD,4948100.53,2
2026-08-13,bank_1,FW202604300001,forward,2026-04-30,2026-10-05,EUR/GBP,1180881.45,1
2026-08-13,bank_2,SW202605080001,swap,2026-05-08,2026-11-12,EUR/GBP,8461571.63,2
2026-08-13,bank_2,FW202605140001,forward,2026-05-14,2026-10-19,GBP/USD,2702262.2,1
2026-08-13,bank_2,FW202605190001,forward,2026-05-19,2026-08-21,EUR/USD,182621.86,1
2026-08-13,bank_3,SW202605220001,swap,2026-05-22,2026-09-28,EUR/USD,1301770.26,2
2026-08-13,bank_3,FW202605270001,forward,2026-05-27,2026-09-29,GBP/USD,1817566.22,1
2026-08-13,bank_4,FW202605290001,forward,2026-05-29,2026-09-02,GBP/USD,2574864.44,1
2026-08-13,bank_4,SW202606030002,swap,2026-06-03,2026-11-05,GBP/USD,1628586.09,2
2026-08-13,bank_2,FW202606040001,forward,2026-06-04,2026-11-09,EUR/GBP,81358.65,1
2026-08-13,bank_3,FW202606120001,forward,2026-06-12,2026-11-16,GBP/USD,1116216.96,1
2026-08-13,bank_4,FW202606170001,forward,2026-06-17,2026-11-23,GBP/USD,2963611.9,1
2026-08-13,fx_pb_1,SW202606180001,swap,2026-06-18,2026-08-24,GBP/USD,8090245.54,2
2026-08-13,bank_2,FW202606230001,forward,2026-06-23,2026-09-25,EUR/GBP,9472911.67,1
2026-08-13,fx_pb_1,FW202606240002,forward,2026-06-24,2026-11-27,GBP/USD,8176020.28,1
2026-08-13,fx_pb_1,FW202606260001,forward,2026-06-26,2026-11-30,EUR/USD,1059214.58,1
2026-08-13,fx_pb_1,FW202606260002,forward,2026-06-26,2026-10-30,GBP/USD,2705562.26,1
2026-08-13,bank_4,SW202607020001,swap,2026-07-02,2026-12-07,EUR/GBP,1799562.18,2
2026-08-13,fx_pb_1,FW202607070001,forward,2026-07-07,2026-10-09,EUR/USD,1686584.92,1
2026-08-13,bank_3,SW202607100001,swap,2026-07-10,2026-10-14,GBP/USD,1560768.66,2
2026-08-13,fx_pb_1,FW202607130002,forward,2026-07-13,2026-10-15,EUR/GBP,7722182.34,1
2026-08-13,bank_4,SW202607140001,swap,2026-07-14,2026-12-16,EUR/USD,644563.31,2
2026-08-13,bank_1,SW202607140002,swap,2026-07-14,2026-11-16,EUR/GBP,1081540.17,2
2026-08-13,bank_1,FW202607210001,forward,2026-07-21,2026-10-23,GBP/USD,66810.56,1
2026-08-13,fx_pb_1,FW202607230001,forward,2026-07-23,2026-10-27,EUR/GBP,1666188.32,1
2026-08-13,fx_pb_1,FW202607290001,forward,2026-07-29,2026-09-30,EUR/USD,237899.22,1
2026-08-13,fx_pb_1,SW202608030001,swap,2026-08-03,2026-10-05,EUR/USD,6193987.76,2
2026-08-13,bank_4,FW202608070001,forward,2026-08-07,2026-09-11,GBP/USD,1634306.34,1
2026-08-14,bank_2,SW202602130001,swap,2026-02-13,2026-08-18,GBP/USD,1755939.85,2
2026-08-14,bank_3,SW202603240002,swap,2026-03-24,2026-08-26,EUR/GBP,2559837.95,2
2026-08-14,bank_1,SW202603250001,swap,2026-03-25,2026-08-27,EUR/USD,1761910.96,2
2026-08-14,bank_1,FW202604030001,forward,2026-04-03,2026-10-07,GBP/USD,691503.79,1
2026-08-14,bank_2,SW202604160001,swap,2026-04-16,2026-09-21,EUR/GBP,1721969.66,2
2026-08-14,fx_pb_1,SW202604200001,swap,2026-04-20,2026-08-24,EUR/GBP,1760352.4,2
2026-08-14,fx_pb_1,FW202604240001,forward,2026-04-24,2026-09-28,EUR/USD,118147.69,1
2026-08-14,fx_pb_1,SW202604280001,swap,2026-04-28,2026-09-30,EUR/USD,4948100.53,2
2026-08-14,bank_1,FW202604300001,forward,2026-04-30,2026-10-05,EUR/GBP,1180881.45,1
2026-08-14,bank_2,SW202605080001,swap,2026-05-08,2026-11-12,EUR/GBP,8461571.63,2
2026-08-14,bank_2,FW202605140001,forward,2026-05-14,2026-10-19,GBP/USD,2702262.2,1
2026-08-14,bank_2,FW202605190001,forward,2026-05-19,2026-08-21,EUR/USD,182621.86,1
2026-08-14,bank_3,SW202605220001,swap,2026-05-22,2026-09-28,EUR/USD,1301770.26,2
2026-08-14,bank_3,FW202605270001,forward,2026-05-27,2026-09-29,GBP/USD,1817566.22,1
2026-08-14,bank_4,FW202605290001,forward,2026-05-29,2026-09-02,GBP/USD,2574864.44,1
2026-08-14,bank_4,SW202606030002,swap,2026-06-03,2026-11-05,GBP/USD,1628586.09,2
2026-08-14,bank_2,FW202606040001,forward,2026-06-04,2026-11-09,EUR/GBP,81358.65,1
2026-08-14,bank_3,FW202606120001,forward,2026-06-12,2026-11-16,GBP/USD,1116216.96,1
2026-08-14,bank_4,FW202606170001,forward,2026-06-17,2026-11-23,GBP/USD,2963611.9,1
2026-08-14,fx_pb_1,SW202606180001,swap,2026-06-18,2026-08-24,GBP/USD,8090245.54,2
2026-08-14,bank_2,FW202606230001,forward,2026-06-23,2026-09-25,EUR/GBP,9472911.67,1
2026-08-14,fx_pb_1,FW202606240002,forward,2026-06-24,2026-11-27,GBP/USD,8176020.28,1
2026-08-14,fx_pb_1,FW202606260001,forward,2026-06-26,2026-11-30,EUR/USD,1059214.58,1
2026-08-14,fx_pb_1,FW202606260002,forward,2026-06-26,2026-10-30,GBP/USD,2705562.26,1
2026-08-14,bank_4,SW202607020001,swap,2026-07-02,2026-12-07,EUR/GBP,1799562.18,2
2026-08-14,fx_pb_1,FW202607070001,forward,2026-07-07,2026-10-09,EUR/USD,1686584.92,1
2026-08-14,bank_3,SW202607100001,swap,2026-07-10,2026-10-14,GBP/USD,1560768.66,2
2026-08-14,fx_pb_1,FW202607130002,forward,2026-07-13,2026-10-15,EUR/GBP,7722182.34,1
2026-08-14,bank_4,SW202607140001,swap,2026-07-14,2026-12-16,EUR/USD,644563.31,2
2026-08-14,bank_1,SW202607140002,swap,2026-07-14,2026-11-16,EUR/GBP,1081540.17,2
2026-08-14,bank_1,FW202607210001,forward,2026-07-21,2026-10-23,GBP/USD,66810.56,1
2026-08-14,fx_pb_1,FW202607230001,forward,2026-07-23,2026-10-27,EUR/GBP,1666188.32,1
2026-08-14,fx_pb_1,FW202607290001,forward,2026-07-29,2026-09-30,EUR/USD,237899.22,1
2026-08-14,fx_pb_1,SW202608030001,swap,2026-08-03,2026-10-05,EUR/USD,6193987.76,2
2026-08-14,bank_4,FW202608070001,forward,2026-08-07,2026-09-11,GBP/USD,1634306.34,1
2026-08-14,bank_1,FW202608140001,forward,2026-08-14,2026-10-19,EUR/USD,2983548.95,1
2026-08-17,bank_2,SW202602130001,swap,2026-02-13,2026-08-18,GBP/USD,1755939.85,2
2026-08-17,bank_3,SW202603240002,swap,2026-03-24,2026-08-26,EUR/GBP,2559837.95,2
2026-08-17,bank_1,SW202603250001,swap,2026-03-25,2026-08-27,EUR/USD,1761910.96,2
2026-08-17,bank_1,FW202604030001,forward,2026-04-03,2026-10-07,GBP/USD,691503.79,1
2026-08-17,bank_2,SW202604160001,swap,2026-04-16,2026-09-21,EUR/GBP,1721969.66,2
2026-08-17,fx_pb_1,SW202604200001,swap,2026-04-20,2026-08-24,EUR/GBP,1760352.4,2
2026-08-17,fx_pb_1,FW202604240001,forward,2026-04-24,2026-09-28,EUR/USD,118147.69,1
2026-08-17,fx_pb_1,SW202604280001,swap,2026-04-28,2026-09-30,EUR/USD,4948100.53,2
2026-08-17,bank_1,FW202604300001,forward,2026-04-30,2026-10-05,EUR/GBP,1180881.45,1
2026-08-17,bank_2,SW202605080001,swap,2026-05-08,2026-11-12,EUR/GBP,8461571.63,2
2026-08-17,bank_2,FW202605140001,forward,2026-05-14,2026-10-19,GBP/USD,2702262.2,1
2026-08-17,bank_2,FW202605190001,forward,2026-05-19,2026-08-21,EUR/USD,182621.86,1
2026-08-17,bank_3,SW202605220001,swap,2026-05-22,2026-09-28,EUR/USD,1301770.26,2
2026-08-17,bank_3,FW202605270001,forward,2026-05-27,2026-09-29,GBP/USD,1817566.22,1
2026-08-17,bank_4,FW202605290001,forward,2026-05-29,2026-09-02,GBP/USD,2574864.44,1
2026-08-17,bank_4,SW202606030002,swap,2026-06-03,2026-11-05,GBP/USD,1628586.09,2
2026-08-17,bank_2,FW202606040001,forward,2026-06-04,2026-11-09,EUR/GBP,81358.65,1
2026-08-17,bank_3,FW202606120001,forward,2026-06-12,2026-11-16,GBP/USD,1116216.96,1
2026-08-17,bank_4,FW202606170001,forward,2026-06-17,2026-11-23,GBP/USD,2963611.9,1
2026-08-17,fx_pb_1,SW202606180001,swap,2026-06-18,2026-08-24,GBP/USD,8090245.54,2
2026-08-17,bank_2,FW202606230001,forward,2026-06-23,2026-09-25,EUR/GBP,9472911.67,1
2026-08-17,fx_pb_1,FW202606240002,forward,2026-06-24,2026-11-27,GBP/USD,8176020.28,1
2026-08-17,fx_pb_1,FW202606260001,forward,2026-06-26,2026-11-30,EUR/USD,1059214.58,1
2026-08-17,fx_pb_1,FW202606260002,forward,2026-06-26,2026-10-30,GBP/USD,2705562.26,1
2026-08-17,bank_4,SW202607020001,swap,2026-07-02,2026-12-07,EUR/GBP,1799562.18,2
2026-08-17,fx_pb_1,FW202607070001,forward,2026-07-07,2026-10-09,EUR/USD,1686584.92,1
2026-08-17,bank_3,SW202607100001,swap,2026-07-10,2026-10-14,GBP/USD,1560768.66,2
2026-08-17,fx_pb_1,FW202607130002,forward,2026-07-13,2026-10-15,EUR/GBP,7722182.34,1
2026-08-17,bank_4,SW202607140001,swap,2026-07-14,2026-12-16,EUR/USD,644563.31,2
2026-08-17,bank_1,SW202607140002,swap,2026-07-14,2026-11-16,EUR/GBP,1081540.17,2
2026-08-17,bank_1,FW202607210001,forward,2026-07-21,2026-10-23,GBP/USD,66810.56,1
2026-08-17,fx_pb_1,FW202607230001,forward,2026-07-23,2026-10-27,EUR/GBP,1666188.32,1
2026-08-17,fx_pb_1,FW202607290001,forward,2026-07-29,2026-09-30,EUR/USD,237899.22,1
2026-08-17,fx_pb_1,SW202608030001,swap,2026-08-03,2026-10-05,EUR/USD,6193987.76,2
2026-08-17,bank_4,FW202608070001,forward,2026-08-07,2026-09-11,GBP/USD,1634306.34,1
2026-08-17,bank_1,FW202608140001,forward,2026-08-14,2026-10-19,EUR/USD,2983548.95,1
2026-08-18,bank_3,SW202603240002,swap,2026-03-24,2026-08-26,EUR/GBP,2559837.95,2
2026-08-18,bank_1,SW202603250001,swap,2026-03-25,2026-08-27,EUR/USD,1761910.96,2
2026-08-18,bank_1,FW202604030001,forward,2026-04-03,2026-10-07,GBP/USD,691503.79,1
2026-08-18,bank_2,SW202604160001,swap,2026-04-16,2026-09-21,EUR/GBP,1721969.66,2
2026-08-18,fx_pb_1,SW202604200001,swap,2026-04-20,2026-08-24,EUR/GBP,1760352.4,2
2026-08-18,fx_pb_1,FW202604240001,forward,2026-04-24,2026-09-28,EUR/USD,118147.69,1
2026-08-18,fx_pb_1,SW202604280001,swap,2026-04-28,2026-09-30,EUR/USD,4948100.53,2
2026-08-18,bank_1,FW202604300001,forward,2026-04-30,2026-10-05,EUR/GBP,1180881.45,1
2026-08-18,bank_2,SW202605080001,swap,2026-05-08,2026-11-12,EUR/GBP,8461571.63,2
2026-08-18,bank_2,FW202605140001,forward,2026-05-14,2026-10-19,GBP/USD,2702262.2,1
2026-08-18,bank_2,FW202605190001,forward,2026-05-19,2026-08-21,EUR/USD,182621.86,1
2026-08-18,bank_3,SW202605220001,swap,2026-05-22,2026-09-28,EUR/USD,1301770.26,2
2026-08-18,bank_3,FW202605270001,forward,2026-05-27,2026-09-29,GBP/USD,1817566.22,1
2026-08-18,bank_4,FW202605290001,forward,2026-05-29,2026-09-02,GBP/USD,2574864.44,1
2026-08-18,bank_4,SW202606030002,swap,2026-06-03,2026-11-05,GBP/USD,1628586.09,2
2026-08-18,bank_2,FW202606040001,forward,2026-06-04,2026-11-09,EUR/GBP,81358.65,1
2026-08-18,bank_3,FW202606120001,forward,2026-06-12,2026-11-16,GBP/USD,1116216.96,1
2026-08-18,bank_4,FW202606170001,forward,2026-06-17,2026-11-23,GBP/USD,2963611.9,1
2026-08-18,fx_pb_1,SW202606180001,swap,2026-06-18,2026-08-24,GBP/USD,8090245.54,2
2026-08-18,bank_2,FW202606230001,forward,2026-06-23,2026-09-25,EUR/GBP,9472911.67,1
2026-08-18,fx_pb_1,FW202606240002,forward,2026-06-24,2026-11-27,GBP/USD,8176020.28,1
2026-08-18,fx_pb_1,FW202606260001,forward,2026-06-26,2026-11-30,EUR/USD,1059214.58,1
2026-08-18,fx_pb_1,FW202606260002,forward,2026-06-26,2026-10-30,GBP/USD,2705562.26,1
2026-08-18,bank_4,SW202607020001,swap,2026-07-02,2026-12-07,EUR/GBP,1799562.18,2
2026-08-18,fx_pb_1,FW202607070001,forward,2026-07-07,2026-10-09,EUR/USD,1686584.92,1
2026-08-18,bank_3,SW202607100001,swap,2026-07-10,2026-10-14,GBP/USD,1560768.66,2
2026-08-18,fx_pb_1,FW202607130002,forward,2026-07-13,2026-10-15,EUR/GBP,7722182.34,1
2026-08-18,bank_4,SW202607140001,swap,2026-07-14,2026-12-16,EUR/USD,644563.31,2
2026-08-18,bank_1,SW202607140002,swap,2026-07-14,2026-11-16,EUR/GBP,1081540.17,2
2026-08-18,bank_1,FW202607210001,forward,2026-07-21,2026-10-23,GBP/USD,66810.56,1
2026-08-18,fx_pb_1,FW202607230001,forward,2026-07-23,2026-10-27,EUR/GBP,1666188.32,1
2026-08-18,fx_pb_1,FW202607290001,forward,2026-07-29,2026-09-30,EUR/USD,237899.22,1
2026-08-18,fx_pb_1,SW202608030001,swap,2026-08-03,2026-10-05,EUR/USD,6193987.76,2
2026-08-18,bank_4,FW202608070001,forward,2026-08-07,2026-09-11,GBP/USD,1634306.34,1
2026-08-18,bank_1,FW202608140001,forward,2026-08-14,2026-10-19,EUR/USD,2983548.95,1
2026-08-19,bank_3,SW202603240002,swap,2026-03-24,2026-08-26,EUR/GBP,2559837.95,2
2026-08-19,bank_1,SW202603250001,swap,2026-03-25,2026-08-27,EUR/USD,1761910.96,2
2026-08-19,bank_1,FW202604030001,forward,2026-04-03,2026-10-07,GBP/USD,691503.79,1
2026-08-19,bank_2,SW202604160001,swap,2026-04-16,2026-09-21,EUR/GBP,1721969.66,2
2026-08-19,fx_pb_1,SW202604200001,swap,2026-04-20,2026-08-24,EUR/GBP,1760352.4,2
2026-08-19,fx_pb_1,FW202604240001,forward,2026-04-24,2026-09-28,EUR/USD,118147.69,1
2026-08-19,fx_pb_1,SW202604280001,swap,2026-04-28,2026-09-30,EUR/USD,4948100.53,2
2026-08-19,bank_1,FW202604300001,forward,2026-04-30,2026-10-05,EUR/GBP,1180881.45,1
2026-08-19,bank_2,SW202605080001,swap,2026-05-08,2026-11-12,EUR/GBP,8461571.63,2
2026-08-19,bank_2,FW202605140001,forward,2026-05-14,2026-10-19,GBP/USD,2702262.2,1
2026-08-19,bank_2,FW202605190001,forward,2026-05-19,2026-08-21,EUR/USD,182621.86,1
2026-08-19,bank_3,SW202605220001,swap,2026-05-22,2026-09-28,EUR/USD,1301770.26,2
2026-08-19,bank_3,FW202605270001,forward,2026-05-27,2026-09-29,GBP/USD,1817566.22,1
2026-08-19,bank_4,FW202605290001,forward,2026-05-29,2026-09-02,GBP/USD,2574864.44,1
2026-08-19,bank_4,SW202606030002,swap,2026-06-03,2026-11-05,GBP/USD,1628586.09,2
2026-08-19,bank_2,FW202606040001,forward,2026-06-04,2026-11-09,EUR/GBP,81358.65,1
2026-08-19,bank_3,FW202606120001,forward,2026-06-12,2026-11-16,GBP/USD,1116216.96,1
2026-08-19,bank_4,FW202606170001,forward,2026-06-17,2026-11-23,GBP/USD,2963611.9,1
2026-08-19,fx_pb_1,SW202606180001,swap,2026-06-18,2026-08-24,GBP/USD,8090245.54,2
2026-08-19,bank_2,FW202606230001,forward,2026-06-23,2026-09-25,EUR/GBP,9472911.67,1
2026-08-19,fx_pb_1,FW202606240002,forward,2026-06-24,2026-11-27,GBP/USD,8176020.28,1
2026-08-19,fx_pb_1,FW202606260001,forward,2026-06-26,2026-11-30,EUR/USD,1059214.58,1
2026-08-19,fx_pb_1,FW202606260002,forward,2026-06-26,2026-10-30,GBP/USD,2705562.26,1
2026-08-19,bank_4,SW202607020001,swap,2026-07-02,2026-12-07,EUR/GBP,1799562.18,2
2026-08-19,fx_pb_1,FW202607070001,forward,2026-07-07,2026-10-09,EUR/USD,1686584.92,1
2026-08-19,bank_3,SW202607100001,swap,2026-07-10,2026-10-14,GBP/USD,1560768.66,2
2026-08-19,fx_pb_1,FW202607130002,forward,2026-07-13,2026-10-15,EUR/GBP,7722182.34,1
2026-08-19,bank_4,SW202607140001,swap,2026-07-14,2026-12-16,EUR/USD,644563.31,2
2026-08-19,bank_1,SW202607140002,swap,2026-07-14,2026-11-16,EUR/GBP,1081540.17,2
2026-08-19,bank_1,FW202607210001,forward,2026-07-21,2026-10-23,GBP/USD,66810.56,1
2026-08-19,fx_pb_1,FW202607230001,forward,2026-07-23,2026-10-27,EUR/GBP,1666188.32,1
2026-08-19,fx_pb_1,FW202607290001,forward,2026-07-29,2026-09-30,EUR/USD,237899.22,1
2026-08-19,fx_pb_1,SW202608030001,swap,2026-08-03,2026-10-05,EUR/USD,6193987.76,2
2026-08-19,bank_4,FW202608070001,forward,2026-08-07,2026-09-11,GBP/USD,1634306.34,1
2026-08-19,bank_1,FW202608140001,forward,2026-08-14,2026-10-19,EUR/USD,2983548.95,1
2026-08-20,bank_3,SW202603240002,swap,2026-03-24,2026-08-26,EUR/GBP,2559837.95,2
2026-08-20,bank_1,SW202603250001,swap,2026-03-25,2026-08-27,EUR/USD,1761910.96,2
2026-08-20,bank_1,FW202604030001,forward,2026-04-03,2026-10-07,GBP/USD,691503.79,1
2026-08-20,bank_2,SW202604160001,swap,2026-04-16,2026-09-21,EUR/GBP,1721969.66,2
2026-08-20,fx_pb_1,SW202604200001,swap,2026-04-20,2026-08-24,EUR/GBP,1760352.4,2
2026-08-20,fx_pb_1,FW202604240001,forward,2026-04-24,2026-09-28,EUR/USD,118147.69,1
2026-08-20,fx_pb_1,SW202604280001,swap,2026-04-28,2026-09-30,EUR/USD,4948100.53,2
2026-08-20,bank_1,FW202604300001,forward,2026-04-30,2026-10-05,EUR/GBP,1180881.45,1
2026-08-20,bank_2,SW202605080001,swap,2026-05-08,2026-11-12,EUR/GBP,8461571.63,2
2026-08-20,bank_2,FW202605140001,forward,2026-05-14,2026-10-19,GBP/USD,2702262.2,1
2026-08-20,bank_2,FW202605190001,forward,2026-05-19,2026-08-21,EUR/USD,182621.86,1
2026-08-20,bank_3,SW202605220001,swap,2026-05-22,2026-09-28,EUR/USD,1301770.26,2
2026-08-20,bank_3,FW202605270001,forward,2026-05-27,2026-09-29,GBP/USD,1817566.22,1
2026-08-20,bank_4,FW202605290001,forward,2026-05-29,2026-09-02,GBP/USD,2574864.44,1
2026-08-20,bank_4,SW202606030002,swap,2026-06-03,2026-11-05,GBP/USD,1628586.09,2
2026-08-20,bank_2,FW202606040001,forward,2026-06-04,2026-11-09,EUR/GBP,81358.65,1
2026-08-20,bank_3,FW202606120001,forward,2026-06-12,2026-11-16,GBP/USD,1116216.96,1
2026-08-20,bank_4,FW202606170001,forward,2026-06-17,2026-11-23,GBP/USD,2963611.9,1
2026-08-20,fx_pb_1,SW202606180001,swap,2026-06-18,2026-08-24,GBP/USD,8090245.54,2
2026-08-20,bank_2,FW202606230001,forward,2026-06-23,2026-09-25,EUR/GBP,9472911.67,1
2026-08-20,fx_pb_1,FW202606240002,forward,2026-06-24,2026-11-27,GBP/USD,8176020.28,1
2026-08-20,fx_pb_1,FW202606260001,forward,2026-06-26,2026-11-30,EUR/USD,1059214.58,1
2026-08-20,fx_pb_1,FW202606260002,forward,2026-06-26,2026-10-30,GBP/USD,2705562.26,1
2026-08-20,bank_4,SW202607020001,swap,2026-07-02,2026-12-07,EUR/GBP,1799562.18,2
2026-08-20,fx_pb_1,FW202607070001,forward,2026-07-07,2026-10-09,EUR/USD,1686584.92,1
2026-08-20,bank_3,SW202607100001,swap,2026-07-10,2026-10-14,GBP/USD,1560768.66,2
2026-08-20,fx_pb_1,FW202607130002,forward,2026-07-13,2026-10-15,EUR/GBP,7722182.34,1
2026-08-20,bank_4,SW202607140001,swap,2026-07-14,2026-12-16,EUR/USD,644563.31,2
2026-08-20,bank_1,SW202607140002,swap,2026-07-14,2026-11-16,EUR/GBP,1081540.17,2
2026-08-20,bank_1,FW202607210001,forward,2026-07-21,2026-10-23,GBP/USD,66810.56,1
2026-08-20,fx_pb_1,FW202607230001,forward,2026-07-23,2026-10-27,EUR/GBP,1666188.32,1
2026-08-20,fx_pb_1,FW202607290001,forward,2026-07-29,2026-09-30,EUR/USD,237899.22,1
2026-08-20,fx_pb_1,SW202608030001,swap,2026-08-03,2026-10-05,EUR/USD,6193987.76,2
2026-08-20,bank_4,FW202608070001,forward,2026-08-07,2026-09-11,GBP/USD,1634306.34,1
2026-08-20,bank_1,FW202608140001,forward,2026-08-14,2026-10-19,EUR/USD,2983548.95,1
2026-08-21,bank_3,SW202603240002,swap,2026-03-24,2026-08-26,EUR/GBP,2559837.95,2
2026-08-21,bank_1,SW202603250001,swap,2026-03-25,2026-08-27,EUR/USD,1761910.96,2
2026-08-21,bank_1,FW202604030001,forward,2026-04-03,2026-10-07,GBP/USD,691503.79,1
2026-08-21,bank_2,SW202604160001,swap,2026-04-16,2026-09-21,EUR/GBP,1721969.66,2
2026-08-21,fx_pb_1,SW202604200001,swap,2026-04-20,2026-08-24,EUR/GBP,1760352.4,2
2026-08-21,fx_pb_1,FW202604240001,forward,2026-04-24,2026-09-28,EUR/USD,118147.69,1
2026-08-21,fx_pb_1,SW202604280001,swap,2026-04-28,2026-09-30,EUR/USD,4948100.53,2
2026-08-21,bank_1,FW202604300001,forward,2026-04-30,2026-10-05,EUR/GBP,1180881.45,1
2026-08-21,bank_2,SW202605080001,swap,2026-05-08,2026-11-12,EUR/GBP,8461571.63,2
2026-08-21,bank_2,FW202605140001,forward,2026-05-14,2026-10-19,GBP/USD,2702262.2,1
2026-08-21,bank_3,SW202605220001,swap,2026-05-22,2026-09-28,EUR/USD,1301770.26,2
2026-08-21,bank_3,FW202605270001,forward,2026-05-27,2026-09-29,GBP/USD,1817566.22,1
2026-08-21,bank_4,FW202605290001,forward,2026-05-29,2026-09-02,GBP/USD,2574864.44,1
2026-08-21,bank_4,SW202606030002,swap,2026-06-03,2026-11-05,GBP/USD,1628586.09,2
2026-08-21,bank_2,FW202606040001,forward,2026-06-04,2026-11-09,EUR/GBP,81358.65,1
2026-08-21,bank_3,FW202606120001,forward,2026-06-12,2026-11-16,GBP/USD,1116216.96,1
2026-08-21,bank_4,FW202606170001,forward,2026-06-17,2026-11-23,GBP/USD,2963611.9,1
2026-08-21,fx_pb_1,SW202606180001,swap,2026-06-18,2026-08-24,GBP/USD,8090245.54,2
2026-08-21,bank_2,FW202606230001,forward,2026-06-23,2026-09-25,EUR/GBP,9472911.67,1
2026-08-21,fx_pb_1,FW202606240002,forward,2026-06-24,2026-11-27,GBP/USD,8176020.28,1
2026-08-21,fx_pb_1,FW202606260001,forward,2026-06-26,2026-11-30,EUR/USD,1059214.58,1
2026-08-21,fx_pb_1,FW202606260002,forward,2026-06-26,2026-10-30,GBP/USD,2705562.26,1
2026-08-21,bank_4,SW202607020001,swap,2026-07-02,2026-12-07,EUR/GBP,1799562.18,2
2026-08-21,fx_pb_1,FW202607070001,forward,2026-07-07,2026-10-09,EUR/USD,1686584.92,1
2026-08-21,bank_3,SW202607100001,swap,2026-07-10,2026-10-14,GBP/USD,1560768.66,2
2026-08-21,fx_pb_1,FW202607130002,forward,2026-07-13,2026-10-15,EUR/GBP,7722182.34,1
2026-08-21,bank_4,SW202607140001,swap,2026-07-14,2026-12-16,EUR/USD,644563.31,2
2026-08-21,bank_1,SW202607140002,swap,2026-07-14,2026-11-16,EUR/GBP,1081540.17,2
2026-08-21,bank_1,FW202607210001,forward,2026-07-21,2026-10-23,GBP/USD,66810.56,1
2026-08-21,fx_pb_1,FW202607230001,forward,2026-07-23,2026-10-27,EUR/GBP,1666188.32,1
2026-08-21,fx_pb_1,FW202607290001,forward,2026-07-29,2026-09-30,EUR/USD,237899.22,1
2026-08-21,fx_pb_1,SW202608030001,swap,2026-08-03,2026-10-05,EUR/USD,6193987.76,2
2026-08-21,bank_4,FW202608070001,forward,2026-08-07,2026-09-11,GBP/USD,1634306.34,1
2026-08-21,bank_1,FW202608140001,forward,2026-08-14,2026-10-19,EUR/USD,2983548.95,1
2026-08-24,bank_3,SW202603240002,swap,2026-03-24,2026-08-26,EUR/GBP,2559837.95,2
2026-08-24,bank_1,SW202603250001,swap,2026-03-25,2026-08-27,EUR/USD,1761910.96,2
2026-08-24,bank_1,FW202604030001,forward,2026-04-03,2026-10-07,GBP/USD,691503.79,1
2026-08-24,bank_2,SW202604160001,swap,2026-04-16,2026-09-21,EUR/GBP,1721969.66,2
2026-08-24,fx_pb_1,FW202604240001,forward,2026-04-24,2026-09-28,EUR/USD,118147.69,1
2026-08-24,fx_pb_1,SW202604280001,swap,2026-04-28,2026-09-30,EUR/USD,4948100.53,2
2026-08-24,bank_1,FW202604300001,forward,2026-04-30,2026-10-05,EUR/GBP,1180881.45,1
2026-08-24,bank_2,SW202605080001,swap,2026-05-08,2026-11-12,EUR/GBP,8461571.63,2
2026-08-24,bank_2,FW202605140001,forward,2026-05-14,2026-10-19,GBP/USD,2702262.2,1
2026-08-24,bank_3,SW202605220001,swap,2026-05-22,2026-09-28,EUR/USD,1301770.26,2
2026-08-24,bank_3,FW202605270001,forward,2026-05-27,2026-09-29,GBP/USD,1817566.22,1
2026-08-24,bank_4,FW202605290001,forward,2026-05-29,2026-09-02,GBP/USD,2574864.44,1
2026-08-24,bank_4,SW202606030002,swap,2026-06-03,2026-11-05,GBP/USD,1628586.09,2
2026-08-24,bank_2,FW202606040001,forward,2026-06-04,2026-11-09,EUR/GBP,81358.65,1
2026-08-24,bank_3,FW202606120001,forward,2026-06-12,2026-11-16,GBP/USD,1116216.96,1
2026-08-24,bank_4,FW202606170001,forward,2026-06-17,2026-11-23,GBP/USD,2963611.9,1
2026-08-24,bank_2,FW202606230001,forward,2026-06-23,2026-09-25,EUR/GBP,9472911.67,1
2026-08-24,fx_pb_1,FW202606240002,forward,2026-06-24,2026-11-27,GBP/USD,8176020.28,1
2026-08-24,fx_pb_1,FW202606260001,forward,2026-06-26,2026-11-30,EUR/USD,1059214.58,1
2026-08-24,fx_pb_1,FW202606260002,forward,2026-06-26,2026-10-30,GBP/USD,2705562.26,1
2026-08-24,bank_4,SW202607020001,swap,2026-07-02,2026-12-07,EUR/GBP,1799562.18,2
2026-08-24,fx_pb_1,FW202607070001,forward,2026-07-07,2026-10-09,EUR/USD,1686584.92,1
2026-08-24,bank_3,SW202607100001,swap,2026-07-10,2026-10-14,GBP/USD,1560768.66,2
2026-08-24,fx_pb_1,FW202607130002,forward,2026-07-13,2026-10-15,EUR/GBP,7722182.34,1
2026-08-24,bank_4,SW202607140001,swap,2026-07-14,2026-12-16,EUR/USD,644563.31,2
2026-08-24,bank_1,SW202607140002,swap,2026-07-14,2026-11-16,EUR/GBP,1081540.17,2
2026-08-24,bank_1,FW202607210001,forward,2026-07-21,2026-10-23,GBP/USD,66810.56,1
2026-08-24,fx_pb_1,FW202607230001,forward,2026-07-23,2026-10-27,EUR/GBP,1666188.32,1
2026-08-24,fx_pb_1,FW202607290001,forward,2026-07-29,2026-09-30,EUR/USD,237899.22,1
2026-08-24,fx_pb_1,SW202608030001,swap,2026-08-03,2026-10-05,EUR/USD,6193987.76,2
2026-08-24,bank_4,FW202608070001,forward,2026-08-07,2026-09-11,GBP/USD,1634306.34,1
2026-08-24,bank_1,FW202608140001,forward,2026-08-14,2026-10-19,EUR/USD,2983548.95,1
2026-08-24,bank_4,SP202608240001,spot,2026-08-24,2026-08-26,GBP/USD,3127123.81,1
2026-08-24,bank_4,SP202608240002,spot,2026-08-24,2026-08-26,GBP/USD,4775651.55,1
2026-08-25,bank_3,SW202603240002,swap,2026-03-24,2026-08-26,EUR/GBP,2559837.95,2
2026-08-25,bank_1,SW202603250001,swap,2026-03-25,2026-08-27,EUR/USD,1761910.96,2
2026-08-25,bank_1,FW202604030001,forward,2026-04-03,2026-10-07,GBP/USD,691503.79,1
2026-08-25,bank_2,SW202604160001,swap,2026-04-16,2026-09-21,EUR/GBP,1721969.66,2
2026-08-25,fx_pb_1,FW202604240001,forward,2026-04-24,2026-09-28,EUR/USD,118147.69,1
2026-08-25,fx_pb_1,SW202604280001,swap,2026-04-28,2026-09-30,EUR/USD,4948100.53,2
2026-08-25,bank_1,FW202604300001,forward,2026-04-30,2026-10-05,EUR/GBP,1180881.45,1
2026-08-25,bank_2,SW202605080001,swap,2026-05-08,2026-11-12,EUR/GBP,8461571.63,2
2026-08-25,bank_2,FW202605140001,forward,2026-05-14,2026-10-19,GBP/USD,2702262.2,1
2026-08-25,bank_3,SW202605220001,swap,2026-05-22,2026-09-28,EUR/USD,1301770.26,2
2026-08-25,bank_3,FW202605270001,forward,2026-05-27,2026-09-29,GBP/USD,1817566.22,1
2026-08-25,bank_4,FW202605290001,forward,2026-05-29,2026-09-02,GBP/USD,2574864.44,1
2026-08-25,bank_4,SW202606030002,swap,2026-06-03,2026-11-05,GBP/USD,1628586.09,2
2026-08-25,bank_2,FW202606040001,forward,2026-06-04,2026-11-09,EUR/GBP,81358.65,1
2026-08-25,bank_3,FW202606120001,forward,2026-06-12,2026-11-16,GBP/USD,1116216.96,1
2026-08-25,bank_4,FW202606170001,forward,2026-06-17,2026-11-23,GBP/USD,2963611.9,1
2026-08-25,bank_2,FW202606230001,forward,2026-06-23,2026-09-25,EUR/GBP,9472911.67,1
2026-08-25,fx_pb_1,FW202606240002,forward,2026-06-24,2026-11-27,GBP/USD,8176020.28,1
2026-08-25,fx_pb_1,FW202606260001,forward,2026-06-26,2026-11-30,EUR/USD,1059214.58,1
2026-08-25,fx_pb_1,FW202606260002,forward,2026-06-26,2026-10-30,GBP/USD,2705562.26,1
2026-08-25,bank_4,SW202607020001,swap,2026-07-02,2026-12-07,EUR/GBP,1799562.18,2
2026-08-25,fx_pb_1,FW202607070001,forward,2026-07-07,2026-10-09,EUR/USD,1686584.92,1
2026-08-25,bank_3,SW202607100001,swap,2026-07-10,2026-10-14,GBP/USD,1560768.66,2
2026-08-25,fx_pb_1,FW202607130002,forward,2026-07-13,2026-10-15,EUR/GBP,7722182.34,1
2026-08-25,bank_4,SW202607140001,swap,2026-07-14,2026-12-16,EUR/USD,644563.31,2
2026-08-25,bank_1,SW202607140002,swap,2026-07-14,2026-11-16,EUR/GBP,1081540.17,2
2026-08-25,bank_1,FW202607210001,forward,2026-07-21,2026-10-23,GBP/USD,66810.56,1
2026-08-25,fx_pb_1,FW202607230001,forward,2026-07-23,2026-10-27,EUR/GBP,1666188.32,1
2026-08-25,fx_pb_1,FW202607290001,forward,2026-07-29,2026-09-30,EUR/USD,237899.22,1
2026-08-25,fx_pb_1,SW202608030001,swap,2026-08-03,2026-10-05,EUR/USD,6193987.76,2
2026-08-25,bank_4,FW202608070001,forward,2026-08-07,2026-09-11,GBP/USD,1634306.34,1
2026-08-25,bank_1,FW202608140001,forward,2026-08-14,2026-10-19,EUR/USD,2983548.95,1
2026-08-25,bank_4,SP202608240001,spot,2026-08-24,2026-08-26,GBP/USD,3127123.81,1
2026-08-25,bank_4,SP202608240002,spot,2026-08-24,2026-08-26,GBP/USD,4775651.55,1
2026-08-25,bank_4,FW202608250001,forward,2026-08-25,2026-11-27,GBP/USD,2451539.27,1
2026-08-26,bank_1,SW202603250001,swap,2026-03-25,2026-08-27,EUR/USD,1761910.96,2
2026-08-26,bank_1,FW202604030001,forward,2026-04-03,2026-10-07,GBP/USD,691503.79,1
2026-08-26,bank_2,SW202604160001,swap,2026-04-16,2026-09-21,EUR/GBP,1721969.66,2
2026-08-26,fx_pb_1,FW202604240001,forward,2026-04-24,2026-09-28,EUR/USD,118147.69,1
2026-08-26,fx_pb_1,SW202604280001,swap,2026-04-28,2026-09-30,EUR/USD,4948100.53,2
2026-08-26,bank_1,FW202604300001,forward,2026-04-30,2026-10-05,EUR/GBP,1180881.45,1
2026-08-26,bank_2,SW202605080001,swap,2026-05-08,2026-11-12,EUR/GBP,8461571.63,2
2026-08-26,bank_2,FW202605140001,forward,2026-05-14,2026-10-19,GBP/USD,2702262.2,1
2026-08-26,bank_3,SW202605220001,swap,2026-05-22,2026-09-28,EUR/USD,1301770.26,2
2026-08-26,bank_3,FW202605270001,forward,2026-05-27,2026-09-29,GBP/USD,1817566.22,1
2026-08-26,bank_4,FW202605290001,forward,2026-05-29,2026-09-02,GBP/USD,2574864.44,1
2026-08-26,bank_4,SW202606030002,swap,2026-06-03,2026-11-05,GBP/USD,1628586.09,2
2026-08-26,bank_2,FW202606040001,forward,2026-06-04,2026-11-09,EUR/GBP,81358.65,1
2026-08-26,bank_3,FW202606120001,forward,2026-06-12,2026-11-16,GBP/USD,1116216.96,1
2026-08-26,bank_4,FW202606170001,forward,2026-06-17,2026-11-23,GBP/USD,2963611.9,1
2026-08-26,bank_2,FW202606230001,forward,2026-06-23,2026-09-25,EUR/GBP,9472911.67,1
2026-08-26,fx_pb_1,FW202606240002,forward,2026-06-24,2026-11-27,GBP/USD,8176020.28,1
2026-08-26,fx_pb_1,FW202606260001,forward,2026-06-26,2026-11-30,EUR/USD,1059214.58,1
2026-08-26,fx_pb_1,FW202606260002,forward,2026-06-26,2026-10-30,GBP/USD,2705562.26,1
2026-08-26,bank_4,SW202607020001,swap,2026-07-02,2026-12-07,EUR/GBP,1799562.18,2
2026-08-26,fx_pb_1,FW202607070001,forward,2026-07-07,2026-10-09,EUR/USD,1686584.92,1
2026-08-26,bank_3,SW202607100001,swap,2026-07-10,2026-10-14,GBP/USD,1560768.66,2
2026-08-26,fx_pb_1,FW202607130002,forward,2026-07-13,2026-10-15,EUR/GBP,7722182.34,1
2026-08-26,bank_4,SW202607140001,swap,2026-07-14,2026-12-16,EUR/USD,644563.31,2
2026-08-26,bank_1,SW202607140002,swap,2026-07-14,2026-11-16,EUR/GBP,1081540.17,2
2026-08-26,bank_1,FW202607210001,forward,2026-07-21,2026-10-23,GBP/USD,66810.56,1
2026-08-26,fx_pb_1,FW202607230001,forward,2026-07-23,2026-10-27,EUR/GBP,1666188.32,1
2026-08-26,fx_pb_1,FW202607290001,forward,2026-07-29,2026-09-30,EUR/USD,237899.22,1
2026-08-26,fx_pb_1,SW202608030001,swap,2026-08-03,2026-10-05,EUR/USD,6193987.76,2
2026-08-26,bank_4,FW202608070001,forward,2026-08-07,2026-09-11,GBP/USD,1634306.34,1
2026-08-26,bank_1,FW202608140001,forward,2026-08-14,2026-10-19,EUR/USD,2983548.95,1
2026-08-26,bank_4,FW202608250001,forward,2026-08-25,2026-11-27,GBP/USD,2451539.27,1
2026-08-26,fx_pb_1,SW202608260001,swap,2026-08-26,2026-08-28,EUR/GBP,2029166.1,1
2026-08-26,fx_pb_1,SW202608260001,swap,2026-08-26,2027-03-01,EUR/GBP,2009380.51,2
2026-08-26,bank_3,FW202608260002,forward,2026-08-26,2026-11-30,GBP/USD,911725.14,1
2026-08-27,bank_1,FW202604030001,forward,2026-04-03,2026-10-07,GBP/USD,691503.79,1
2026-08-27,bank_2,SW202604160001,swap,2026-04-16,2026-09-21,EUR/GBP,1721969.66,2
2026-08-27,fx_pb_1,FW202604240001,forward,2026-04-24,2026-09-28,EUR/USD,118147.69,1
2026-08-27,fx_pb_1,SW202604280001,swap,2026-04-28,2026-09-30,EUR/USD,4948100.53,2
2026-08-27,bank_1,FW202604300001,forward,2026-04-30,2026-10-05,EUR/GBP,1180881.45,1
2026-08-27,bank_2,SW202605080001,swap,2026-05-08,2026-11-12,EUR/GBP,8461571.63,2
2026-08-27,bank_2,FW202605140001,forward,2026-05-14,2026-10-19,GBP/USD,2702262.2,1
2026-08-27,bank_3,SW202605220001,swap,2026-05-22,2026-09-28,EUR/USD,1301770.26,2
2026-08-27,bank_3,FW202605270001,forward,2026-05-27,2026-09-29,GBP/USD,1817566.22,1
2026-08-27,bank_4,FW202605290001,forward,2026-05-29,2026-09-02,GBP/USD,2574864.44,1
2026-08-27,bank_4,SW202606030002,swap,2026-06-03,2026-11-05,GBP/USD,1628586.09,2
2026-08-27,bank_2,FW202606040001,forward,2026-06-04,2026-11-09,EUR/GBP,81358.65,1
2026-08-27,bank_3,FW202606120001,forward,2026-06-12,2026-11-16,GBP/USD,1116216.96,1
2026-08-27,bank_4,FW202606170001,forward,2026-06-17,2026-11-23,GBP/USD,2963611.9,1
2026-08-27,bank_2,FW202606230001,forward,2026-06-23,2026-09-25,EUR/GBP,9472911.67,1
2026-08-27,fx_pb_1,FW202606240002,forward,2026-06-24,2026-11-27,GBP/USD,8176020.28,1
2026-08-27,fx_pb_1,FW202606260001,forward,2026-06-26,2026-11-30,EUR/USD,1059214.58,1
2026-08-27,fx_pb_1,FW202606260002,forward,2026-06-26,2026-10-30,GBP/USD,2705562.26,1
2026-08-27,bank_4,SW202607020001,swap,2026-07-02,2026-12-07,EUR/GBP,1799562.18,2
2026-08-27,fx_pb_1,FW202607070001,forward,2026-07-07,2026-10-09,EUR/USD,1686584.92,1
2026-08-27,bank_3,SW202607100001,swap,2026-07-10,2026-10-14,GBP/USD,1560768.66,2
2026-08-27,fx_pb_1,FW202607130002,forward,2026-07-13,2026-10-15,EUR/GBP,7722182.34,1
2026-08-27,bank_4,SW202607140001,swap,2026-07-14,2026-12-16,EUR/USD,644563.31,2
2026-08-27,bank_1,SW202607140002,swap,2026-07-14,2026-11-16,EUR/GBP,1081540.17,2
2026-08-27,bank_1,FW202607210001,forward,2026-07-21,2026-10-23,GBP/USD,66810.56,1
2026-08-27,fx_pb_1,FW202607230001,forward,2026-07-23,2026-10-27,EUR/GBP,1666188.32,1
2026-08-27,fx_pb_1,FW202607290001,forward,2026-07-29,2026-09-30,EUR/USD,237899.22,1
2026-08-27,fx_pb_1,SW202608030001,swap,2026-08-03,2026-10-05,EUR/USD,6193987.76,2
2026-08-27,bank_4,FW202608070001,forward,2026-08-07,2026-09-11,GBP/USD,1634306.34,1
2026-08-27,bank_1,FW202608140001,forward,2026-08-14,2026-10-19,EUR/USD,2983548.95,1
2026-08-27,bank_4,FW202608250001,forward,2026-08-25,2026-11-27,GBP/USD,2451539.27,1
2026-08-27,fx_pb_1,SW202608260001,swap,2026-08-26,2026-08-28,EUR/GBP,2029166.1,1
2026-08-27,fx_pb_1,SW202608260001,swap,2026-08-26,2027-03-01,EUR/GBP,2009380.51,2
2026-08-27,bank_3,FW202608260002,forward,2026-08-26,2026-11-30,GBP/USD,911725.14,1
2026-08-27,bank_1,FW202608270001,forward,2026-08-27,2026-09-30,GBP/USD,4249092.33,1
2026-08-28,bank_1,FW202604030001,forward,2026-04-03,2026-10-07,GBP/USD,691503.79,1
2026-08-28,bank_2,SW202604160001,swap,2026-04-16,2026-09-21,EUR/GBP,1721969.66,2
2026-08-28,fx_pb_1,FW202604240001,forward,2026-04-24,2026-09-28,EUR/USD,118147.69,1
2026-08-28,fx_pb_1,SW202604280001,swap,2026-04-28,2026-09-30,EUR/USD,4948100.53,2
2026-08-28,bank_1,FW202604300001,forward,2026-04-30,2026-10-05,EUR/GBP,1180881.45,1
2026-08-28,bank_2,SW202605080001,swap,2026-05-08,2026-11-12,EUR/GBP,8461571.63,2
2026-08-28,bank_2,FW202605140001,forward,2026-05-14,2026-10-19,GBP/USD,2702262.2,1
2026-08-28,bank_3,SW202605220001,swap,2026-05-22,2026-09-28,EUR/USD,1301770.26,2
2026-08-28,bank_3,FW202605270001,forward,2026-05-27,2026-09-29,GBP/USD,1817566.22,1
2026-08-28,bank_4,FW202605290001,forward,2026-05-29,2026-09-02,GBP/USD,2574864.44,1
2026-08-28,bank_4,SW202606030002,swap,2026-06-03,2026-11-05,GBP/USD,1628586.09,2
2026-08-28,bank_2,FW202606040001,forward,2026-06-04,2026-11-09,EUR/GBP,81358.65,1
2026-08-28,bank_3,FW202606120001,forward,2026-06-12,2026-11-16,GBP/USD,1116216.96,1
2026-08-28,bank_4,FW202606170001,forward,2026-06-17,2026-11-23,GBP/USD,2963611.9,1
2026-08-28,bank_2,FW202606230001,forward,2026-06-23,2026-09-25,EUR/GBP,9472911.67,1
2026-08-28,fx_pb_1,FW202606240002,forward,2026-06-24,2026-11-27,GBP/USD,8176020.28,1
2026-08-28,fx_pb_1,FW202606260001,forward,2026-06-26,2026-11-30,EUR/USD,1059214.58,1
2026-08-28,fx_pb_1,FW202606260002,forward,2026-06-26,2026-10-30,GBP/USD,2705562.26,1
2026-08-28,bank_4,SW202607020001,swap,2026-07-02,2026-12-07,EUR/GBP,1799562.18,2
2026-08-28,fx_pb_1,FW202607070001,forward,2026-07-07,2026-10-09,EUR/USD,1686584.92,1
2026-08-28,bank_3,SW202607100001,swap,2026-07-10,2026-10-14,GBP/USD,1560768.66,2
2026-08-28,fx_pb_1,FW202607130002,forward,2026-07-13,2026-10-15,EUR/GBP,7722182.34,1
2026-08-28,bank_4,SW202607140001,swap,2026-07-14,2026-12-16,EUR/USD,644563.31,2
2026-08-28,bank_1,SW202607140002,swap,2026-07-14,2026-11-16,EUR/GBP,1081540.17,2
2026-08-28,bank_1,FW202607210001,forward,2026-07-21,2026-10-23,GBP/USD,66810.56,1
2026-08-28,fx_pb_1,FW202607230001,forward,2026-07-23,2026-10-27,EUR/GBP,1666188.32,1
2026-08-28,fx_pb_1,FW202607290001,forward,2026-07-29,2026-09-30,EUR/USD,237899.22,1
2026-08-28,fx_pb_1,SW202608030001,swap,2026-08-03,2026-10-05,EUR/USD,6193987.76,2
2026-08-28,bank_4,FW202608070001,forward,2026-08-07,2026-09-11,GBP/USD,1634306.34,1
2026-08-28,bank_1,FW202608140001,forward,2026-08-14,2026-10-19,EUR/USD,2983548.95,1
2026-08-28,bank_4,FW202608250001,forward,2026-08-25,2026-11-27,GBP/USD,2451539.27,1
2026-08-28,fx_pb_1,SW202608260001,swap,2026-08-26,2027-03-01,EUR/GBP,2009380.51,2
2026-08-28,bank_3,FW202608260002,forward,2026-08-26,2026-11-30,GBP/USD,911725.14,1
2026-08-28,bank_1,FW202608270001,forward,2026-08-27,2026-09-30,GBP/USD,4249092.33,1
2026-08-31,bank_1,FW202604030001,forward,2026-04-03,2026-10-07,GBP/USD,691503.79,1
2026-08-31,bank_2,SW202604160001,swap,2026-04-16,2026-09-21,EUR/GBP,1721969.66,2
2026-08-31,fx_pb_1,FW202604240001,forward,2026-04-24,2026-09-28,EUR/USD,118147.69,1
2026-08-31,fx_pb_1,SW202604280001,swap,2026-04-28,2026-09-30,EUR/USD,4948100.53,2
2026-08-31,bank_1,FW202604300001,forward,2026-04-30,2026-10-05,EUR/GBP,1180881.45,1
2026-08-31,bank_2,SW202605080001,swap,2026-05-08,2026-11-12,EUR/GBP,8461571.63,2
2026-08-31,bank_2,FW202605140001,forward,2026-05-14,2026-10-19,GBP/USD,2702262.2,1
2026-08-31,bank_3,SW202605220001,swap,2026-05-22,2026-09-28,EUR/USD,1301770.26,2
2026-08-31,bank_3,FW202605270001,forward,2026-05-27,2026-09-29,GBP/USD,1817566.22,1
2026-08-31,bank_4,FW202605290001,forward,2026-05-29,2026-09-02,GBP/USD,2574864.44,1
2026-08-31,bank_4,SW202606030002,swap,2026-06-03,2026-11-05,GBP/USD,1628586.09,2
2026-08-31,bank_2,FW202606040001,forward,2026-06-04,2026-11-09,EUR/GBP,81358.65,1
2026-08-31,bank_3,FW202606120001,forward,2026-06-12,2026-11-16,GBP/USD,1116216.96,1
2026-08-31,bank_4,FW202606170001,forward,2026-06-17,2026-11-23,GBP/USD,2963611.9,1
2026-08-31,bank_2,FW202606230001,forward,2026-06-23,2026-09-25,EUR/GBP,9472911.67,1
2026-08-31,fx_pb_1,FW202606240002,forward,2026-06-24,2026-11-27,GBP/USD,8176020.28,1
2026-08-31,fx_pb_1,FW202606260001,forward,2026-06-26,2026-11-30,EUR/USD,1059214.58,1
2026-08-31,fx_pb_1,FW202606260002,forward,2026-06-26,2026-10-30,GBP/USD,2705562.26,1
2026-08-31,bank_4,SW202607020001,swap,2026-07-02,2026-12-07,EUR/GBP,1799562.18,2
2026-08-31,fx_pb_1,FW202607070001,forward,2026-07-07,2026-10-09,EUR/USD,1686584.92,1
2026-08-31,bank_3,SW202607100001,swap,2026-07-10,2026-10-14,GBP/USD,1560768.66,2
2026-08-31,fx_pb_1,FW202607130002,forward,2026-07-13,2026-10-15,EUR/GBP,7722182.34,1
2026-08-31,bank_4,SW202607140001,swap,2026-07-14,2026-12-16,EUR/USD,644563.31,2
2026-08-31,bank_1,SW202607140002,swap,2026-07-14,2026-11-16,EUR/GBP,1081540.17,2
2026-08-31,bank_1,FW202607210001,forward,2026-07-21,2026-10-23,GBP/USD,66810.56,1
2026-08-31,fx_pb_1,FW202607230001,forward,2026-07-23,2026-10-27,EUR/GBP,1666188.32,1
2026-08-31,fx_pb_1,FW202607290001,forward,2026-07-29,2026-09-30,EUR/USD,237899.22,1
2026-08-31,fx_pb_1,SW202608030001,swap,2026-08-03,2026-10-05,EUR/USD,6193987.76,2
2026-08-31,bank_4,FW202608070001,forward,2026-08-07,2026-09-11,GBP/USD,1634306.34,1
2026-08-31,bank_1,FW202608140001,forward,2026-08-14,2026-10-19,EUR/USD,2983548.95,1
2026-08-31,bank_4,FW202608250001,forward,2026-08-25,2026-11-27,GBP/USD,2451539.27,1
2026-08-31,fx_pb_1,SW202608260001,swap,2026-08-26,2027-03-01,EUR/GBP,2009380.51,2
2026-08-31,bank_3,FW202608260002,forward,2026-08-26,2026-11-30,GBP/USD,911725.14,1
2026-08-31,bank_1,FW202608270001,forward,2026-08-27,2026-09-30,GBP/USD,4249092.33,1
2026-08-31,fx_pb_1,SW202608310001,swap,2026-08-31,2026-09-02,EUR/GBP,923178.63,1
2026-08-31,fx_pb_1,SW202608310001,swap,2026-08-31,2027-01-04,EUR/GBP,929928.41,2
2026-09-01,bank_1,FW202604030001,forward,2026-04-03,2026-10-07,GBP/USD,691503.79,1
2026-09-01,bank_2,SW202604160001,swap,2026-04-16,2026-09-21,EUR/GBP,1721969.66,2
2026-09-01,fx_pb_1,FW202604240001,forward,2026-04-24,2026-09-28,EUR/USD,118147.69,1
2026-09-01,fx_pb_1,SW202604280001,swap,2026-04-28,2026-09-30,EUR/USD,4948100.53,2
2026-09-01,bank_1,FW202604300001,forward,2026-04-30,2026-10-05,EUR/GBP,1180881.45,1
2026-09-01,bank_2,SW202605080001,swap,2026-05-08,2026-11-12,EUR/GBP,8461571.63,2
2026-09-01,bank_2,FW202605140001,forward,2026-05-14,2026-10-19,GBP/USD,2702262.2,1
2026-09-01,bank_3,SW202605220001,swap,2026-05-22,2026-09-28,EUR/USD,1301770.26,2
2026-09-01,bank_3,FW202605270001,forward,2026-05-27,2026-09-29,GBP/USD,1817566.22,1
2026-09-01,bank_4,FW202605290001,forward,2026-05-29,2026-09-02,GBP/USD,2574864.44,1
2026-09-01,bank_4,SW202606030002,swap,2026-06-03,2026-11-05,GBP/USD,1628586.09,2
2026-09-01,bank_2,FW202606040001,forward,2026-06-04,2026-11-09,EUR/GBP,81358.65,1
2026-09-01,bank_3,FW202606120001,forward,2026-06-12,2026-11-16,GBP/USD,1116216.96,1
2026-09-01,bank_4,FW202606170001,forward,2026-06-17,2026-11-23,GBP/USD,2963611.9,1
2026-09-01,bank_2,FW202606230001,forward,2026-06-23,2026-09-25,EUR/GBP,9472911.67,1
2026-09-01,fx_pb_1,FW202606240002,forward,2026-06-24,2026-11-27,GBP/USD,8176020.28,1
2026-09-01,fx_pb_1,FW202606260001,forward,2026-06-26,2026-11-30,EUR/USD,1059214.58,1
2026-09-01,fx_pb_1,FW202606260002,forward,2026-06-26,2026-10-30,GBP/USD,2705562.26,1
2026-09-01,bank_4,SW202607020001,swap,2026-07-02,2026-12-07,EUR/GBP,1799562.18,2
2026-09-01,fx_pb_1,FW202607070001,forward,2026-07-07,2026-10-09,EUR/USD,1686584.92,1
2026-09-01,bank_3,SW202607100001,swap,2026-07-10,2026-10-14,GBP/USD,1560768.66,2
2026-09-01,fx_pb_1,FW202607130002,forward,2026-07-13,2026-10-15,EUR/GBP,7722182.34,1
2026-09-01,bank_4,SW202607140001,swap,2026-07-14,2026-12-16,EUR/USD,644563.31,2
2026-09-01,bank_1,SW202607140002,swap,2026-07-14,2026-11-16,EUR/GBP,1081540.17,2
2026-09-01,bank_1,FW202607210001,forward,2026-07-21,2026-10-23,GBP/USD,66810.56,1
2026-09-01,fx_pb_1,FW202607230001,forward,2026-07-23,2026-10-27,EUR/GBP,1666188.32,1
2026-09-01,fx_pb_1,FW202607290001,forward,2026-07-29,2026-09-30,EUR/USD,237899.22,1
2026-09-01,fx_pb_1,SW202608030001,swap,2026-08-03,2026-10-05,EUR/USD,6193987.76,2
2026-09-01,bank_4,FW202608070001,forward,2026-08-07,2026-09-11,GBP/USD,1634306.34,1
2026-09-01,bank_1,FW202608140001,forward,2026-08-14,2026-10-19,EUR/USD,2983548.95,1
2026-09-01,bank_4,FW202608250001,forward,2026-08-25,2026-11-27,GBP/USD,2451539.27,1
2026-09-01,fx_pb_1,SW202608260001,swap,2026-08-26,2027-03-01,EUR/GBP,2009380.51,2
2026-09-01,bank_3,FW202608260002,forward,2026-08-26,2026-11-30,GBP/USD,911725.14,1
2026-09-01,bank_1,FW202608270001,forward,2026-08-27,2026-09-30,GBP/USD,4249092.33,1
2026-09-01,fx_pb_1,SW202608310001,swap,2026-08-31,2026-09-02,EUR/GBP,923178.63,1
2026-09-01,fx_pb_1,SW202608310001,swap,2026-08-31,2027-01-04,EUR/GBP,929928.41,2
2026-09-02,bank_1,FW202604030001,forward,2026-04-03,2026-10-07,GBP/USD,691503.79,1
2026-09-02,bank_2,SW202604160001,swap,2026-04-16,2026-09-21,EUR/GBP,1721969.66,2
2026-09-02,fx_pb_1,FW202604240001,forward,2026-04-24,2026-09-28,EUR/USD,118147.69,1
2026-09-02,fx_pb_1,SW202604280001,swap,2026-04-28,2026-09-30,EUR/USD,4948100.53,2
2026-09-02,bank_1,FW202604300001,forward,2026-04-30,2026-10-05,EUR/GBP,1180881.45,1
2026-09-02,bank_2,SW202605080001,swap,2026-05-08,2026-11-12,EUR/GBP,8461571.63,2
2026-09-02,bank_2,FW202605140001,forward,2026-05-14,2026-10-19,GBP/USD,2702262.2,1
2026-09-02,bank_3,SW202605220001,swap,2026-05-22,2026-09-28,EUR/USD,1301770.26,2
2026-09-02,bank_3,FW202605270001,forward,2026-05-27,2026-09-29,GBP/USD,1817566.22,1
2026-09-02,bank_4,SW202606030002,swap,2026-06-03,2026-11-05,GBP/USD,1628586.09,2
2026-09-02,bank_2,FW202606040001,forward,2026-06-04,2026-11-09,EUR/GBP,81358.65,1
2026-09-02,bank_3,FW202606120001,forward,2026-06-12,2026-11-16,GBP/USD,1116216.96,1
2026-09-02,bank_4,FW202606170001,forward,2026-06-17,2026-11-23,GBP/USD,2963611.9,1
2026-09-02,bank_2,FW202606230001,forward,2026-06-23,2026-09-25,EUR/GBP,9472911.67,1
2026-09-02,fx_pb_1,FW202606240002,forward,2026-06-24,2026-11-27,GBP/USD,8176020.28,1
2026-09-02,fx_pb_1,FW202606260001,forward,2026-06-26,2026-11-30,EUR/USD,1059214.58,1
2026-09-02,fx_pb_1,FW202606260002,forward,2026-06-26,2026-10-30,GBP/USD,2705562.26,1
2026-09-02,bank_4,SW202607020001,swap,2026-07-02,2026-12-07,EUR/GBP,1799562.18,2
2026-09-02,fx_pb_1,FW202607070001,forward,2026-07-07,2026-10-09,EUR/USD,1686584.92,1
2026-09-02,bank_3,SW202607100001,swap,2026-07-10,2026-10-14,GBP/USD,1560768.66,2
2026-09-02,fx_pb_1,FW202607130002,forward,2026-07-13,2026-10-15,EUR/GBP,7722182.34,1
2026-09-02,bank_4,SW202607140001,swap,2026-07-14,2026-12-16,EUR/USD,644563.31,2
2026-09-02,bank_1,SW202607140002,swap,2026-07-14,2026-11-16,EUR/GBP,1081540.17,2
2026-09-02,bank_1,FW202607210001,forward,2026-07-21,2026-10-23,GBP/USD,66810.56,1
2026-09-02,fx_pb_1,FW202607230001,forward,2026-07-23,2026-10-27,EUR/GBP,1666188.32,1
2026-09-02,fx_pb_1,FW202607290001,forward,2026-07-29,2026-09-30,EUR/USD,237899.22,1
2026-09-02,fx_pb_1,SW202608030001,swap,2026-08-03,2026-10-05,EUR/USD,6193987.76,2
2026-09-02,bank_4,FW202608070001,forward,2026-08-07,2026-09-11,GBP/USD,1634306.34,1
2026-09-02,bank_1,FW202608140001,forward,2026-08-14,2026-10-19,EUR/USD,2983548.95,1
2026-09-02,bank_4,FW202608250001,forward,2026-08-25,2026-11-27,GBP/USD,2451539.27,1
2026-09-02,fx_pb_1,SW202608260001,swap,2026-08-26,2027-03-01,EUR/GBP,2009380.51,2
2026-09-02,bank_3,FW202608260002,forward,2026-08-26,2026-11-30,GBP/USD,911725.14,1
2026-09-02,bank_1,FW202608270001,forward,2026-08-27,2026-09-30,GBP/USD,4249092.33,1
2026-09-02,fx_pb_1,SW202608310001,swap,2026-08-31,2027-01-04,EUR/GBP,929928.41,2
2026-09-02,fx_pb_1,SP202609020001,spot,2026-09-02,2026-09-04,EUR/USD,1046280.19,1
2026-09-02,bank_3,SP202609020002,spot,2026-09-02,2026-09-04,EUR/USD,2775142.18,1
2026-09-03,bank_1,FW202604030001,forward,2026-04-03,2026-10-07,GBP/USD,691503.79,1
2026-09-03,bank_2,SW202604160001,swap,2026-04-16,2026-09-21,EUR/GBP,1721969.66,2
2026-09-03,fx_pb_1,FW202604240001,forward,2026-04-24,2026-09-28,EUR/USD,118147.69,1
2026-09-03,fx_pb_1,SW202604280001,swap,2026-04-28,2026-09-30,EUR/USD,4948100.53,2
2026-09-03,bank_1,FW202604300001,forward,2026-04-30,2026-10-05,EUR/GBP,1180881.45,1
2026-09-03,bank_2,SW202605080001,swap,2026-05-08,2026-11-12,EUR/GBP,8461571.63,2
2026-09-03,bank_2,FW202605140001,forward,2026-05-14,2026-10-19,GBP/USD,2702262.2,1
2026-09-03,bank_3,SW202605220001,swap,2026-05-22,2026-09-28,EUR/USD,1301770.26,2
2026-09-03,bank_3,FW202605270001,forward,2026-05-27,2026-09-29,GBP/USD,1817566.22,1
2026-09-03,bank_4,SW202606030002,swap,2026-06-03,2026-11-05,GBP/USD,1628586.09,2
2026-09-03,bank_2,FW202606040001,forward,2026-06-04,2026-11-09,EUR/GBP,81358.65,1
2026-09-03,bank_3,FW202606120001,forward,2026-06-12,2026-11-16,GBP/USD,1116216.96,1
2026-09-03,bank_4,FW202606170001,forward,2026-06-17,2026-11-23,GBP/USD,2963611.9,1
2026-09-03,bank_2,FW202606230001,forward,2026-06-23,2026-09-25,EUR/GBP,9472911.67,1
2026-09-03,fx_pb_1,FW202606240002,forward,2026-06-24,2026-11-27,GBP/USD,8176020.28,1
2026-09-03,fx_pb_1,FW202606260001,forward,2026-06-26,2026-11-30,EUR/USD,1059214.58,1
2026-09-03,fx_pb_1,FW202606260002,forward,2026-06-26,2026-10-30,GBP/USD,2705562.26,1
2026-09-03,bank_4,SW202607020001,swap,2026-07-02,2026-12-07,EUR/GBP,1799562.18,2
2026-09-03,fx_pb_1,FW202607070001,forward,2026-07-07,2026-10-09,EUR/USD,1686584.92,1
2026-09-03,bank_3,SW202607100001,swap,2026-07-10,2026-10-14,GBP/USD,1560768.66,2
2026-09-03,fx_pb_1,FW202607130002,forward,2026-07-13,2026-10-15,EUR/GBP,7722182.34,1
2026-09-03,bank_4,SW202607140001,swap,2026-07-14,2026-12-16,EUR/USD,644563.31,2
2026-09-03,bank_1,SW202607140002,swap,2026-07-14,2026-11-16,EUR/GBP,1081540.17,2
2026-09-03,bank_1,FW202607210001,forward,2026-07-21,2026-10-23,GBP/USD,66810.56,1
2026-09-03,fx_pb_1,FW202607230001,forward,2026-07-23,2026-10-27,EUR/GBP,1666188.32,1
2026-09-03,fx_pb_1,FW202607290001,forward,2026-07-29,2026-09-30,EUR/USD,237899.22,1
2026-09-03,fx_pb_1,SW202608030001,swap,2026-08-03,2026-10-05,EUR/USD,6193987.76,2
2026-09-03,bank_4,FW202608070001,forward,2026-08-07,2026-09-11,GBP/USD,1634306.34,1
2026-09-03,bank_1,FW202608140001,forward,2026-08-14,2026-10-19,EUR/USD,2983548.95,1
2026-09-03,bank_4,FW202608250001,forward,2026-08-25,2026-11-27,GBP/USD,2451539.27,1
2026-09-03,fx_pb_1,SW202608260001,swap,2026-08-26,2027-03-01,EUR/GBP,2009380.51,2
2026-09-03,bank_3,FW202608260002,forward,2026-08-26,2026-11-30,GBP/USD,911725.14,1
2026-09-03,bank_1,FW202608270001,forward,2026-08-27,2026-09-30,GBP/USD,4249092.33,1
2026-09-03,fx_pb_1,SW202608310001,swap,2026-08-31,2027-01-04,EUR/GBP,929928.41,2
2026-09-03,fx_pb_1,SP202609020001,spot,2026-09-02,2026-09-04,EUR/USD,1046280.19,1
2026-09-03,bank_3,SP202609020002,spot,2026-09-02,2026-09-04,EUR/USD,2775142.18,1
2026-09-03,bank_4,SP202609030001,spot,2026-09-03,2026-09-08,GBP/USD,1818279.96,1
2026-09-03,bank_1,SW202609030002,swap,2026-09-03,2026-09-08,GBP/USD,1393484.36,1
2026-09-03,bank_1,SW202609030002,swap,2026-09-03,2026-12-08,GBP/USD,1390533.15,2
2026-09-03,fx_pb_1,SP202609030003,spot,2026-09-03,2026-09-08,GBP/USD,1678955.51,1
2026-09-04,bank_1,FW202604030001,forward,2026-04-03,2026-10-07,GBP/USD,691503.79,1
2026-09-04,bank_2,SW202604160001,swap,2026-04-16,2026-09-21,EUR/GBP,1721969.66,2
2026-09-04,fx_pb_1,FW202604240001,forward,2026-04-24,2026-09-28,EUR/USD,118147.69,1
2026-09-04,fx_pb_1,SW202604280001,swap,2026-04-28,2026-09-30,EUR/USD,4948100.53,2
2026-09-04,bank_1,FW202604300001,forward,2026-04-30,2026-10-05,EUR/GBP,1180881.45,1
2026-09-04,bank_2,SW202605080001,swap,2026-05-08,2026-11-12,EUR/GBP,8461571.63,2
2026-09-04,bank_2,FW202605140001,forward,2026-05-14,2026-10-19,GBP/USD,2702262.2,1
2026-09-04,bank_3,SW202605220001,swap,2026-05-22,2026-09-28,EUR/USD,1301770.26,2
2026-09-04,bank_3,FW202605270001,forward,2026-05-27,2026-09-29,GBP/USD,1817566.22,1
2026-09-04,bank_4,SW202606030002,swap,2026-06-03,2026-11-05,GBP/USD,1628586.09,2
2026-09-04,bank_2,FW202606040001,forward,2026-06-04,2026-11-09,EUR/GBP,81358.65,1
2026-09-04,bank_3,FW202606120001,forward,2026-06-12,2026-11-16,GBP/USD,1116216.96,1
2026-09-04,bank_4,FW202606170001,forward,2026-06-17,2026-11-23,GBP/USD,2963611.9,1
2026-09-04,bank_2,FW202606230001,forward,2026-06-23,2026-09-25,EUR/GBP,9472911.67,1
2026-09-04,fx_pb_1,FW202606240002,forward,2026-06-24,2026-11-27,GBP/USD,8176020.28,1
2026-09-04,fx_pb_1,FW202606260001,forward,2026-06-26,2026-11-30,EUR/USD,1059214.58,1
2026-09-04,fx_pb_1,FW202606260002,forward,2026-06-26,2026-10-30,GBP/USD,2705562.26,1
2026-09-04,bank_4,SW202607020001,swap,2026-07-02,2026-12-07,EUR/GBP,1799562.18,2
2026-09-04,fx_pb_1,FW202607070001,forward,2026-07-07,2026-10-09,EUR/USD,1686584.92,1
2026-09-04,bank_3,SW202607100001,swap,2026-07-10,2026-10-14,GBP/USD,1560768.66,2
2026-09-04,fx_pb_1,FW202607130002,forward,2026-07-13,2026-10-15,EUR/GBP,7722182.34,1
2026-09-04,bank_4,SW202607140001,swap,2026-07-14,2026-12-16,EUR/USD,644563.31,2
2026-09-04,bank_1,SW202607140002,swap,2026-07-14,2026-11-16,EUR/GBP,1081540.17,2
2026-09-04,bank_1,FW202607210001,forward,2026-07-21,2026-10-23,GBP/USD,66810.56,1
2026-09-04,fx_pb_1,FW202607230001,forward,2026-07-23,2026-10-27,EUR/GBP,1666188.32,1
2026-09-04,fx_pb_1,FW202607290001,forward,2026-07-29,2026-09-30,EUR/USD,237899.22,1
2026-09-04,fx_pb_1,SW202608030001,swap,2026-08-03,2026-10-05,EUR/USD,6193987.76,2
2026-09-04,bank_4,FW202608070001,forward,2026-08-07,2026-09-11,GBP/USD,1634306.34,1
2026-09-04,bank_1,FW202608140001,forward,2026-08-14,2026-10-19,EUR/USD,2983548.95,1
2026-09-04,bank_4,FW202608250001,forward,2026-08-25,2026-11-27,GBP/USD,2451539.27,1
2026-09-04,fx_pb_1,SW202608260001,swap,2026-08-26,2027-03-01,EUR/GBP,2009380.51,2
2026-09-04,bank_3,FW202608260002,forward,2026-08-26,2026-11-30,GBP/USD,911725.14,1
2026-09-04,bank_1,FW202608270001,forward,2026-08-27,2026-09-30,GBP/USD,4249092.33,1
2026-09-04,fx_pb_1,SW202608310001,swap,2026-08-31,2027-01-04,EUR/GBP,929928.41,2
2026-09-04,bank_4,SP202609030001,spot,2026-09-03,2026-09-08,GBP/USD,1818279.96,1
2026-09-04,bank_1,SW202609030002,swap,2026-09-03,2026-09-08,GBP/USD,1393484.36,1
2026-09-04,bank_1,SW202609030002,swap,2026-09-03,2026-12-08,GBP/USD,1390533.15,2
2026-09-04,fx_pb_1,SP202609030003,spot,2026-09-03,2026-09-08,GBP/USD,1678955.51,1
2026-09-08,bank_1,FW202604030001,forward,2026-04-03,2026-10-07,GBP/USD,691503.79,1
2026-09-08,bank_2,SW202604160001,swap,2026-04-16,2026-09-21,EUR/GBP,1721969.66,2
2026-09-08,fx_pb_1,FW202604240001,forward,2026-04-24,2026-09-28,EUR/USD,118147.69,1
2026-09-08,fx_pb_1,SW202604280001,swap,2026-04-28,2026-09-30,EUR/USD,4948100.53,2
2026-09-08,bank_1,FW202604300001,forward,2026-04-30,2026-10-05,EUR/GBP,1180881.45,1
2026-09-08,bank_2,SW202605080001,swap,2026-05-08,2026-11-12,EUR/GBP,8461571.63,2
2026-09-08,bank_2,FW202605140001,forward,2026-05-14,2026-10-19,GBP/USD,2702262.2,1
2026-09-08,bank_3,SW202605220001,swap,2026-05-22,2026-09-28,EUR/USD,1301770.26,2
2026-09-08,bank_3,FW202605270001,forward,2026-05-27,2026-09-29,GBP/USD,1817566.22,1
2026-09-08,bank_4,SW202606030002,swap,2026-06-03,2026-11-05,GBP/USD,1628586.09,2
2026-09-08,bank_2,FW202606040001,forward,2026-06-04,2026-11-09,EUR/GBP,81358.65,1
2026-09-08,bank_3,FW202606120001,forward,2026-06-12,2026-11-16,GBP/USD,1116216.96,1
2026-09-08,bank_4,FW202606170001,forward,2026-06-17,2026-11-23,GBP/USD,2963611.9,1
2026-09-08,bank_2,FW202606230001,forward,2026-06-23,2026-09-25,EUR/GBP,9472911.67,1
2026-09-08,fx_pb_1,FW202606240002,forward,2026-06-24,2026-11-27,GBP/USD,8176020.28,1
2026-09-08,fx_pb_1,FW202606260001,forward,2026-06-26,2026-11-30,EUR/USD,1059214.58,1
2026-09-08,fx_pb_1,FW202606260002,forward,2026-06-26,2026-10-30,GBP/USD,2705562.26,1
2026-09-08,bank_4,SW202607020001,swap,2026-07-02,2026-12-07,EUR/GBP,1799562.18,2
2026-09-08,fx_pb_1,FW202607070001,forward,2026-07-07,2026-10-09,EUR/USD,1686584.92,1
2026-09-08,bank_3,SW202607100001,swap,2026-07-10,2026-10-14,GBP/USD,1560768.66,2
2026-09-08,fx_pb_1,FW202607130002,forward,2026-07-13,2026-10-15,EUR/GBP,7722182.34,1
2026-09-08,bank_4,SW202607140001,swap,2026-07-14,2026-12-16,EUR/USD,644563.31,2
2026-09-08,bank_1,SW202607140002,swap,2026-07-14,2026-11-16,EUR/GBP,1081540.17,2
2026-09-08,bank_1,FW202607210001,forward,2026-07-21,2026-10-23,GBP/USD,66810.56,1
2026-09-08,fx_pb_1,FW202607230001,forward,2026-07-23,2026-10-27,EUR/GBP,1666188.32,1
2026-09-08,fx_pb_1,FW202607290001,forward,2026-07-29,2026-09-30,EUR/USD,237899.22,1
2026-09-08,fx_pb_1,SW202608030001,swap,2026-08-03,2026-10-05,EUR/USD,6193987.76,2
2026-09-08,bank_4,FW202608070001,forward,2026-08-07,2026-09-11,GBP/USD,1634306.34,1
2026-09-08,bank_1,FW202608140001,forward,2026-08-14,2026-10-19,EUR/USD,2983548.95,1
2026-09-08,bank_4,FW202608250001,forward,2026-08-25,2026-11-27,GBP/USD,2451539.27,1
2026-09-08,fx_pb_1,SW202608260001,swap,2026-08-26,2027-03-01,EUR/GBP,2009380.51,2
2026-09-08,bank_3,FW202608260002,forward,2026-08-26,2026-11-30,GBP/USD,911725.14,1
2026-09-08,bank_1,FW202608270001,forward,2026-08-27,2026-09-30,GBP/USD,4249092.33,1
2026-09-08,fx_pb_1,SW202608310001,swap,2026-08-31,2027-01-04,EUR/GBP,929928.41,2
2026-09-08,bank_1,SW202609030002,swap,2026-09-03,2026-12-08,GBP/USD,1390533.15,2
2026-09-09,bank_1,FW202604030001,forward,2026-04-03,2026-10-07,GBP/USD,691503.79,1
2026-09-09,bank_2,SW202604160001,swap,2026-04-16,2026-09-21,EUR/GBP,1721969.66,2
2026-09-09,fx_pb_1,FW202604240001,forward,2026-04-24,2026-09-28,EUR/USD,118147.69,1
2026-09-09,fx_pb_1,SW202604280001,swap,2026-04-28,2026-09-30,EUR/USD,4948100.53,2
2026-09-09,bank_1,FW202604300001,forward,2026-04-30,2026-10-05,EUR/GBP,1180881.45,1
2026-09-09,bank_2,SW202605080001,swap,2026-05-08,2026-11-12,EUR/GBP,8461571.63,2
2026-09-09,bank_2,FW202605140001,forward,2026-05-14,2026-10-19,GBP/USD,2702262.2,1
2026-09-09,bank_3,SW202605220001,swap,2026-05-22,2026-09-28,EUR/USD,1301770.26,2
2026-09-09,bank_3,FW202605270001,forward,2026-05-27,2026-09-29,GBP/USD,1817566.22,1
2026-09-09,bank_4,SW202606030002,swap,2026-06-03,2026-11-05,GBP/USD,1628586.09,2
2026-09-09,bank_2,FW202606040001,forward,2026-06-04,2026-11-09,EUR/GBP,81358.65,1
2026-09-09,bank_3,FW202606120001,forward,2026-06-12,2026-11-16,GBP/USD,1116216.96,1
2026-09-09,bank_4,FW202606170001,forward,2026-06-17,2026-11-23,GBP/USD,2963611.9,1
2026-09-09,bank_2,FW202606230001,forward,2026-06-23,2026-09-25,EUR/GBP,9472911.67,1
2026-09-09,fx_pb_1,FW202606240002,forward,2026-06-24,2026-11-27,GBP/USD,8176020.28,1
2026-09-09,fx_pb_1,FW202606260001,forward,2026-06-26,2026-11-30,EUR/USD,1059214.58,1
2026-09-09,fx_pb_1,FW202606260002,forward,2026-06-26,2026-10-30,GBP/USD,2705562.26,1
2026-09-09,bank_4,SW202607020001,swap,2026-07-02,2026-12-07,EUR/GBP,1799562.18,2
2026-09-09,fx_pb_1,FW202607070001,forward,2026-07-07,2026-10-09,EUR/USD,1686584.92,1
2026-09-09,bank_3,SW202607100001,swap,2026-07-10,2026-10-14,GBP/USD,1560768.66,2
2026-09-09,fx_pb_1,FW202607130002,forward,2026-07-13,2026-10-15,EUR/GBP,7722182.34,1
2026-09-09,bank_4,SW202607140001,swap,2026-07-14,2026-12-16,EUR/USD,644563.31,2
2026-09-09,bank_1,SW202607140002,swap,2026-07-14,2026-11-16,EUR/GBP,1081540.17,2
2026-09-09,bank_1,FW202607210001,forward,2026-07-21,2026-10-23,GBP/USD,66810.56,1
2026-09-09,fx_pb_1,FW202607230001,forward,2026-07-23,2026-10-27,EUR/GBP,1666188.32,1
2026-09-09,fx_pb_1,FW202607290001,forward,2026-07-29,2026-09-30,EUR/USD,237899.22,1
2026-09-09,fx_pb_1,SW202608030001,swap,2026-08-03,2026-10-05,EUR/USD,6193987.76,2
2026-09-09,bank_4,FW202608070001,forward,2026-08-07,2026-09-11,GBP/USD,1634306.34,1
2026-09-09,bank_1,FW202608140001,forward,2026-08-14,2026-10-19,EUR/USD,2983548.95,1
2026-09-09,bank_4,FW202608250001,forward,2026-08-25,2026-11-27,GBP/USD,2451539.27,1
2026-09-09,fx_pb_1,SW202608260001,swap,2026-08-26,2027-03-01,EUR/GBP,2009380.51,2
2026-09-09,bank_3,FW202608260002,forward,2026-08-26,2026-11-30,GBP/USD,911725.14,1
2026-09-09,bank_1,FW202608270001,forward,2026-08-27,2026-09-30,GBP/USD,4249092.33,1
2026-09-09,fx_pb_1,SW202608310001,swap,2026-08-31,2027-01-04,EUR/GBP,929928.41,2
2026-09-09,bank_1,SW202609030002,swap,2026-09-03,2026-12-08,GBP/USD,1390533.15,2
2026-09-09,bank_3,SW202609090001,swap,2026-09-09,2026-09-11,EUR/GBP,1404176.2,1
2026-09-09,bank_3,SW202609090001,swap,2026-09-09,2027-03-11,EUR/GBP,1404794.38,2
2026-09-10,bank_1,FW202604030001,forward,2026-04-03,2026-10-07,GBP/USD,691503.79,1
2026-09-10,bank_2,SW202604160001,swap,2026-04-16,2026-09-21,EUR/GBP,1721969.66,2
2026-09-10,fx_pb_1,FW202604240001,forward,2026-04-24,2026-09-28,EUR/USD,118147.69,1
2026-09-10,fx_pb_1,SW202604280001,swap,2026-04-28,2026-09-30,EUR/USD,4948100.53,2
2026-09-10,bank_1,FW202604300001,forward,2026-04-30,2026-10-05,EUR/GBP,1180881.45,1
2026-09-10,bank_2,SW202605080001,swap,2026-05-08,2026-11-12,EUR/GBP,8461571.63,2
2026-09-10,bank_2,FW202605140001,forward,2026-05-14,2026-10-19,GBP/USD,2702262.2,1
2026-09-10,bank_3,SW202605220001,swap,2026-05-22,2026-09-28,EUR/USD,1301770.26,2
2026-09-10,bank_3,FW202605270001,forward,2026-05-27,2026-09-29,GBP/USD,1817566.22,1
2026-09-10,bank_4,SW202606030002,swap,2026-06-03,2026-11-05,GBP/USD,1628586.09,2
2026-09-10,bank_2,FW202606040001,forward,2026-06-04,2026-11-09,EUR/GBP,81358.65,1
2026-09-10,bank_3,FW202606120001,forward,2026-06-12,2026-11-16,GBP/USD,1116216.96,1
2026-09-10,bank_4,FW202606170001,forward,2026-06-17,2026-11-23,GBP/USD,2963611.9,1
2026-09-10,bank_2,FW202606230001,forward,2026-06-23,2026-09-25,EUR/GBP,9472911.67,1
2026-09-10,fx_pb_1,FW202606240002,forward,2026-06-24,2026-11-27,GBP/USD,8176020.28,1
2026-09-10,fx_pb_1,FW202606260001,forward,2026-06-26,2026-11-30,EUR/USD,1059214.58,1
2026-09-10,fx_pb_1,FW202606260002,forward,2026-06-26,2026-10-30,GBP/USD,2705562.26,1
2026-09-10,bank_4,SW202607020001,swap,2026-07-02,2026-12-07,EUR/GBP,1799562.18,2
2026-09-10,fx_pb_1,FW202607070001,forward,2026-07-07,2026-10-09,EUR/USD,1686584.92,1
2026-09-10,bank_3,SW202607100001,swap,2026-07-10,2026-10-14,GBP/USD,1560768.66,2
2026-09-10,fx_pb_1,FW202607130002,forward,2026-07-13,2026-10-15,EUR/GBP,7722182.34,1
2026-09-10,bank_4,SW202607140001,swap,2026-07-14,2026-12-16,EUR/USD,644563.31,2
2026-09-10,bank_1,SW202607140002,swap,2026-07-14,2026-11-16,EUR/GBP,1081540.17,2
2026-09-10,bank_1,FW202607210001,forward,2026-07-21,2026-10-23,GBP/USD,66810.56,1
2026-09-10,fx_pb_1,FW202607230001,forward,2026-07-23,2026-10-27,EUR/GBP,1666188.32,1
2026-09-10,fx_pb_1,FW202607290001,forward,2026-07-29,2026-09-30,EUR/USD,237899.22,1
2026-09-10,fx_pb_1,SW202608030001,swap,2026-08-03,2026-10-05,EUR/USD,6193987.76,2
2026-09-10,bank_4,FW202608070001,forward,2026-08-07,2026-09-11,GBP/USD,1634306.34,1
2026-09-10,bank_1,FW202608140001,forward,2026-08-14,2026-10-19,EUR/USD,2983548.95,1
2026-09-10,bank_4,FW202608250001,forward,2026-08-25,2026-11-27,GBP/USD,2451539.27,1
2026-09-10,fx_pb_1,SW202608260001,swap,2026-08-26,2027-03-01,EUR/GBP,2009380.51,2
2026-09-10,bank_3,FW202608260002,forward,2026-08-26,2026-11-30,GBP/USD,911725.14,1
2026-09-10,bank_1,FW202608270001,forward,2026-08-27,2026-09-30,GBP/USD,4249092.33,1
2026-09-10,fx_pb_1,SW202608310001,swap,2026-08-31,2027-01-04,EUR/GBP,929928.41,2
2026-09-10,bank_1,SW202609030002,swap,2026-09-03,2026-12-08,GBP/USD,1390533.15,2
2026-09-10,bank_3,SW202609090001,swap,2026-09-09,2026-09-11,EUR/GBP,1404176.2,1
2026-09-10,bank_3,SW202609090001,swap,2026-09-09,2027-03-11,EUR/GBP,1404794.38,2
2026-09-11,bank_1,FW202604030001,forward,2026-04-03,2026-10-07,GBP/USD,691503.79,1
2026-09-11,bank_2,SW202604160001,swap,2026-04-16,2026-09-21,EUR/GBP,1721969.66,2
2026-09-11,fx_pb_1,FW202604240001,forward,2026-04-24,2026-09-28,EUR/USD,118147.69,1
2026-09-11,fx_pb_1,SW202604280001,swap,2026-04-28,2026-09-30,EUR/USD,4948100.53,2
2026-09-11,bank_1,FW202604300001,forward,2026-04-30,2026-10-05,EUR/GBP,1180881.45,1
2026-09-11,bank_2,SW202605080001,swap,2026-05-08,2026-11-12,EUR/GBP,8461571.63,2
2026-09-11,bank_2,FW202605140001,forward,2026-05-14,2026-10-19,GBP/USD,2702262.2,1
2026-09-11,bank_3,SW202605220001,swap,2026-05-22,2026-09-28,EUR/USD,1301770.26,2
2026-09-11,bank_3,FW202605270001,forward,2026-05-27,2026-09-29,GBP/USD,1817566.22,1
2026-09-11,bank_4,SW202606030002,swap,2026-06-03,2026-11-05,GBP/USD,1628586.09,2
2026-09-11,bank_2,FW202606040001,forward,2026-06-04,2026-11-09,EUR/GBP,81358.65,1
2026-09-11,bank_3,FW202606120001,forward,2026-06-12,2026-11-16,GBP/USD,1116216.96,1
2026-09-11,bank_4,FW202606170001,forward,2026-06-17,2026-11-23,GBP/USD,2963611.9,1
2026-09-11,bank_2,FW202606230001,forward,2026-06-23,2026-09-25,EUR/GBP,9472911.67,1
2026-09-11,fx_pb_1,FW202606240002,forward,2026-06-24,2026-11-27,GBP/USD,8176020.28,1
2026-09-11,fx_pb_1,FW202606260001,forward,2026-06-26,2026-11-30,EUR/USD,1059214.58,1
2026-09-11,fx_pb_1,FW202606260002,forward,2026-06-26,2026-10-30,GBP/USD,2705562.26,1
2026-09-11,bank_4,SW202607020001,swap,2026-07-02,2026-12-07,EUR/GBP,1799562.18,2
2026-09-11,fx_pb_1,FW202607070001,forward,2026-07-07,2026-10-09,EUR/USD,1686584.92,1
2026-09-11,bank_3,SW202607100001,swap,2026-07-10,2026-10-14,GBP/USD,1560768.66,2
2026-09-11,fx_pb_1,FW202607130002,forward,2026-07-13,2026-10-15,EUR/GBP,7722182.34,1
2026-09-11,bank_4,SW202607140001,swap,2026-07-14,2026-12-16,EUR/USD,644563.31,2
2026-09-11,bank_1,SW202607140002,swap,2026-07-14,2026-11-16,EUR/GBP,1081540.17,2
2026-09-11,bank_1,FW202607210001,forward,2026-07-21,2026-10-23,GBP/USD,66810.56,1
2026-09-11,fx_pb_1,FW202607230001,forward,2026-07-23,2026-10-27,EUR/GBP,1666188.32,1
2026-09-11,fx_pb_1,FW202607290001,forward,2026-07-29,2026-09-30,EUR/USD,237899.22,1
2026-09-11,fx_pb_1,SW202608030001,swap,2026-08-03,2026-10-05,EUR/USD,6193987.76,2
2026-09-11,bank_1,FW202608140001,forward,2026-08-14,2026-10-19,EUR/USD,2983548.95,1
2026-09-11,bank_4,FW202608250001,forward,2026-08-25,2026-11-27,GBP/USD,2451539.27,1
2026-09-11,fx_pb_1,SW202608260001,swap,2026-08-26,2027-03-01,EUR/GBP,2009380.51,2
2026-09-11,bank_3,FW202608260002,forward,2026-08-26,2026-11-30,GBP/USD,911725.14,1
2026-09-11,bank_1,FW202608270001,forward,2026-08-27,2026-09-30,GBP/USD,4249092.33,1
2026-09-11,fx_pb_1,SW202608310001,swap,2026-08-31,2027-01-04,EUR/GBP,929928.41,2
2026-09-11,bank_1,SW202609030002,swap,2026-09-03,2026-12-08,GBP/USD,1390533.15,2
2026-09-11,bank_3,SW202609090001,swap,2026-09-09,2027-03-11,EUR/GBP,1404794.38,2
2026-09-14,bank_1,FW202604030001,forward,2026-04-03,2026-10-07,GBP/USD,691503.79,1
2026-09-14,bank_2,SW202604160001,swap,2026-04-16,2026-09-21,EUR/GBP,1721969.66,2
2026-09-14,fx_pb_1,FW202604240001,forward,2026-04-24,2026-09-28,EUR/USD,118147.69,1
2026-09-14,fx_pb_1,SW202604280001,swap,2026-04-28,2026-09-30,EUR/USD,4948100.53,2
2026-09-14,bank_1,FW202604300001,forward,2026-04-30,2026-10-05,EUR/GBP,1180881.45,1
2026-09-14,bank_2,SW202605080001,swap,2026-05-08,2026-11-12,EUR/GBP,8461571.63,2
2026-09-14,bank_2,FW202605140001,forward,2026-05-14,2026-10-19,GBP/USD,2702262.2,1
2026-09-14,bank_3,SW202605220001,swap,2026-05-22,2026-09-28,EUR/USD,1301770.26,2
2026-09-14,bank_3,FW202605270001,forward,2026-05-27,2026-09-29,GBP/USD,1817566.22,1
2026-09-14,bank_4,SW202606030002,swap,2026-06-03,2026-11-05,GBP/USD,1628586.09,2
2026-09-14,bank_2,FW202606040001,forward,2026-06-04,2026-11-09,EUR/GBP,81358.65,1
2026-09-14,bank_3,FW202606120001,forward,2026-06-12,2026-11-16,GBP/USD,1116216.96,1
2026-09-14,bank_4,FW202606170001,forward,2026-06-17,2026-11-23,GBP/USD,2963611.9,1
2026-09-14,bank_2,FW202606230001,forward,2026-06-23,2026-09-25,EUR/GBP,9472911.67,1
2026-09-14,fx_pb_1,FW202606240002,forward,2026-06-24,2026-11-27,GBP/USD,8176020.28,1
2026-09-14,fx_pb_1,FW202606260001,forward,2026-06-26,2026-11-30,EUR/USD,1059214.58,1
2026-09-14,fx_pb_1,FW202606260002,forward,2026-06-26,2026-10-30,GBP/USD,2705562.26,1
2026-09-14,bank_4,SW202607020001,swap,2026-07-02,2026-12-07,EUR/GBP,1799562.18,2
2026-09-14,fx_pb_1,FW202607070001,forward,2026-07-07,2026-10-09,EUR/USD,1686584.92,1
2026-09-14,bank_3,SW202607100001,swap,2026-07-10,2026-10-14,GBP/USD,1560768.66,2
2026-09-14,fx_pb_1,FW202607130002,forward,2026-07-13,2026-10-15,EUR/GBP,7722182.34,1
2026-09-14,bank_4,SW202607140001,swap,2026-07-14,2026-12-16,EUR/USD,644563.31,2
2026-09-14,bank_1,SW202607140002,swap,2026-07-14,2026-11-16,EUR/GBP,1081540.17,2
2026-09-14,bank_1,FW202607210001,forward,2026-07-21,2026-10-23,GBP/USD,66810.56,1
2026-09-14,fx_pb_1,FW202607230001,forward,2026-07-23,2026-10-27,EUR/GBP,1666188.32,1
2026-09-14,fx_pb_1,FW202607290001,forward,2026-07-29,2026-09-30,EUR/USD,237899.22,1
2026-09-14,fx_pb_1,SW202608030001,swap,2026-08-03,2026-10-05,EUR/USD,6193987.76,2
2026-09-14,bank_1,FW202608140001,forward,2026-08-14,2026-10-19,EUR/USD,2983548.95,1
2026-09-14,bank_4,FW202608250001,forward,2026-08-25,2026-11-27,GBP/USD,2451539.27,1
2026-09-14,fx_pb_1,SW202608260001,swap,2026-08-26,2027-03-01,EUR/GBP,2009380.51,2
2026-09-14,bank_3,FW202608260002,forward,2026-08-26,2026-11-30,GBP/USD,911725.14,1
2026-09-14,bank_1,FW202608270001,forward,2026-08-27,2026-09-30,GBP/USD,4249092.33,1
2026-09-14,fx_pb_1,SW202608310001,swap,2026-08-31,2027-01-04,EUR/GBP,929928.41,2
2026-09-14,bank_1,SW202609030002,swap,2026-09-03,2026-12-08,GBP/USD,1390533.15,2
2026-09-14,bank_3,SW202609090001,swap,2026-09-09,2027-03-11,EUR/GBP,1404794.38,2
2026-09-14,bank_1,FW202609140001,forward,2026-09-14,2027-03-16,EUR/USD,1991013.11,1
2026-09-15,bank_1,FW202604030001,forward,2026-04-03,2026-10-07,GBP/USD,691503.79,1
2026-09-15,bank_2,SW202604160001,swap,2026-04-16,2026-09-21,EUR/GBP,1721969.66,2
2026-09-15,fx_pb_1,FW202604240001,forward,2026-04-24,2026-09-28,EUR/USD,118147.69,1
2026-09-15,fx_pb_1,SW202604280001,swap,2026-04-28,2026-09-30,EUR/USD,4948100.53,2
2026-09-15,bank_1,FW202604300001,forward,2026-04-30,2026-10-05,EUR/GBP,1180881.45,1
2026-09-15,bank_2,SW202605080001,swap,2026-05-08,2026-11-12,EUR/GBP,8461571.63,2
2026-09-15,bank_2,FW202605140001,forward,2026-05-14,2026-10-19,GBP/USD,2702262.2,1
2026-09-15,bank_3,SW202605220001,swap,2026-05-22,2026-09-28,EUR/USD,1301770.26,2
2026-09-15,bank_3,FW202605270001,forward,2026-05-27,2026-09-29,GBP/USD,1817566.22,1
2026-09-15,bank_4,SW202606030002,swap,2026-06-03,2026-11-05,GBP/USD,1628586.09,2
2026-09-15,bank_2,FW202606040001,forward,2026-06-04,2026-11-09,EUR/GBP,81358.65,1
2026-09-15,bank_3,FW202606120001,forward,2026-06-12,2026-11-16,GBP/USD,1116216.96,1
2026-09-15,bank_4,FW202606170001,forward,2026-06-17,2026-11-23,GBP/USD,2963611.9,1
2026-09-15,bank_2,FW202606230001,forward,2026-06-23,2026-09-25,EUR/GBP,9472911.67,1
2026-09-15,fx_pb_1,FW202606240002,forward,2026-06-24,2026-11-27,GBP/USD,8176020.28,1
2026-09-15,fx_pb_1,FW202606260001,forward,2026-06-26,2026-11-30,EUR/USD,1059214.58,1
2026-09-15,fx_pb_1,FW202606260002,forward,2026-06-26,2026-10-30,GBP/USD,2705562.26,1
2026-09-15,bank_4,SW202607020001,swap,2026-07-02,2026-12-07,EUR/GBP,1799562.18,2
2026-09-15,fx_pb_1,FW202607070001,forward,2026-07-07,2026-10-09,EUR/USD,1686584.92,1
2026-09-15,bank_3,SW202607100001,swap,2026-07-10,2026-10-14,GBP/USD,1560768.66,2
2026-09-15,fx_pb_1,FW202607130002,forward,2026-07-13,2026-10-15,EUR/GBP,7722182.34,1
2026-09-15,bank_4,SW202607140001,swap,2026-07-14,2026-12-16,EUR/USD,644563.31,2
2026-09-15,bank_1,SW202607140002,swap,2026-07-14,2026-11-16,EUR/GBP,1081540.17,2
2026-09-15,bank_1,FW202607210001,forward,2026-07-21,2026-10-23,GBP/USD,66810.56,1
2026-09-15,fx_pb_1,FW202607230001,forward,2026-07-23,2026-10-27,EUR/GBP,1666188.32,1
2026-09-15,fx_pb_1,FW202607290001,forward,2026-07-29,2026-09-30,EUR/USD,237899.22,1
2026-09-15,fx_pb_1,SW202608030001,swap,2026-08-03,2026-10-05,EUR/USD,6193987.76,2
2026-09-15,bank_1,FW202608140001,forward,2026-08-14,2026-10-19,EUR/USD,2983548.95,1
2026-09-15,bank_4,FW202608250001,forward,2026-08-25,2026-11-27,GBP/USD,2451539.27,1
2026-09-15,fx_pb_1,SW202608260001,swap,2026-08-26,2027-03-01,EUR/GBP,2009380.51,2
2026-09-15,bank_3,FW202608260002,forward,2026-08-26,2026-11-30,GBP/USD,911725.14,1
2026-09-15,bank_1,FW202608270001,forward,2026-08-27,2026-09-30,GBP/USD,4249092.33,1
2026-09-15,fx_pb_1,SW202608310001,swap,2026-08-31,2027-01-04,EUR/GBP,929928.41,2
2026-09-15,bank_1,SW202609030002,swap,2026-09-03,2026-12-08,GBP/USD,1390533.15,2
2026-09-15,bank_3,SW202609090001,swap,2026-09-09,2027-03-11,EUR/GBP,1404794.38,2
2026-09-15,bank_1,FW202609140001,forward,2026-09-14,2027-03-16,EUR/USD,1991013.11,1
2026-09-16,bank_1,FW202604030001,forward,2026-04-03,2026-10-07,GBP/USD,691503.79,1
2026-09-16,bank_2,SW202604160001,swap,2026-04-16,2026-09-21,EUR/GBP,1721969.66,2
2026-09-16,fx_pb_1,FW202604240001,forward,2026-04-24,2026-09-28,EUR/USD,118147.69,1
2026-09-16,fx_pb_1,SW202604280001,swap,2026-04-28,2026-09-30,EUR/USD,4948100.53,2
2026-09-16,bank_1,FW202604300001,forward,2026-04-30,2026-10-05,EUR/GBP,1180881.45,1
2026-09-16,bank_2,SW202605080001,swap,2026-05-08,2026-11-12,EUR/GBP,8461571.63,2
2026-09-16,bank_2,FW202605140001,forward,2026-05-14,2026-10-19,GBP/USD,2702262.2,1
2026-09-16,bank_3,SW202605220001,swap,2026-05-22,2026-09-28,EUR/USD,1301770.26,2
2026-09-16,bank_3,FW202605270001,forward,2026-05-27,2026-09-29,GBP/USD,1817566.22,1
2026-09-16,bank_4,SW202606030002,swap,2026-06-03,2026-11-05,GBP/USD,1628586.09,2
2026-09-16,bank_2,FW202606040001,forward,2026-06-04,2026-11-09,EUR/GBP,81358.65,1
2026-09-16,bank_3,FW202606120001,forward,2026-06-12,2026-11-16,GBP/USD,1116216.96,1
2026-09-16,bank_4,FW202606170001,forward,2026-06-17,2026-11-23,GBP/USD,2963611.9,1
2026-09-16,bank_2,FW202606230001,forward,2026-06-23,2026-09-25,EUR/GBP,9472911.67,1
2026-09-16,fx_pb_1,FW202606240002,forward,2026-06-24,2026-11-27,GBP/USD,8176020.28,1
2026-09-16,fx_pb_1,FW202606260001,forward,2026-06-26,2026-11-30,EUR/USD,1059214.58,1
2026-09-16,fx_pb_1,FW202606260002,forward,2026-06-26,2026-10-30,GBP/USD,2705562.26,1
2026-09-16,bank_4,SW202607020001,swap,2026-07-02,2026-12-07,EUR/GBP,1799562.18,2
2026-09-16,fx_pb_1,FW202607070001,forward,2026-07-07,2026-10-09,EUR/USD,1686584.92,1
2026-09-16,bank_3,SW202607100001,swap,2026-07-10,2026-10-14,GBP/USD,1560768.66,2
2026-09-16,fx_pb_1,FW202607130002,forward,2026-07-13,2026-10-15,EUR/GBP,7722182.34,1
2026-09-16,bank_4,SW202607140001,swap,2026-07-14,2026-12-16,EUR/USD,644563.31,2
2026-09-16,bank_1,SW202607140002,swap,2026-07-14,2026-11-16,EUR/GBP,1081540.17,2
2026-09-16,bank_1,FW202607210001,forward,2026-07-21,2026-10-23,GBP/USD,66810.56,1
2026-09-16,fx_pb_1,FW202607230001,forward,2026-07-23,2026-10-27,EUR/GBP,1666188.32,1
2026-09-16,fx_pb_1,FW202607290001,forward,2026-07-29,2026-09-30,EUR/USD,237899.22,1
2026-09-16,fx_pb_1,SW202608030001,swap,2026-08-03,2026-10-05,EUR/USD,6193987.76,2
2026-09-16,bank_1,FW202608140001,forward,2026-08-14,2026-10-19,EUR/USD,2983548.95,1
2026-09-16,bank_4,FW202608250001,forward,2026-08-25,2026-11-27,GBP/USD,2451539.27,1
2026-09-16,fx_pb_1,SW202608260001,swap,2026-08-26,2027-03-01,EUR/GBP,2009380.51,2
2026-09-16,bank_3,FW202608260002,forward,2026-08-26,2026-11-30,GBP/USD,911725.14,1
2026-09-16,bank_1,FW202608270001,forward,2026-08-27,2026-09-30,GBP/USD,4249092.33,1
2026-09-16,fx_pb_1,SW202608310001,swap,2026-08-31,2027-01-04,EUR/GBP,929928.41,2
2026-09-16,bank_1,SW202609030002,swap,2026-09-03,2026-12-08,GBP/USD,1390533.15,2
2026-09-16,bank_3,SW202609090001,swap,2026-09-09,2027-03-11,EUR/GBP,1404794.38,2
2026-09-16,bank_1,FW202609140001,forward,2026-09-14,2027-03-16,EUR/USD,1991013.11,1
2026-09-17,bank_1,FW202604030001,forward,2026-04-03,2026-10-07,GBP/USD,691503.79,1
2026-09-17,bank_2,SW202604160001,swap,2026-04-16,2026-09-21,EUR/GBP,1721969.66,2
2026-09-17,fx_pb_1,FW202604240001,forward,2026-04-24,2026-09-28,EUR/USD,118147.69,1
2026-09-17,fx_pb_1,SW202604280001,swap,2026-04-28,2026-09-30,EUR/USD,4948100.53,2
2026-09-17,bank_1,FW202604300001,forward,2026-04-30,2026-10-05,EUR/GBP,1180881.45,1
2026-09-17,bank_2,SW202605080001,swap,2026-05-08,2026-11-12,EUR/GBP,8461571.63,2
2026-09-17,bank_2,FW202605140001,forward,2026-05-14,2026-10-19,GBP/USD,2702262.2,1
2026-09-17,bank_3,SW202605220001,swap,2026-05-22,2026-09-28,EUR/USD,1301770.26,2
2026-09-17,bank_3,FW202605270001,forward,2026-05-27,2026-09-29,GBP/USD,1817566.22,1
2026-09-17,bank_4,SW202606030002,swap,2026-06-03,2026-11-05,GBP/USD,1628586.09,2
2026-09-17,bank_2,FW202606040001,forward,2026-06-04,2026-11-09,EUR/GBP,81358.65,1
2026-09-17,bank_3,FW202606120001,forward,2026-06-12,2026-11-16,GBP/USD,1116216.96,1
2026-09-17,bank_4,FW202606170001,forward,2026-06-17,2026-11-23,GBP/USD,2963611.9,1
2026-09-17,bank_2,FW202606230001,forward,2026-06-23,2026-09-25,EUR/GBP,9472911.67,1
2026-09-17,fx_pb_1,FW202606240002,forward,2026-06-24,2026-11-27,GBP/USD,8176020.28,1
2026-09-17,fx_pb_1,FW202606260001,forward,2026-06-26,2026-11-30,EUR/USD,1059214.58,1
2026-09-17,fx_pb_1,FW202606260002,forward,2026-06-26,2026-10-30,GBP/USD,2705562.26,1
2026-09-17,bank_4,SW202607020001,swap,2026-07-02,2026-12-07,EUR/GBP,1799562.18,2
2026-09-17,fx_pb_1,FW202607070001,forward,2026-07-07,2026-10-09,EUR/USD,1686584.92,1
2026-09-17,bank_3,SW202607100001,swap,2026-07-10,2026-10-14,GBP/USD,1560768.66,2
2026-09-17,fx_pb_1,FW202607130002,forward,2026-07-13,2026-10-15,EUR/GBP,7722182.34,1
2026-09-17,bank_4,SW202607140001,swap,2026-07-14,2026-12-16,EUR/USD,644563.31,2
2026-09-17,bank_1,SW202607140002,swap,2026-07-14,2026-11-16,EUR/GBP,1081540.17,2
2026-09-17,bank_1,FW202607210001,forward,2026-07-21,2026-10-23,GBP/USD,66810.56,1
2026-09-17,fx_pb_1,FW202607230001,forward,2026-07-23,2026-10-27,EUR/GBP,1666188.32,1
2026-09-17,fx_pb_1,FW202607290001,forward,2026-07-29,2026-09-30,EUR/USD,237899.22,1
2026-09-17,fx_pb_1,SW202608030001,swap,2026-08-03,2026-10-05,EUR/USD,6193987.76,2
2026-09-17,bank_1,FW202608140001,forward,2026-08-14,2026-10-19,EUR/USD,2983548.95,1
2026-09-17,bank_4,FW202608250001,forward,2026-08-25,2026-11-27,GBP/USD,2451539.27,1
2026-09-17,fx_pb_1,SW202608260001,swap,2026-08-26,2027-03-01,EUR/GBP,2009380.51,2
2026-09-17,bank_3,FW202608260002,forward,2026-08-26,2026-11-30,GBP/USD,911725.14,1
2026-09-17,bank_1,FW202608270001,forward,2026-08-27,2026-09-30,GBP/USD,4249092.33,1
2026-09-17,fx_pb_1,SW202608310001,swap,2026-08-31,2027-01-04,EUR/GBP,929928.41,2
2026-09-17,bank_1,SW202609030002,swap,2026-09-03,2026-12-08,GBP/USD,1390533.15,2
2026-09-17,bank_3,SW202609090001,swap,2026-09-09,2027-03-11,EUR/GBP,1404794.38,2
2026-09-17,bank_1,FW202609140001,forward,2026-09-14,2027-03-16,EUR/USD,1991013.11,1
2026-09-18,bank_1,FW202604030001,forward,2026-04-03,2026-10-07,GBP/USD,691503.79,1
2026-09-18,bank_2,SW202604160001,swap,2026-04-16,2026-09-21,EUR/GBP,1721969.66,2
2026-09-18,fx_pb_1,FW202604240001,forward,2026-04-24,2026-09-28,EUR/USD,118147.69,1
2026-09-18,fx_pb_1,SW202604280001,swap,2026-04-28,2026-09-30,EUR/USD,4948100.53,2
2026-09-18,bank_1,FW202604300001,forward,2026-04-30,2026-10-05,EUR/GBP,1180881.45,1
2026-09-18,bank_2,SW202605080001,swap,2026-05-08,2026-11-12,EUR/GBP,8461571.63,2
2026-09-18,bank_2,FW202605140001,forward,2026-05-14,2026-10-19,GBP/USD,2702262.2,1
2026-09-18,bank_3,SW202605220001,swap,2026-05-22,2026-09-28,EUR/USD,1301770.26,2
2026-09-18,bank_3,FW202605270001,forward,2026-05-27,2026-09-29,GBP/USD,1817566.22,1
2026-09-18,bank_4,SW202606030002,swap,2026-06-03,2026-11-05,GBP/USD,1628586.09,2
2026-09-18,bank_2,FW202606040001,forward,2026-06-04,2026-11-09,EUR/GBP,81358.65,1
2026-09-18,bank_3,FW202606120001,forward,2026-06-12,2026-11-16,GBP/USD,1116216.96,1
2026-09-18,bank_4,FW202606170001,forward,2026-06-17,2026-11-23,GBP/USD,2963611.9,1
2026-09-18,bank_2,FW202606230001,forward,2026-06-23,2026-09-25,EUR/GBP,9472911.67,1
2026-09-18,fx_pb_1,FW202606240002,forward,2026-06-24,2026-11-27,GBP/USD,8176020.28,1
2026-09-18,fx_pb_1,FW202606260001,forward,2026-06-26,2026-11-30,EUR/USD,1059214.58,1
2026-09-18,fx_pb_1,FW202606260002,forward,2026-06-26,2026-10-30,GBP/USD,2705562.26,1
2026-09-18,bank_4,SW202607020001,swap,2026-07-02,2026-12-07,EUR/GBP,1799562.18,2
2026-09-18,fx_pb_1,FW202607070001,forward,2026-07-07,2026-10-09,EUR/USD,1686584.92,1
2026-09-18,bank_3,SW202607100001,swap,2026-07-10,2026-10-14,GBP/USD,1560768.66,2
2026-09-18,fx_pb_1,FW202607130002,forward,2026-07-13,2026-10-15,EUR/GBP,7722182.34,1
2026-09-18,bank_4,SW202607140001,swap,2026-07-14,2026-12-16,EUR/USD,644563.31,2
2026-09-18,bank_1,SW202607140002,swap,2026-07-14,2026-11-16,EUR/GBP,1081540.17,2
2026-09-18,bank_1,FW202607210001,forward,2026-07-21,2026-10-23,GBP/USD,66810.56,1
2026-09-18,fx_pb_1,FW202607230001,forward,2026-07-23,2026-10-27,EUR/GBP,1666188.32,1
2026-09-18,fx_pb_1,FW202607290001,forward,2026-07-29,2026-09-30,EUR/USD,237899.22,1
2026-09-18,fx_pb_1,SW202608030001,swap,2026-08-03,2026-10-05,EUR/USD,6193987.76,2
2026-09-18,bank_1,FW202608140001,forward,2026-08-14,2026-10-19,EUR/USD,2983548.95,1
2026-09-18,bank_4,FW202608250001,forward,2026-08-25,2026-11-27,GBP/USD,2451539.27,1
2026-09-18,fx_pb_1,SW202608260001,swap,2026-08-26,2027-03-01,EUR/GBP,2009380.51,2
2026-09-18,bank_3,FW202608260002,forward,2026-08-26,2026-11-30,GBP/USD,911725.14,1
2026-09-18,bank_1,FW202608270001,forward,2026-08-27,2026-09-30,GBP/USD,4249092.33,1
2026-09-18,fx_pb_1,SW202608310001,swap,2026-08-31,2027-01-04,EUR/GBP,929928.41,2
2026-09-18,bank_1,SW202609030002,swap,2026-09-03,2026-12-08,GBP/USD,1390533.15,2
2026-09-18,bank_3,SW202609090001,swap,2026-09-09,2027-03-11,EUR/GBP,1404794.38,2
2026-09-18,bank_1,FW202609140001,forward,2026-09-14,2027-03-16,EUR/USD,1991013.11,1
2026-09-21,bank_1,FW202604030001,forward,2026-04-03,2026-10-07,GBP/USD,691503.79,1
2026-09-21,fx_pb_1,FW202604240001,forward,2026-04-24,2026-09-28,EUR/USD,118147.69,1
2026-09-21,fx_pb_1,SW202604280001,swap,2026-04-28,2026-09-30,EUR/USD,4948100.53,2
2026-09-21,bank_1,FW202604300001,forward,2026-04-30,2026-10-05,EUR/GBP,1180881.45,1
2026-09-21,bank_2,SW202605080001,swap,2026-05-08,2026-11-12,EUR/GBP,8461571.63,2
2026-09-21,bank_2,FW202605140001,forward,2026-05-14,2026-10-19,GBP/USD,2702262.2,1
2026-09-21,bank_3,SW202605220001,swap,2026-05-22,2026-09-28,EUR/USD,1301770.26,2
2026-09-21,bank_3,FW202605270001,forward,2026-05-27,2026-09-29,GBP/USD,1817566.22,1
2026-09-21,bank_4,SW202606030002,swap,2026-06-03,2026-11-05,GBP/USD,1628586.09,2
2026-09-21,bank_2,FW202606040001,forward,2026-06-04,2026-11-09,EUR/GBP,81358.65,1
2026-09-21,bank_3,FW202606120001,forward,2026-06-12,2026-11-16,GBP/USD,1116216.96,1
2026-09-21,bank_4,FW202606170001,forward,2026-06-17,2026-11-23,GBP/USD,2963611.9,1
2026-09-21,bank_2,FW202606230001,forward,2026-06-23,2026-09-25,EUR/GBP,9472911.67,1
2026-09-21,fx_pb_1,FW202606240002,forward,2026-06-24,2026-11-27,GBP/USD,8176020.28,1
2026-09-21,fx_pb_1,FW202606260001,forward,2026-06-26,2026-11-30,EUR/USD,1059214.58,1
2026-09-21,fx_pb_1,FW202606260002,forward,2026-06-26,2026-10-30,GBP/USD,2705562.26,1
2026-09-21,bank_4,SW202607020001,swap,2026-07-02,2026-12-07,EUR/GBP,1799562.18,2
2026-09-21,fx_pb_1,FW202607070001,forward,2026-07-07,2026-10-09,EUR/USD,1686584.92,1
2026-09-21,bank_3,SW202607100001,swap,2026-07-10,2026-10-14,GBP/USD,1560768.66,2
2026-09-21,fx_pb_1,FW202607130002,forward,2026-07-13,2026-10-15,EUR/GBP,7722182.34,1
2026-09-21,bank_4,SW202607140001,swap,2026-07-14,2026-12-16,EUR/USD,644563.31,2
2026-09-21,bank_1,SW202607140002,swap,2026-07-14,2026-11-16,EUR/GBP,1081540.17,2
2026-09-21,bank_1,FW202607210001,forward,2026-07-21,2026-10-23,GBP/USD,66810.56,1
2026-09-21,fx_pb_1,FW202607230001,forward,2026-07-23,2026-10-27,EUR/GBP,1666188.32,1
2026-09-21,fx_pb_1,FW202607290001,forward,2026-07-29,2026-09-30,EUR/USD,237899.22,1
2026-09-21,fx_pb_1,SW202608030001,swap,2026-08-03,2026-10-05,EUR/USD,6193987.76,2
2026-09-21,bank_1,FW202608140001,forward,2026-08-14,2026-10-19,EUR/USD,2983548.95,1
2026-09-21,bank_4,FW202608250001,forward,2026-08-25,2026-11-27,GBP/USD,2451539.27,1
2026-09-21,fx_pb_1,SW202608260001,swap,2026-08-26,2027-03-01,EUR/GBP,2009380.51,2
2026-09-21,bank_3,FW202608260002,forward,2026-08-26,2026-11-30,GBP/USD,911725.14,1
2026-09-21,bank_1,FW202608270001,forward,2026-08-27,2026-09-30,GBP/USD,4249092.33,1
2026-09-21,fx_pb_1,SW202608310001,swap,2026-08-31,2027-01-04,EUR/GBP,929928.41,2
2026-09-21,bank_1,SW202609030002,swap,2026-09-03,2026-12-08,GBP/USD,1390533.15,2
2026-09-21,bank_3,SW202609090001,swap,2026-09-09,2027-03-11,EUR/GBP,1404794.38,2
2026-09-21,bank_1,FW202609140001,forward,2026-09-14,2027-03-16,EUR/USD,1991013.11,1
2026-09-21,bank_2,FW202609210001,forward,2026-09-21,2026-10-23,EUR/GBP,1330622.65,1
2026-09-22,bank_1,FW202604030001,forward,2026-04-03,2026-10-07,GBP/USD,691503.79,1
2026-09-22,fx_pb_1,FW202604240001,forward,2026-04-24,2026-09-28,EUR/USD,118147.69,1
2026-09-22,fx_pb_1,SW202604280001,swap,2026-04-28,2026-09-30,EUR/USD,4948100.53,2
2026-09-22,bank_1,FW202604300001,forward,2026-04-30,2026-10-05,EUR/GBP,1180881.45,1
2026-09-22,bank_2,SW202605080001,swap,2026-05-08,2026-11-12,EUR/GBP,8461571.63,2
2026-09-22,bank_2,FW202605140001,forward,2026-05-14,2026-10-19,GBP/USD,2702262.2,1
2026-09-22,bank_3,SW202605220001,swap,2026-05-22,2026-09-28,EUR/USD,1301770.26,2
2026-09-22,bank_3,FW202605270001,forward,2026-05-27,2026-09-29,GBP/USD,1817566.22,1
2026-09-22,bank_4,SW202606030002,swap,2026-06-03,2026-11-05,GBP/USD,1628586.09,2
2026-09-22,bank_2,FW202606040001,forward,2026-06-04,2026-11-09,EUR/GBP,81358.65,1
2026-09-22,bank_3,FW202606120001,forward,2026-06-12,2026-11-16,GBP/USD,1116216.96,1
2026-09-22,bank_4,FW202606170001,forward,2026-06-17,2026-11-23,GBP/USD,2963611.9,1
2026-09-22,bank_2,FW202606230001,forward,2026-06-23,2026-09-25,EUR/GBP,9472911.67,1
2026-09-22,fx_pb_1,FW202606240002,forward,2026-06-24,2026-11-27,GBP/USD,8176020.28,1
2026-09-22,fx_pb_1,FW202606260001,forward,2026-06-26,2026-11-30,EUR/USD,1059214.58,1
2026-09-22,fx_pb_1,FW202606260002,forward,2026-06-26,2026-10-30,GBP/USD,2705562.26,1
2026-09-22,bank_4,SW202607020001,swap,2026-07-02,2026-12-07,EUR/GBP,1799562.18,2
2026-09-22,fx_pb_1,FW202607070001,forward,2026-07-07,2026-10-09,EUR/USD,1686584.92,1
2026-09-22,bank_3,SW202607100001,swap,2026-07-10,2026-10-14,GBP/USD,1560768.66,2
2026-09-22,fx_pb_1,FW202607130002,forward,2026-07-13,2026-10-15,EUR/GBP,7722182.34,1
2026-09-22,bank_4,SW202607140001,swap,2026-07-14,2026-12-16,EUR/USD,644563.31,2
2026-09-22,bank_1,SW202607140002,swap,2026-07-14,2026-11-16,EUR/GBP,1081540.17,2
2026-09-22,bank_1,FW202607210001,forward,2026-07-21,2026-10-23,GBP/USD,66810.56,1
2026-09-22,fx_pb_1,FW202607230001,forward,2026-07-23,2026-10-27,EUR/GBP,1666188.32,1
2026-09-22,fx_pb_1,FW202607290001,forward,2026-07-29,2026-09-30,EUR/USD,237899.22,1
2026-09-22,fx_pb_1,SW202608030001,swap,2026-08-03,2026-10-05,EUR/USD,6193987.76,2
2026-09-22,bank_1,FW202608140001,forward,2026-08-14,2026-10-19,EUR/USD,2983548.95,1
2026-09-22,bank_4,FW202608250001,forward,2026-08-25,2026-11-27,GBP/USD,2451539.27,1
2026-09-22,fx_pb_1,SW202608260001,swap,2026-08-26,2027-03-01,EUR/GBP,2009380.51,2
2026-09-22,bank_3,FW202608260002,forward,2026-08-26,2026-11-30,GBP/USD,911725.14,1
2026-09-22,bank_1,FW202608270001,forward,2026-08-27,2026-09-30,GBP/USD,4249092.33,1
2026-09-22,fx_pb_1,SW202608310001,swap,2026-08-31,2027-01-04,EUR/GBP,929928.41,2
2026-09-22,bank_1,SW202609030002,swap,2026-09-03,2026-12-08,GBP/USD,1390533.15,2
2026-09-22,bank_3,SW202609090001,swap,2026-09-09,2027-03-11,EUR/GBP,1404794.38,2
2026-09-22,bank_1,FW202609140001,forward,2026-09-14,2027-03-16,EUR/USD,1991013.11,1
2026-09-22,bank_2,FW202609210001,forward,2026-09-21,2026-10-23,EUR/GBP,1330622.65,1
2026-09-22,bank_3,SW202609220001,swap,2026-09-22,2026-09-24,EUR/USD,2470258.86,1
2026-09-22,bank_3,SW202609220001,swap,2026-09-22,2027-02-24,EUR/USD,2463898.07,2
2026-09-23,bank_1,FW202604030001,forward,2026-04-03,2026-10-07,GBP/USD,691503.79,1
2026-09-23,fx_pb_1,FW202604240001,forward,2026-04-24,2026-09-28,EUR/USD,118147.69,1
2026-09-23,fx_pb_1,SW202604280001,swap,2026-04-28,2026-09-30,EUR/USD,4948100.53,2
2026-09-23,bank_1,FW202604300001,forward,2026-04-30,2026-10-05,EUR/GBP,1180881.45,1
2026-09-23,bank_2,SW202605080001,swap,2026-05-08,2026-11-12,EUR/GBP,8461571.63,2
2026-09-23,bank_2,FW202605140001,forward,2026-05-14,2026-10-19,GBP/USD,2702262.2,1
2026-09-23,bank_3,SW202605220001,swap,2026-05-22,2026-09-28,EUR/USD,1301770.26,2
2026-09-23,bank_3,FW202605270001,forward,2026-05-27,2026-09-29,GBP/USD,1817566.22,1
2026-09-23,bank_4,SW202606030002,swap,2026-06-03,2026-11-05,GBP/USD,1628586.09,2
2026-09-23,bank_2,FW202606040001,forward,2026-06-04,2026-11-09,EUR/GBP,81358.65,1
2026-09-23,bank_3,FW202606120001,forward,2026-06-12,2026-11-16,GBP/USD,1116216.96,1
2026-09-23,bank_4,FW202606170001,forward,2026-06-17,2026-11-23,GBP/USD,2963611.9,1
2026-09-23,bank_2,FW202606230001,forward,2026-06-23,2026-09-25,EUR/GBP,9472911.67,1
2026-09-23,fx_pb_1,FW202606240002,forward,2026-06-24,2026-11-27,GBP/USD,8176020.28,1
2026-09-23,fx_pb_1,FW202606260001,forward,2026-06-26,2026-11-30,EUR/USD,1059214.58,1
2026-09-23,fx_pb_1,FW202606260002,forward,2026-06-26,2026-10-30,GBP/USD,2705562.26,1
2026-09-23,bank_4,SW202607020001,swap,2026-07-02,2026-12-07,EUR/GBP,1799562.18,2
2026-09-23,fx_pb_1,FW202607070001,forward,2026-07-07,2026-10-09,EUR/USD,1686584.92,1
2026-09-23,bank_3,SW202607100001,swap,2026-07-10,2026-10-14,GBP/USD,1560768.66,2
2026-09-23,fx_pb_1,FW202607130002,forward,2026-07-13,2026-10-15,EUR/GBP,7722182.34,1
2026-09-23,bank_4,SW202607140001,swap,2026-07-14,2026-12-16,EUR/USD,644563.31,2
2026-09-23,bank_1,SW202607140002,swap,2026-07-14,2026-11-16,EUR/GBP,1081540.17,2
2026-09-23,bank_1,FW202607210001,forward,2026-07-21,2026-10-23,GBP/USD,66810.56,1
2026-09-23,fx_pb_1,FW202607230001,forward,2026-07-23,2026-10-27,EUR/GBP,1666188.32,1
2026-09-23,fx_pb_1,FW202607290001,forward,2026-07-29,2026-09-30,EUR/USD,237899.22,1
2026-09-23,fx_pb_1,SW202608030001,swap,2026-08-03,2026-10-05,EUR/USD,6193987.76,2
2026-09-23,bank_1,FW202608140001,forward,2026-08-14,2026-10-19,EUR/USD,2983548.95,1
2026-09-23,bank_4,FW202608250001,forward,2026-08-25,2026-11-27,GBP/USD,2451539.27,1
2026-09-23,fx_pb_1,SW202608260001,swap,2026-08-26,2027-03-01,EUR/GBP,2009380.51,2
2026-09-23,bank_3,FW202608260002,forward,2026-08-26,2026-11-30,GBP/USD,911725.14,1
2026-09-23,bank_1,FW202608270001,forward,2026-08-27,2026-09-30,GBP/USD,4249092.33,1
2026-09-23,fx_pb_1,SW202608310001,swap,2026-08-31,2027-01-04,EUR/GBP,929928.41,2
2026-09-23,bank_1,SW202609030002,swap,2026-09-03,2026-12-08,GBP/USD,1390533.15,2
2026-09-23,bank_3,SW202609090001,swap,2026-09-09,2027-03-11,EUR/GBP,1404794.38,2
2026-09-23,bank_1,FW202609140001,forward,2026-09-14,2027-03-16,EUR/USD,1991013.11,1
2026-09-23,bank_2,FW202609210001,forward,2026-09-21,2026-10-23,EUR/GBP,1330622.65,1
2026-09-23,bank_3,SW202609220001,swap,2026-09-22,2026-09-24,EUR/USD,2470258.86,1
2026-09-23,bank_3,SW202609220001,swap,2026-09-22,2027-02-24,EUR/USD,2463898.07,2
2026-09-24,bank_1,FW202604030001,forward,2026-04-03,2026-10-07,GBP/USD,691503.79,1
2026-09-24,fx_pb_1,FW202604240001,forward,2026-04-24,2026-09-28,EUR/USD,118147.69,1
2026-09-24,fx_pb_1,SW202604280001,swap,2026-04-28,2026-09-30,EUR/USD,4948100.53,2
2026-09-24,bank_1,FW202604300001,forward,2026-04-30,2026-10-05,EUR/GBP,1180881.45,1
2026-09-24,bank_2,SW202605080001,swap,2026-05-08,2026-11-12,EUR/GBP,8461571.63,2
2026-09-24,bank_2,FW202605140001,forward,2026-05-14,2026-10-19,GBP/USD,2702262.2,1
2026-09-24,bank_3,SW202605220001,swap,2026-05-22,2026-09-28,EUR/USD,1301770.26,2
2026-09-24,bank_3,FW202605270001,forward,2026-05-27,2026-09-29,GBP/USD,1817566.22,1
2026-09-24,bank_4,SW202606030002,swap,2026-06-03,2026-11-05,GBP/USD,1628586.09,2
2026-09-24,bank_2,FW202606040001,forward,2026-06-04,2026-11-09,EUR/GBP,81358.65,1
2026-09-24,bank_3,FW202606120001,forward,2026-06-12,2026-11-16,GBP/USD,1116216.96,1
2026-09-24,bank_4,FW202606170001,forward,2026-06-17,2026-11-23,GBP/USD,2963611.9,1
2026-09-24,bank_2,FW202606230001,forward,2026-06-23,2026-09-25,EUR/GBP,9472911.67,1
2026-09-24,fx_pb_1,FW202606240002,forward,2026-06-24,2026-11-27,GBP/USD,8176020.28,1
2026-09-24,fx_pb_1,FW202606260001,forward,2026-06-26,2026-11-30,EUR/USD,1059214.58,1
2026-09-24,fx_pb_1,FW202606260002,forward,2026-06-26,2026-10-30,GBP/USD,2705562.26,1
2026-09-24,bank_4,SW202607020001,swap,2026-07-02,2026-12-07,EUR/GBP,1799562.18,2
2026-09-24,fx_pb_1,FW202607070001,forward,2026-07-07,2026-10-09,EUR/USD,1686584.92,1
2026-09-24,bank_3,SW202607100001,swap,2026-07-10,2026-10-14,GBP/USD,1560768.66,2
2026-09-24,fx_pb_1,FW202607130002,forward,2026-07-13,2026-10-15,EUR/GBP,7722182.34,1
2026-09-24,bank_4,SW202607140001,swap,2026-07-14,2026-12-16,EUR/USD,644563.31,2
2026-09-24,bank_1,SW202607140002,swap,2026-07-14,2026-11-16,EUR/GBP,1081540.17,2
2026-09-24,bank_1,FW202607210001,forward,2026-07-21,2026-10-23,GBP/USD,66810.56,1
2026-09-24,fx_pb_1,FW202607230001,forward,2026-07-23,2026-10-27,EUR/GBP,1666188.32,1
2026-09-24,fx_pb_1,FW202607290001,forward,2026-07-29,2026-09-30,EUR/USD,237899.22,1
2026-09-24,fx_pb_1,SW202608030001,swap,2026-08-03,2026-10-05,EUR/USD,6193987.76,2
2026-09-24,bank_1,FW202608140001,forward,2026-08-14,2026-10-19,EUR/USD,2983548.95,1
2026-09-24,bank_4,FW202608250001,forward,2026-08-25,2026-11-27,GBP/USD,2451539.27,1
2026-09-24,fx_pb_1,SW202608260001,swap,2026-08-26,2027-03-01,EUR/GBP,2009380.51,2
2026-09-24,bank_3,FW202608260002,forward,2026-08-26,2026-11-30,GBP/USD,911725.14,1
2026-09-24,bank_1,FW202608270001,forward,2026-08-27,2026-09-30,GBP/USD,4249092.33,1
2026-09-24,fx_pb_1,SW202608310001,swap,2026-08-31,2027-01-04,EUR/GBP,929928.41,2
2026-09-24,bank_1,SW202609030002,swap,2026-09-03,2026-12-08,GBP/USD,1390533.15,2
2026-09-24,bank_3,SW202609090001,swap,2026-09-09,2027-03-11,EUR/GBP,1404794.38,2
2026-09-24,bank_1,FW202609140001,forward,2026-09-14,2027-03-16,EUR/USD,1991013.11,1
2026-09-24,bank_2,FW202609210001,forward,2026-09-21,2026-10-23,EUR/GBP,1330622.65,1
2026-09-24,bank_3,SW202609220001,swap,2026-09-22,2027-02-24,EUR/USD,2463898.07,2
2026-09-25,bank_1,FW202604030001,forward,2026-04-03,2026-10-07,GBP/USD,691503.79,1
2026-09-25,fx_pb_1,FW202604240001,forward,2026-04-24,2026-09-28,EUR/USD,118147.69,1
2026-09-25,fx_pb_1,SW202604280001,swap,2026-04-28,2026-09-30,EUR/USD,4948100.53,2
2026-09-25,bank_1,FW202604300001,forward,2026-04-30,2026-10-05,EUR/GBP,1180881.45,1
2026-09-25,bank_2,SW202605080001,swap,2026-05-08,2026-11-12,EUR/GBP,8461571.63,2
2026-09-25,bank_2,FW202605140001,forward,2026-05-14,2026-10-19,GBP/USD,2702262.2,1
2026-09-25,bank_3,SW202605220001,swap,2026-05-22,2026-09-28,EUR/USD,1301770.26,2
2026-09-25,bank_3,FW202605270001,forward,2026-05-27,2026-09-29,GBP/USD,1817566.22,1
2026-09-25,bank_4,SW202606030002,swap,2026-06-03,2026-11-05,GBP/USD,1628586.09,2
2026-09-25,bank_2,FW202606040001,forward,2026-06-04,2026-11-09,EUR/GBP,81358.65,1
2026-09-25,bank_3,FW202606120001,forward,2026-06-12,2026-11-16,GBP/USD,1116216.96,1
2026-09-25,bank_4,FW202606170001,forward,2026-06-17,2026-11-23,GBP/USD,2963611.9,1
2026-09-25,fx_pb_1,FW202606240002,forward,2026-06-24,2026-11-27,GBP/USD,8176020.28,1
2026-09-25,fx_pb_1,FW202606260001,forward,2026-06-26,2026-11-30,EUR/USD,1059214.58,1
2026-09-25,fx_pb_1,FW202606260002,forward,2026-06-26,2026-10-30,GBP/USD,2705562.26,1
2026-09-25,bank_4,SW202607020001,swap,2026-07-02,2026-12-07,EUR/GBP,1799562.18,2
2026-09-25,fx_pb_1,FW202607070001,forward,2026-07-07,2026-10-09,EUR/USD,1686584.92,1
2026-09-25,bank_3,SW202607100001,swap,2026-07-10,2026-10-14,GBP/USD,1560768.66,2
2026-09-25,fx_pb_1,FW202607130002,forward,2026-07-13,2026-10-15,EUR/GBP,7722182.34,1
2026-09-25,bank_4,SW202607140001,swap,2026-07-14,2026-12-16,EUR/USD,644563.31,2
2026-09-25,bank_1,SW202607140002,swap,2026-07-14,2026-11-16,EUR/GBP,1081540.17,2
2026-09-25,bank_1,FW202607210001,forward,2026-07-21,2026-10-23,GBP/USD,66810.56,1
2026-09-25,fx_pb_1,FW202607230001,forward,2026-07-23,2026-10-27,EUR/GBP,1666188.32,1
2026-09-25,fx_pb_1,FW202607290001,forward,2026-07-29,2026-09-30,EUR/USD,237899.22,1
2026-09-25,fx_pb_1,SW202608030001,swap,2026-08-03,2026-10-05,EUR/USD,6193987.76,2
2026-09-25,bank_1,FW202608140001,forward,2026-08-14,2026-10-19,EUR/USD,2983548.95,1
2026-09-25,bank_4,FW202608250001,forward,2026-08-25,2026-11-27,GBP/USD,2451539.27,1
2026-09-25,fx_pb_1,SW202608260001,swap,2026-08-26,2027-03-01,EUR/GBP,2009380.51,2
2026-09-25,bank_3,FW202608260002,forward,2026-08-26,2026-11-30,GBP/USD,911725.14,1
2026-09-25,bank_1,FW202608270001,forward,2026-08-27,2026-09-30,GBP/USD,4249092.33,1
2026-09-25,fx_pb_1,SW202608310001,swap,2026-08-31,2027-01-04,EUR/GBP,929928.41,2
2026-09-25,bank_1,SW202609030002,swap,2026-09-03,2026-12-08,GBP/USD,1390533.15,2
2026-09-25,bank_3,SW202609090001,swap,2026-09-09,2027-03-11,EUR/GBP,1404794.38,2
2026-09-25,bank_1,FW202609140001,forward,2026-09-14,2027-03-16,EUR/USD,1991013.11,1
2026-09-25,bank_2,FW202609210001,forward,2026-09-21,2026-10-23,EUR/GBP,1330622.65,1
2026-09-25,bank_3,SW202609220001,swap,2026-09-22,2027-02-24,EUR/USD,2463898.07,2
2026-09-28,bank_1,FW202604030001,forward,2026-04-03,2026-10-07,GBP/USD,691503.79,1
2026-09-28,fx_pb_1,SW202604280001,swap,2026-04-28,2026-09-30,EUR/USD,4948100.53,2
2026-09-28,bank_1,FW202604300001,forward,2026-04-30,2026-10-05,EUR/GBP,1180881.45,1
2026-09-28,bank_2,SW202605080001,swap,2026-05-08,2026-11-12,EUR/GBP,8461571.63,2
2026-09-28,bank_2,FW202605140001,forward,2026-05-14,2026-10-19,GBP/USD,2702262.2,1
2026-09-28,bank_3,FW202605270001,forward,2026-05-27,2026-09-29,GBP/USD,1817566.22,1
2026-09-28,bank_4,SW202606030002,swap,2026-06-03,2026-11-05,GBP/USD,1628586.09,2
2026-09-28,bank_2,FW202606040001,forward,2026-06-04,2026-11-09,EUR/GBP,81358.65,1
2026-09-28,bank_3,FW202606120001,forward,2026-06-12,2026-11-16,GBP/USD,1116216.96,1
2026-09-28,bank_4,FW202606170001,forward,2026-06-17,2026-11-23,GBP/USD,2963611.9,1
2026-09-28,fx_pb_1,FW202606240002,forward,2026-06-24,2026-11-27,GBP/USD,8176020.28,1
2026-09-28,fx_pb_1,FW202606260001,forward,2026-06-26,2026-11-30,EUR/USD,1059214.58,1
2026-09-28,fx_pb_1,FW202606260002,forward,2026-06-26,2026-10-30,GBP/USD,2705562.26,1
2026-09-28,bank_4,SW202607020001,swap,2026-07-02,2026-12-07,EUR/GBP,1799562.18,2
2026-09-28,fx_pb_1,FW202607070001,forward,2026-07-07,2026-10-09,EUR/USD,1686584.92,1
2026-09-28,bank_3,SW202607100001,swap,2026-07-10,2026-10-14,GBP/USD,1560768.66,2
2026-09-28,fx_pb_1,FW202607130002,forward,2026-07-13,2026-10-15,EUR/GBP,7722182.34,1
2026-09-28,bank_4,SW202607140001,swap,2026-07-14,2026-12-16,EUR/USD,644563.31,2
2026-09-28,bank_1,SW202607140002,swap,2026-07-14,2026-11-16,EUR/GBP,1081540.17,2
2026-09-28,bank_1,FW202607210001,forward,2026-07-21,2026-10-23,GBP/USD,66810.56,1
2026-09-28,fx_pb_1,FW202607230001,forward,2026-07-23,2026-10-27,EUR/GBP,1666188.32,1
2026-09-28,fx_pb_1,FW202607290001,forward,2026-07-29,2026-09-30,EUR/USD,237899.22,1
2026-09-28,fx_pb_1,SW202608030001,swap,2026-08-03,2026-10-05,EUR/USD,6193987.76,2
2026-09-28,bank_1,FW202608140001,forward,2026-08-14,2026-10-19,EUR/USD,2983548.95,1
2026-09-28,bank_4,FW202608250001,forward,2026-08-25,2026-11-27,GBP/USD,2451539.27,1
2026-09-28,fx_pb_1,SW202608260001,swap,2026-08-26,2027-03-01,EUR/GBP,2009380.51,2
2026-09-28,bank_3,FW202608260002,forward,2026-08-26,2026-11-30,GBP/USD,911725.14,1
2026-09-28,bank_1,FW202608270001,forward,2026-08-27,2026-09-30,GBP/USD,4249092.33,1
2026-09-28,fx_pb_1,SW202608310001,swap,2026-08-31,2027-01-04,EUR/GBP,929928.41,2
2026-09-28,bank_1,SW202609030002,swap,2026-09-03,2026-12-08,GBP/USD,1390533.15,2
2026-09-28,bank_3,SW202609090001,swap,2026-09-09,2027-03-11,EUR/GBP,1404794.38,2
2026-09-28,bank_1,FW202609140001,forward,2026-09-14,2027-03-16,EUR/USD,1991013.11,1
2026-09-28,bank_2,FW202609210001,forward,2026-09-21,2026-10-23,EUR/GBP,1330622.65,1
2026-09-28,bank_3,SW202609220001,swap,2026-09-22,2027-02-24,EUR/USD,2463898.07,2
2026-09-28,bank_4,SW202609280001,swap,2026-09-28,2026-09-30,GBP/USD,1899718.6,1
2026-09-28,bank_4,SW202609280001,swap,2026-09-28,2026-11-30,GBP/USD,1890039.87,2
2026-09-29,bank_1,FW202604030001,forward,2026-04-03,2026-10-07,GBP/USD,691503.79,1
2026-09-29,fx_pb_1,SW202604280001,swap,2026-04-28,2026-09-30,EUR/USD,4948100.53,2
2026-09-29,bank_1,FW202604300001,forward,2026-04-30,2026-10-05,EUR/GBP,1180881.45,1
2026-09-29,bank_2,SW202605080001,swap,2026-05-08,2026-11-12,EUR/GBP,8461571.63,2
2026-09-29,bank_2,FW202605140001,forward,2026-05-14,2026-10-19,GBP/USD,2702262.2,1
2026-09-29,bank_4,SW202606030002,swap,2026-06-03,2026-11-05,GBP/USD,1628586.09,2
2026-09-29,bank_2,FW202606040001,forward,2026-06-04,2026-11-09,EUR/GBP,81358.65,1
2026-09-29,bank_3,FW202606120001,forward,2026-06-12,2026-11-16,GBP/USD,1116216.96,1
2026-09-29,bank_4,FW202606170001,forward,2026-06-17,2026-11-23,GBP/USD,2963611.9,1
2026-09-29,fx_pb_1,FW202606240002,forward,2026-06-24,2026-11-27,GBP/USD,8176020.28,1
2026-09-29,fx_pb_1,FW202606260001,forward,2026-06-26,2026-11-30,EUR/USD,1059214.58,1
2026-09-29,fx_pb_1,FW202606260002,forward,2026-06-26,2026-10-30,GBP/USD,2705562.26,1
2026-09-29,bank_4,SW202607020001,swap,2026-07-02,2026-12-07,EUR/GBP,1799562.18,2
2026-09-29,fx_pb_1,FW202607070001,forward,2026-07-07,2026-10-09,EUR/USD,1686584.92,1
2026-09-29,bank_3,SW202607100001,swap,2026-07-10,2026-10-14,GBP/USD,1560768.66,2
2026-09-29,fx_pb_1,FW202607130002,forward,2026-07-13,2026-10-15,EUR/GBP,7722182.34,1
2026-09-29,bank_4,SW202607140001,swap,2026-07-14,2026-12-16,EUR/USD,644563.31,2
2026-09-29,bank_1,SW202607140002,swap,2026-07-14,2026-11-16,EUR/GBP,1081540.17,2
2026-09-29,bank_1,FW202607210001,forward,2026-07-21,2026-10-23,GBP/USD,66810.56,1
2026-09-29,fx_pb_1,FW202607230001,forward,2026-07-23,2026-10-27,EUR/GBP,1666188.32,1
2026-09-29,fx_pb_1,FW202607290001,forward,2026-07-29,2026-09-30,EUR/USD,237899.22,1
2026-09-29,fx_pb_1,SW202608030001,swap,2026-08-03,2026-10-05,EUR/USD,6193987.76,2
2026-09-29,bank_1,FW202608140001,forward,2026-08-14,2026-10-19,EUR/USD,2983548.95,1
2026-09-29,bank_4,FW202608250001,forward,2026-08-25,2026-11-27,GBP/USD,2451539.27,1
2026-09-29,fx_pb_1,SW202608260001,swap,2026-08-26,2027-03-01,EUR/GBP,2009380.51,2
2026-09-29,bank_3,FW202608260002,forward,2026-08-26,2026-11-30,GBP/USD,911725.14,1
2026-09-29,bank_1,FW202608270001,forward,2026-08-27,2026-09-30,GBP/USD,4249092.33,1
2026-09-29,fx_pb_1,SW202608310001,swap,2026-08-31,2027-01-04,EUR/GBP,929928.41,2
2026-09-29,bank_1,SW202609030002,swap,2026-09-03,2026-12-08,GBP/USD,1390533.15,2
2026-09-29,bank_3,SW202609090001,swap,2026-09-09,2027-03-11,EUR/GBP,1404794.38,2
2026-09-29,bank_1,FW202609140001,forward,2026-09-14,2027-03-16,EUR/USD,1991013.11,1
2026-09-29,bank_2,FW202609210001,forward,2026-09-21,2026-10-23,EUR/GBP,1330622.65,1
2026-09-29,bank_3,SW202609220001,swap,2026-09-22,2027-02-24,EUR/USD,2463898.07,2
2026-09-29,bank_4,SW202609280001,swap,2026-09-28,2026-09-30,GBP/USD,1899718.6,1
2026-09-29,bank_4,SW202609280001,swap,2026-09-28,2026-11-30,GBP/USD,1890039.87,2
2026-09-30,bank_1,FW202604030001,forward,2026-04-03,2026-10-07,GBP/USD,691503.79,1
2026-09-30,bank_1,FW202604300001,forward,2026-04-30,2026-10-05,EUR/GBP,1180881.45,1
2026-09-30,bank_2,SW202605080001,swap,2026-05-08,2026-11-12,EUR/GBP,8461571.63,2
2026-09-30,bank_2,FW202605140001,forward,2026-05-14,2026-10-19,GBP/USD,2702262.2,1
2026-09-30,bank_4,SW202606030002,swap,2026-06-03,2026-11-05,GBP/USD,1628586.09,2
2026-09-30,bank_2,FW202606040001,forward,2026-06-04,2026-11-09,EUR/GBP,81358.65,1
2026-09-30,bank_3,FW202606120001,forward,2026-06-12,2026-11-16,GBP/USD,1116216.96,1
2026-09-30,bank_4,FW202606170001,forward,2026-06-17,2026-11-23,GBP/USD,2963611.9,1
2026-09-30,fx_pb_1,FW202606240002,forward,2026-06-24,2026-11-27,GBP/USD,8176020.28,1
2026-09-30,fx_pb_1,FW202606260001,forward,2026-06-26,2026-11-30,EUR/USD,1059214.58,1
2026-09-30,fx_pb_1,FW202606260002,forward,2026-06-26,2026-10-30,GBP/USD,2705562.26,1
2026-09-30,bank_4,SW202607020001,swap,2026-07-02,2026-12-07,EUR/GBP,1799562.18,2
2026-09-30,fx_pb_1,FW202607070001,forward,2026-07-07,2026-10-09,EUR/USD,1686584.92,1
2026-09-30,bank_3,SW202607100001,swap,2026-07-10,2026-10-14,GBP/USD,1560768.66,2
2026-09-30,fx_pb_1,FW202607130002,forward,2026-07-13,2026-10-15,EUR/GBP,7722182.34,1
2026-09-30,bank_4,SW202607140001,swap,2026-07-14,2026-12-16,EUR/USD,644563.31,2
2026-09-30,bank_1,SW202607140002,swap,2026-07-14,2026-11-16,EUR/GBP,1081540.17,2
2026-09-30,bank_1,FW202607210001,forward,2026-07-21,2026-10-23,GBP/USD,66810.56,1
2026-09-30,fx_pb_1,FW202607230001,forward,2026-07-23,2026-10-27,EUR/GBP,1666188.32,1
2026-09-30,fx_pb_1,SW202608030001,swap,2026-08-03,2026-10-05,EUR/USD,6193987.76,2
2026-09-30,bank_1,FW202608140001,forward,2026-08-14,2026-10-19,EUR/USD,2983548.95,1
2026-09-30,bank_4,FW202608250001,forward,2026-08-25,2026-11-27,GBP/USD,2451539.27,1
2026-09-30,fx_pb_1,SW202608260001,swap,2026-08-26,2027-03-01,EUR/GBP,2009380.51,2
2026-09-30,bank_3,FW202608260002,forward,2026-08-26,2026-11-30,GBP/USD,911725.14,1
2026-09-30,fx_pb_1,SW202608310001,swap,2026-08-31,2027-01-04,EUR/GBP,929928.41,2
2026-09-30,bank_1,SW202609030002,swap,2026-09-03,2026-12-08,GBP/USD,1390533.15,2
2026-09-30,bank_3,SW202609090001,swap,2026-09-09,2027-03-11,EUR/GBP,1404794.38,2
2026-09-30,bank_1,FW202609140001,forward,2026-09-14,2027-03-16,EUR/USD,1991013.11,1
2026-09-30,bank_2,FW202609210001,forward,2026-09-21,2026-10-23,EUR/GBP,1330622.65,1
2026-09-30,bank_3,SW202609220001,swap,2026-09-22,2027-02-24,EUR/USD,2463898.07,2
2026-09-30,bank_4,SW202609280001,swap,2026-09-28,2026-11-30,GBP/USD,1890039.87,2
2026-09-30,bank_2,SW202609300001,swap,2026-09-30,2026-10-02,GBP/USD,2061700.79,1
2026-09-30,bank_2,SW202609300001,swap,2026-09-30,2027-04-02,GBP/USD,2051326.58,2
2026-10-01,bank_1,FW202604030001,forward,2026-04-03,2026-10-07,GBP/USD,691503.79,1
2026-10-01,bank_1,FW202604300001,forward,2026-04-30,2026-10-05,EUR/GBP,1180881.45,1
2026-10-01,bank_2,SW202605080001,swap,2026-05-08,2026-11-12,EUR/GBP,8461571.63,2
2026-10-01,bank_2,FW202605140001,forward,2026-05-14,2026-10-19,GBP/USD,2702262.2,1
2026-10-01,bank_4,SW202606030002,swap,2026-06-03,2026-11-05,GBP/USD,1628586.09,2
2026-10-01,bank_2,FW202606040001,forward,2026-06-04,2026-11-09,EUR/GBP,81358.65,1
2026-10-01,bank_3,FW202606120001,forward,2026-06-12,2026-11-16,GBP/USD,1116216.96,1
2026-10-01,bank_4,FW202606170001,forward,2026-06-17,2026-11-23,GBP/USD,2963611.9,1
2026-10-01,fx_pb_1,FW202606240002,forward,2026-06-24,2026-11-27,GBP/USD,8176020.28,1
2026-10-01,fx_pb_1,FW202606260001,forward,2026-06-26,2026-11-30,EUR/USD,1059214.58,1
2026-10-01,fx_pb_1,FW202606260002,forward,2026-06-26,2026-10-30,GBP/USD,2705562.26,1
2026-10-01,bank_4,SW202607020001,swap,2026-07-02,2026-12-07,EUR/GBP,1799562.18,2
2026-10-01,fx_pb_1,FW202607070001,forward,2026-07-07,2026-10-09,EUR/USD,1686584.92,1
2026-10-01,bank_3,SW202607100001,swap,2026-07-10,2026-10-14,GBP/USD,1560768.66,2
2026-10-01,fx_pb_1,FW202607130002,forward,2026-07-13,2026-10-15,EUR/GBP,7722182.34,1
2026-10-01,bank_4,SW202607140001,swap,2026-07-14,2026-12-16,EUR/USD,644563.31,2
2026-10-01,bank_1,SW202607140002,swap,2026-07-14,2026-11-16,EUR/GBP,1081540.17,2
2026-10-01,bank_1,FW202607210001,forward,2026-07-21,2026-10-23,GBP/USD,66810.56,1
2026-10-01,fx_pb_1,FW202607230001,forward,2026-07-23,2026-10-27,EUR/GBP,1666188.32,1
2026-10-01,fx_pb_1,SW202608030001,swap,2026-08-03,2026-10-05,EUR/USD,6193987.76,2
2026-10-01,bank_1,FW202608140001,forward,2026-08-14,2026-10-19,EUR/USD,2983548.95,1
2026-10-01,bank_4,FW202608250001,forward,2026-08-25,2026-11-27,GBP/USD,2451539.27,1
2026-10-01,fx_pb_1,SW202608260001,swap,2026-08-26,2027-03-01,EUR/GBP,2009380.51,2
2026-10-01,bank_3,FW202608260002,forward,2026-08-26,2026-11-30,GBP/USD,911725.14,1
2026-10-01,fx_pb_1,SW202608310001,swap,2026-08-31,2027-01-04,EUR/GBP,929928.41,2
2026-10-01,bank_1,SW202609030002,swap,2026-09-03,2026-12-08,GBP/USD,1390533.15,2
2026-10-01,bank_3,SW202609090001,swap,2026-09-09,2027-03-11,EUR/GBP,1404794.38,2
2026-10-01,bank_1,FW202609140001,forward,2026-09-14,2027-03-16,EUR/USD,1991013.11,1
2026-10-01,bank_2,FW202609210001,forward,2026-09-21,2026-10-23,EUR/GBP,1330622.65,1
2026-10-01,bank_3,SW202609220001,swap,2026-09-22,2027-02-24,EUR/USD,2463898.07,2
2026-10-01,bank_4,SW202609280001,swap,2026-09-28,2026-11-30,GBP/USD,1890039.87,2
2026-10-01,bank_2,SW202609300001,swap,2026-09-30,2026-10-02,GBP/USD,2061700.79,1
2026-10-01,bank_2,SW202609300001,swap,2026-09-30,2027-04-02,GBP/USD,2051326.58,2
2026-10-01,bank_4,SP202610010001,spot,2026-10-01,2026-10-05,EUR/USD,8441510.99,1
2026-10-02,bank_1,FW202604030001,forward,2026-04-03,2026-10-07,GBP/USD,691503.79,1
2026-10-02,bank_1,FW202604300001,forward,2026-04-30,2026-10-05,EUR/GBP,1180881.45,1
2026-10-02,bank_2,SW202605080001,swap,2026-05-08,2026-11-12,EUR/GBP,8461571.63,2
2026-10-02,bank_2,FW202605140001,forward,2026-05-14,2026-10-19,GBP/USD,2702262.2,1
2026-10-02,bank_4,SW202606030002,swap,2026-06-03,2026-11-05,GBP/USD,1628586.09,2
2026-10-02,bank_2,FW202606040001,forward,2026-06-04,2026-11-09,EUR/GBP,81358.65,1
2026-10-02,bank_3,FW202606120001,forward,2026-06-12,2026-11-16,GBP/USD,1116216.96,1
2026-10-02,bank_4,FW202606170001,forward,2026-06-17,2026-11-23,GBP/USD,2963611.9,1
2026-10-02,fx_pb_1,FW202606240002,forward,2026-06-24,2026-11-27,GBP/USD,8176020.28,1
2026-10-02,fx_pb_1,FW202606260001,forward,2026-06-26,2026-11-30,EUR/USD,1059214.58,1
2026-10-02,fx_pb_1,FW202606260002,forward,2026-06-26,2026-10-30,GBP/USD,2705562.26,1
2026-10-02,bank_4,SW202607020001,swap,2026-07-02,2026-12-07,EUR/GBP,1799562.18,2
2026-10-02,fx_pb_1,FW202607070001,forward,2026-07-07,2026-10-09,EUR/USD,1686584.92,1
2026-10-02,bank_3,SW202607100001,swap,2026-07-10,2026-10-14,GBP/USD,1560768.66,2
2026-10-02,fx_pb_1,FW202607130002,forward,2026-07-13,2026-10-15,EUR/GBP,7722182.34,1
2026-10-02,bank_4,SW202607140001,swap,2026-07-14,2026-12-16,EUR/USD,644563.31,2
2026-10-02,bank_1,SW202607140002,swap,2026-07-14,2026-11-16,EUR/GBP,1081540.17,2
2026-10-02,bank_1,FW202607210001,forward,2026-07-21,2026-10-23,GBP/USD,66810.56,1
2026-10-02,fx_pb_1,FW202607230001,forward,2026-07-23,2026-10-27,EUR/GBP,1666188.32,1
2026-10-02,fx_pb_1,SW202608030001,swap,2026-08-03,2026-10-05,EUR/USD,6193987.76,2
2026-10-02,bank_1,FW202608140001,forward,2026-08-14,2026-10-19,EUR/USD,2983548.95,1
2026-10-02,bank_4,FW202608250001,forward,2026-08-25,2026-11-27,GBP/USD,2451539.27,1
2026-10-02,fx_pb_1,SW202608260001,swap,2026-08-26,2027-03-01,EUR/GBP,2009380.51,2
2026-10-02,bank_3,FW202608260002,forward,2026-08-26,2026-11-30,GBP/USD,911725.14,1
2026-10-02,fx_pb_1,SW202608310001,swap,2026-08-31,2027-01-04,EUR/GBP,929928.41,2
2026-10-02,bank_1,SW202609030002,swap,2026-09-03,2026-12-08,GBP/USD,1390533.15,2
2026-10-02,bank_3,SW202609090001,swap,2026-09-09,2027-03-11,EUR/GBP,1404794.38,2
2026-10-02,bank_1,FW202609140001,forward,2026-09-14,2027-03-16,EUR/USD,1991013.11,1
2026-10-02,bank_2,FW202609210001,forward,2026-09-21,2026-10-23,EUR/GBP,1330622.65,1
2026-10-02,bank_3,SW202609220001,swap,2026-09-22,2027-02-24,EUR/USD,2463898.07,2
2026-10-02,bank_4,SW202609280001,swap,2026-09-28,2026-11-30,GBP/USD,1890039.87,2
2026-10-02,bank_2,SW202609300001,swap,2026-09-30,2027-04-02,GBP/USD,2051326.58,2
2026-10-02,bank_4,SP202610010001,spot,2026-10-01,2026-10-05,EUR/USD,8441510.99,1
2026-10-02,bank_1,FW202610020001,forward,2026-10-02,2027-03-08,EUR/GBP,2073136.03,1
2026-10-05,bank_1,FW202604030001,forward,2026-04-03,2026-10-07,GBP/USD,691503.79,1
2026-10-05,bank_2,SW202605080001,swap,2026-05-08,2026-11-12,EUR/GBP,8461571.63,2
2026-10-05,bank_2,FW202605140001,forward,2026-05-14,2026-10-19,GBP/USD,2702262.2,1
2026-10-05,bank_4,SW202606030002,swap,2026-06-03,2026-11-05,GBP/USD,1628586.09,2
2026-10-05,bank_2,FW202606040001,forward,2026-06-04,2026-11-09,EUR/GBP,81358.65,1
2026-10-05,bank_3,FW202606120001,forward,2026-06-12,2026-11-16,GBP/USD,1116216.96,1
2026-10-05,bank_4,FW202606170001,forward,2026-06-17,2026-11-23,GBP/USD,2963611.9,1
2026-10-05,fx_pb_1,FW202606240002,forward,2026-06-24,2026-11-27,GBP/USD,8176020.28,1
2026-10-05,fx_pb_1,FW202606260001,forward,2026-06-26,2026-11-30,EUR/USD,1059214.58,1
2026-10-05,fx_pb_1,FW202606260002,forward,2026-06-26,2026-10-30,GBP/USD,2705562.26,1
2026-10-05,bank_4,SW202607020001,swap,2026-07-02,2026-12-07,EUR/GBP,1799562.18,2
2026-10-05,fx_pb_1,FW202607070001,forward,2026-07-07,2026-10-09,EUR/USD,1686584.92,1
2026-10-05,bank_3,SW202607100001,swap,2026-07-10,2026-10-14,GBP/USD,1560768.66,2
2026-10-05,fx_pb_1,FW202607130002,forward,2026-07-13,2026-10-15,EUR/GBP,7722182.34,1
2026-10-05,bank_4,SW202607140001,swap,2026-07-14,2026-12-16,EUR/USD,644563.31,2
2026-10-05,bank_1,SW202607140002,swap,2026-07-14,2026-11-16,EUR/GBP,1081540.17,2
2026-10-05,bank_1,FW202607210001,forward,2026-07-21,2026-10-23,GBP/USD,66810.56,1
2026-10-05,fx_pb_1,FW202607230001,forward,2026-07-23,2026-10-27,EUR/GBP,1666188.32,1
2026-10-05,bank_1,FW202608140001,forward,2026-08-14,2026-10-19,EUR/USD,2983548.95,1
2026-10-05,bank_4,FW202608250001,forward,2026-08-25,2026-11-27,GBP/USD,2451539.27,1
2026-10-05,fx_pb_1,SW202608260001,swap,2026-08-26,2027-03-01,EUR/GBP,2009380.51,2
2026-10-05,bank_3,FW202608260002,forward,2026-08-26,2026-11-30,GBP/USD,911725.14,1
2026-10-05,fx_pb_1,SW202608310001,swap,2026-08-31,2027-01-04,EUR/GBP,929928.41,2
2026-10-05,bank_1,SW202609030002,swap,2026-09-03,2026-12-08,GBP/USD,1390533.15,2
2026-10-05,bank_3,SW202609090001,swap,2026-09-09,2027-03-11,EUR/GBP,1404794.38,2
2026-10-05,bank_1,FW202609140001,forward,2026-09-14,2027-03-16,EUR/USD,1991013.11,1
2026-10-05,bank_2,FW202609210001,forward,2026-09-21,2026-10-23,EUR/GBP,1330622.65,1
2026-10-05,bank_3,SW202609220001,swap,2026-09-22,2027-02-24,EUR/USD,2463898.07,2
2026-10-05,bank_4,SW202609280001,swap,2026-09-28,2026-11-30,GBP/USD,1890039.87,2
2026-10-05,bank_2,SW202609300001,swap,2026-09-30,2027-04-02,GBP/USD,2051326.58,2
2026-10-05,bank_1,FW202610020001,forward,2026-10-02,2027-03-08,EUR/GBP,2073136.03,1
2026-10-05,bank_4,SP202610050001,spot,2026-10-05,2026-10-07,GBP/USD,5250730.94,1
